<?xml version="1.0" encoding="utf-8"?>
<COLLADA xmlns="http://www.collada.org/2005/11/COLLADASchema" version="1.4.1">
	<asset>
		<contributor>
			<author>Datakit</author>
			<authoring_tool>CrossManager V.251</authoring_tool>
		</contributor>
		<created>2026-03-03T20:55:27Z</created>
		<modified>2026-03-03T20:55:27Z</modified>
		<unit meter="0.001000" name="millimeter"/>
		<up_axis>Z_UP</up_axis>
	</asset>
<library_geometries>
	<geometry id="Body0" name="Body0">
		<mesh>
			<source id="Body0-mesh-positions">
				<float_array id="Body0-mesh-positions-array" count="360">
22400 27600 9.45874e-11 
22400 16400 -100 
22400 16400 5.82077e-11 
22400 27600 -100 
24300 27600 9.45874e-11 
22400 27600 -100 
22400 27600 9.45874e-11 
24300 27600 -100 
24300 27600 -100 
24300 27600 9.45874e-11 
24300 21700 -100 
24300 21700 7.27596e-11 
24500 21700 7.27596e-11 
24300 21700 -100 
24300 21700 7.27596e-11 
24500 21700 -100 
24500 22100 6.54836e-11 
24500 21700 -100 
24500 21700 7.27596e-11 
24500 22100 -100 
27700 22100 7.27596e-11 
24500 22100 -100 
24500 22100 6.54836e-11 
27700 22100 -100 
27700 19100 7.27596e-11 
27700 22100 -100 
27700 22100 7.27596e-11 
27700 19100 -100 
27300 19100 6.54836e-11 
27700 19100 -100 
27700 19100 7.27596e-11 
27300 19100 -100 
27300 16700 5.82077e-11 
27300 19100 -100 
27300 19100 6.54836e-11 
27300 16700 -100 
24500 16700 5.82077e-11 
27300 16700 -100 
27300 16700 5.82077e-11 
24500 16700 -100 
24500 17000 5.82077e-11 
24500 16700 -100 
24500 16700 5.82077e-11 
24500 17000 -100 
24300 17000 5.82077e-11 
24500 17000 -100 
24500 17000 5.82077e-11 
24300 17000 -100 
24300 -5600 -2.18279e-11 
24300 17000 -100 
24300 17000 5.82077e-11 
24300 -5600 -100 
22400 -5600 -2.18279e-11 
24300 -5600 -100 
24300 -5600 -2.18279e-11 
22400 -5600 -100 
22400 -1.07565e-12 0 
22400 -5600 -100 
22400 -5600 -2.18279e-11 
22400 1.82995e-13 -100 
21300 -1.16091e-12 0 
22400 1.82995e-13 -100 
22400 -1.07565e-12 0 
21300 -8.11765e-13 -100 
21300 10900 3.63798e-11 
21300 -8.11765e-13 -100 
21300 -1.16091e-12 0 
21300 10900 -100 
22300 10900 3.63798e-11 
21300 10900 -100 
21300 10900 3.63798e-11 
22300 10900 -100 
22300 16400 5.82077e-11 
22300 10900 -100 
22300 10900 3.63798e-11 
22300 16400 -100 
22400 16400 5.82077e-11 
22300 16400 -100 
22300 16400 5.82077e-11 
22400 16400 -100 
21300 10900 3.63798e-11 
21300 -1.16091e-12 0 
22300 10900 3.63798e-11 
27300 19100 6.54836e-11 
24500 22100 6.54836e-11 
24500 21700 7.27596e-11 
22400 27600 9.45874e-11 
24300 21700 7.27596e-11 
24300 27600 9.45874e-11 
24300 17000 5.82077e-11 
24500 17000 5.82077e-11 
27700 22100 7.27596e-11 
27700 19100 7.27596e-11 
24500 16700 5.82077e-11 
27300 16700 5.82077e-11 
24300 -5600 -2.18279e-11 
22400 -1.07565e-12 0 
22400 -5600 -2.18279e-11 
22400 16400 5.82077e-11 
22300 16400 5.82077e-11 
24300 17000 -100 
22300 10900 -100 
22400 16400 -100 
24300 -5600 -100 
22400 1.82995e-13 -100 
24500 17000 -100 
24500 21700 -100 
22300 16400 -100 
21300 -8.11765e-13 -100 
21300 10900 -100 
22400 -5600 -100 
27300 16700 -100 
27300 19100 -100 
24500 22100 -100 
27700 22100 -100 
24500 16700 -100 
27700 19100 -100 
24300 21700 -100 
22400 27600 -100 
24300 27600 -100 
</float_array>
				<technique_common>
					<accessor source="#Body0-mesh-positions-array" count="120" stride="3">
						<param name="X" type="float"/>
						<param name="Y" type="float"/>
						<param name="Z" type="float"/>
					</accessor>
				</technique_common>
			</source>
			<source id="Body0-mesh-normals">
				<float_array id="Body0-mesh-normals-array" count="360">
-1 -0 0 
-1 -0 0 
-1 -0 0 
-1 -0 0 
0 1 3.49148e-15 
0 1 3.49148e-15 
0 1 3.49148e-15 
0 1 3.49148e-15 
1 0 -0 
1 0 -0 
1 0 -0 
1 0 -0 
0 1 3.49148e-15 
0 1 3.49148e-15 
0 1 3.49148e-15 
0 1 3.49148e-15 
-1 -0 0 
-1 -0 0 
-1 -0 0 
-1 -0 0 
0 1 3.49148e-15 
0 1 3.49148e-15 
0 1 3.49148e-15 
0 1 3.49148e-15 
1 0 -0 
1 0 -0 
1 0 -0 
1 0 -0 
0 -1 -3.49148e-15 
0 -1 -3.49148e-15 
0 -1 -3.49148e-15 
0 -1 -3.49148e-15 
1 1.4803e-15 5.16843e-30 
1 1.4803e-15 5.16843e-30 
1 1.4803e-15 5.16843e-30 
1 1.4803e-15 5.16843e-30 
0 -1 -3.49148e-15 
0 -1 -3.49148e-15 
0 -1 -3.49148e-15 
0 -1 -3.49148e-15 
-1 -0 0 
-1 -0 0 
-1 -0 0 
-1 -0 0 
0 -1 -3.49148e-15 
0 -1 -3.49148e-15 
0 -1 -3.49148e-15 
0 -1 -3.49148e-15 
1 0 -0 
1 0 -0 
1 0 -0 
1 0 -0 
-1.89907e-16 -1 -3.49148e-15 
-1.89907e-16 -1 -3.49148e-15 
-1.89907e-16 -1 -3.49148e-15 
-1.89907e-16 -1 -3.49148e-15 
-1 -0 0 
-1 -0 0 
-1 -0 0 
-1 -0 0 
0 -1 -3.49148e-15 
0 -1 -3.49148e-15 
0 -1 -3.49148e-15 
0 -1 -3.49148e-15 
-1 -0 0 
-1 -0 0 
-1 -0 0 
-1 -0 0 
7.10543e-15 1 3.49148e-15 
7.10543e-15 1 3.49148e-15 
7.10543e-15 1 3.49148e-15 
7.10543e-15 1 3.49148e-15 
-1 -0 0 
-1 -0 0 
-1 -0 0 
-1 -0 0 
0 1 3.49148e-15 
0 1 3.49148e-15 
0 1 3.49148e-15 
0 1 3.49148e-15 
-0 -3.49148e-15 1 
-0 -3.49148e-15 1 
-0 -3.49148e-15 1 
-0 -3.49148e-15 1 
-0 -3.49148e-15 1 
-0 -3.49148e-15 1 
-0 -3.49148e-15 1 
-0 -3.49148e-15 1 
-0 -3.49148e-15 1 
-0 -3.49148e-15 1 
-0 -3.49148e-15 1 
-0 -3.49148e-15 1 
-0 -3.49148e-15 1 
-0 -3.49148e-15 1 
-0 -3.49148e-15 1 
-0 -3.49148e-15 1 
-0 -3.49148e-15 1 
-0 -3.49148e-15 1 
-0 -3.49148e-15 1 
-0 -3.49148e-15 1 
-0 3.49148e-15 -1 
-0 3.49148e-15 -1 
-0 3.49148e-15 -1 
-0 3.49148e-15 -1 
-0 3.49148e-15 -1 
-0 3.49148e-15 -1 
-0 3.49148e-15 -1 
-0 3.49148e-15 -1 
-0 3.49148e-15 -1 
-0 3.49148e-15 -1 
-0 3.49148e-15 -1 
-0 3.49148e-15 -1 
-0 3.49148e-15 -1 
-0 3.49148e-15 -1 
-0 3.49148e-15 -1 
-0 3.49148e-15 -1 
-0 3.49148e-15 -1 
-0 3.49148e-15 -1 
-0 3.49148e-15 -1 
-0 3.49148e-15 -1 
</float_array>
				<technique_common>
					<accessor source="#Body0-mesh-normals-array" count="120" stride="3">
						<param name="X" type="float"/>
						<param name="Y" type="float"/>
						<param name="Z" type="float"/>
					</accessor>
				</technique_common>
			</source>
			<vertices id="Body0-mesh-vertices">
				<input semantic="POSITION" source="#Body0-mesh-positions"/>
			</vertices>
			<triangles count="2" material="Material0">
				<input semantic="VERTEX" source="#Body0-mesh-vertices" offset="0"/>
				<input semantic="NORMAL" source="#Body0-mesh-normals" offset="1"/>
				<p>
0 0 1 1 2 2 
1 1 0 0 3 3 
</p>
			</triangles>
			<triangles count="2" material="Material1">
				<input semantic="VERTEX" source="#Body0-mesh-vertices" offset="0"/>
				<input semantic="NORMAL" source="#Body0-mesh-normals" offset="1"/>
				<p>
4 4 5 5 6 6 
5 5 4 4 7 7 
</p>
			</triangles>
			<triangles count="2" material="Material2">
				<input semantic="VERTEX" source="#Body0-mesh-vertices" offset="0"/>
				<input semantic="NORMAL" source="#Body0-mesh-normals" offset="1"/>
				<p>
8 8 9 9 10 10 
10 10 9 9 11 11 
</p>
			</triangles>
			<triangles count="2" material="Material3">
				<input semantic="VERTEX" source="#Body0-mesh-vertices" offset="0"/>
				<input semantic="NORMAL" source="#Body0-mesh-normals" offset="1"/>
				<p>
12 12 13 13 14 14 
13 13 12 12 15 15 
</p>
			</triangles>
			<triangles count="2" material="Material4">
				<input semantic="VERTEX" source="#Body0-mesh-vertices" offset="0"/>
				<input semantic="NORMAL" source="#Body0-mesh-normals" offset="1"/>
				<p>
16 16 17 17 18 18 
17 17 16 16 19 19 
</p>
			</triangles>
			<triangles count="2" material="Material5">
				<input semantic="VERTEX" source="#Body0-mesh-vertices" offset="0"/>
				<input semantic="NORMAL" source="#Body0-mesh-normals" offset="1"/>
				<p>
20 20 21 21 22 22 
21 21 20 20 23 23 
</p>
			</triangles>
			<triangles count="2" material="Material6">
				<input semantic="VERTEX" source="#Body0-mesh-vertices" offset="0"/>
				<input semantic="NORMAL" source="#Body0-mesh-normals" offset="1"/>
				<p>
24 24 25 25 26 26 
25 25 24 24 27 27 
</p>
			</triangles>
			<triangles count="2" material="Material7">
				<input semantic="VERTEX" source="#Body0-mesh-vertices" offset="0"/>
				<input semantic="NORMAL" source="#Body0-mesh-normals" offset="1"/>
				<p>
28 28 29 29 30 30 
29 29 28 28 31 31 
</p>
			</triangles>
			<triangles count="2" material="Material8">
				<input semantic="VERTEX" source="#Body0-mesh-vertices" offset="0"/>
				<input semantic="NORMAL" source="#Body0-mesh-normals" offset="1"/>
				<p>
32 32 33 33 34 34 
33 33 32 32 35 35 
</p>
			</triangles>
			<triangles count="2" material="Material9">
				<input semantic="VERTEX" source="#Body0-mesh-vertices" offset="0"/>
				<input semantic="NORMAL" source="#Body0-mesh-normals" offset="1"/>
				<p>
36 36 37 37 38 38 
37 37 36 36 39 39 
</p>
			</triangles>
			<triangles count="2" material="Material10">
				<input semantic="VERTEX" source="#Body0-mesh-vertices" offset="0"/>
				<input semantic="NORMAL" source="#Body0-mesh-normals" offset="1"/>
				<p>
40 40 41 41 42 42 
41 41 40 40 43 43 
</p>
			</triangles>
			<triangles count="2" material="Material11">
				<input semantic="VERTEX" source="#Body0-mesh-vertices" offset="0"/>
				<input semantic="NORMAL" source="#Body0-mesh-normals" offset="1"/>
				<p>
44 44 45 45 46 46 
45 45 44 44 47 47 
</p>
			</triangles>
			<triangles count="2" material="Material12">
				<input semantic="VERTEX" source="#Body0-mesh-vertices" offset="0"/>
				<input semantic="NORMAL" source="#Body0-mesh-normals" offset="1"/>
				<p>
48 48 49 49 50 50 
49 49 48 48 51 51 
</p>
			</triangles>
			<triangles count="2" material="Material13">
				<input semantic="VERTEX" source="#Body0-mesh-vertices" offset="0"/>
				<input semantic="NORMAL" source="#Body0-mesh-normals" offset="1"/>
				<p>
52 52 53 53 54 54 
53 53 52 52 55 55 
</p>
			</triangles>
			<triangles count="2" material="Material14">
				<input semantic="VERTEX" source="#Body0-mesh-vertices" offset="0"/>
				<input semantic="NORMAL" source="#Body0-mesh-normals" offset="1"/>
				<p>
56 56 57 57 58 58 
57 57 56 56 59 59 
</p>
			</triangles>
			<triangles count="2" material="Material15">
				<input semantic="VERTEX" source="#Body0-mesh-vertices" offset="0"/>
				<input semantic="NORMAL" source="#Body0-mesh-normals" offset="1"/>
				<p>
60 60 61 61 62 62 
61 61 60 60 63 63 
</p>
			</triangles>
			<triangles count="2" material="Material16">
				<input semantic="VERTEX" source="#Body0-mesh-vertices" offset="0"/>
				<input semantic="NORMAL" source="#Body0-mesh-normals" offset="1"/>
				<p>
64 64 65 65 66 66 
65 65 64 64 67 67 
</p>
			</triangles>
			<triangles count="2" material="Material17">
				<input semantic="VERTEX" source="#Body0-mesh-vertices" offset="0"/>
				<input semantic="NORMAL" source="#Body0-mesh-normals" offset="1"/>
				<p>
68 68 69 69 70 70 
69 69 68 68 71 71 
</p>
			</triangles>
			<triangles count="2" material="Material18">
				<input semantic="VERTEX" source="#Body0-mesh-vertices" offset="0"/>
				<input semantic="NORMAL" source="#Body0-mesh-normals" offset="1"/>
				<p>
72 72 73 73 74 74 
73 73 72 72 75 75 
</p>
			</triangles>
			<triangles count="2" material="Material19">
				<input semantic="VERTEX" source="#Body0-mesh-vertices" offset="0"/>
				<input semantic="NORMAL" source="#Body0-mesh-normals" offset="1"/>
				<p>
76 76 77 77 78 78 
77 77 76 76 79 79 
</p>
			</triangles>
			<triangles count="18" material="Material20">
				<input semantic="VERTEX" source="#Body0-mesh-vertices" offset="0"/>
				<input semantic="NORMAL" source="#Body0-mesh-normals" offset="1"/>
				<p>
80 80 81 81 82 82 
83 83 84 84 85 85 
86 86 87 87 88 88 
89 89 90 90 87 87 
91 91 83 83 92 92 
83 83 91 91 84 84 
90 90 83 83 85 85 
93 93 94 94 90 90 
85 85 87 87 90 90 
94 94 83 83 90 90 
95 95 96 96 97 97 
87 87 98 98 89 89 
95 95 89 89 96 96 
89 89 82 82 96 96 
81 81 96 96 82 82 
86 86 98 98 87 87 
89 89 98 98 82 82 
82 82 98 98 99 99 
</p>
			</triangles>
			<triangles count="18" material="Material21">
				<input semantic="VERTEX" source="#Body0-mesh-vertices" offset="0"/>
				<input semantic="NORMAL" source="#Body0-mesh-normals" offset="1"/>
				<p>
100 100 101 101 102 102 
100 100 103 103 104 104 
105 105 100 100 106 106 
107 107 102 102 101 101 
108 108 109 109 101 101 
101 101 104 104 108 108 
104 104 101 101 100 100 
104 104 103 103 110 110 
111 111 105 105 112 112 
112 112 113 113 114 114 
106 106 112 112 105 105 
111 111 115 115 105 105 
116 116 112 112 114 114 
106 106 100 100 117 117 
102 102 117 117 100 100 
112 112 106 106 113 113 
118 118 117 117 102 102 
119 119 117 117 118 118 
</p>
			</triangles>
		</mesh>
	</geometry>
	<geometry id="Body1" name="Body1">
		<mesh>
			<source id="Body1-mesh-positions">
				<float_array id="Body1-mesh-positions-array" count="72">
22700 5700 2500 
22100 5100 2500 
22700 5100 2500 
22100 5700 2500 
22100 5700 2500 
22700 5700 2500 
22700 5700 1.77351e-11 
22100 5700 1.77351e-11 
22700 5700 2500 
22700 5100 2500 
22700 5100 1.77351e-11 
22700 5700 1.77351e-11 
22700 5100 2500 
22100 5100 2500 
22100 5100 1.77351e-11 
22700 5100 1.77351e-11 
22100 5100 2500 
22100 5700 2500 
22100 5700 1.77351e-11 
22100 5100 1.77351e-11 
22700 5100 1.77351e-11 
22100 5700 1.77351e-11 
22700 5700 1.77351e-11 
22100 5100 1.77351e-11 
</float_array>
				<technique_common>
					<accessor source="#Body1-mesh-positions-array" count="24" stride="3">
						<param name="X" type="float"/>
						<param name="Y" type="float"/>
						<param name="Z" type="float"/>
					</accessor>
				</technique_common>
			</source>
			<source id="Body1-mesh-normals">
				<float_array id="Body1-mesh-normals-array" count="72">
0 -3.49148e-15 1 
0 -3.49148e-15 1 
0 -3.49148e-15 1 
0 -3.49148e-15 1 
-0 1 3.49148e-15 
-0 1 3.49148e-15 
-0 1 3.49148e-15 
-0 1 3.49148e-15 
1 0 -0 
1 0 -0 
1 0 -0 
1 0 -0 
-0 -1 -3.49148e-15 
-0 -1 -3.49148e-15 
-0 -1 -3.49148e-15 
-0 -1 -3.49148e-15 
-1 -0 0 
-1 -0 0 
-1 -0 0 
-1 -0 0 
0 3.49148e-15 -1 
0 3.49148e-15 -1 
0 3.49148e-15 -1 
0 3.49148e-15 -1 
</float_array>
				<technique_common>
					<accessor source="#Body1-mesh-normals-array" count="24" stride="3">
						<param name="X" type="float"/>
						<param name="Y" type="float"/>
						<param name="Z" type="float"/>
					</accessor>
				</technique_common>
			</source>
			<vertices id="Body1-mesh-vertices">
				<input semantic="POSITION" source="#Body1-mesh-positions"/>
			</vertices>
			<triangles count="2" material="Material22">
				<input semantic="VERTEX" source="#Body1-mesh-vertices" offset="0"/>
				<input semantic="NORMAL" source="#Body1-mesh-normals" offset="1"/>
				<p>
0 0 1 1 2 2 
1 1 0 0 3 3 
</p>
			</triangles>
			<triangles count="2" material="Material23">
				<input semantic="VERTEX" source="#Body1-mesh-vertices" offset="0"/>
				<input semantic="NORMAL" source="#Body1-mesh-normals" offset="1"/>
				<p>
4 4 5 5 6 6 
6 6 7 7 4 4 
</p>
			</triangles>
			<triangles count="2" material="Material24">
				<input semantic="VERTEX" source="#Body1-mesh-vertices" offset="0"/>
				<input semantic="NORMAL" source="#Body1-mesh-normals" offset="1"/>
				<p>
8 8 9 9 10 10 
10 10 11 11 8 8 
</p>
			</triangles>
			<triangles count="2" material="Material25">
				<input semantic="VERTEX" source="#Body1-mesh-vertices" offset="0"/>
				<input semantic="NORMAL" source="#Body1-mesh-normals" offset="1"/>
				<p>
12 12 13 13 14 14 
14 14 15 15 12 12 
</p>
			</triangles>
			<triangles count="2" material="Material26">
				<input semantic="VERTEX" source="#Body1-mesh-vertices" offset="0"/>
				<input semantic="NORMAL" source="#Body1-mesh-normals" offset="1"/>
				<p>
16 16 17 17 18 18 
18 18 19 19 16 16 
</p>
			</triangles>
			<triangles count="2" material="Material27">
				<input semantic="VERTEX" source="#Body1-mesh-vertices" offset="0"/>
				<input semantic="NORMAL" source="#Body1-mesh-normals" offset="1"/>
				<p>
20 20 21 21 22 22 
21 21 20 20 23 23 
</p>
			</triangles>
		</mesh>
	</geometry>
	<geometry id="Body2" name="Body2">
		<mesh>
			<source id="Body2-mesh-positions">
				<float_array id="Body2-mesh-positions-array" count="5211">
26200 22100 7.6096e-11 
27300 22100 7.6096e-11 
27300 22300 7.67943e-11 
26200 22300 7.67943e-11 
24600 22100 7.6096e-11 
26100 22100 7.6096e-11 
26100 22300 7.67943e-11 
24600 22300 7.67943e-11 
26100 16700 5.7242e-11 
24600 16500 5.65438e-11 
26100 16500 5.65438e-11 
24600 16700 5.7242e-11 
27300 16700 5.7242e-11 
37900 16700 5.7242e-11 
34000 18900 6.49233e-11 
38800 16700 5.7242e-11 
37900 16500 5.65438e-11 
44300 16500 5.65438e-11 
44400 11200 3.80389e-11 
44400 16500 5.65438e-11 
38800 16500 5.65438e-11 
38900 11200 3.80389e-11 
38900 16500 5.65438e-11 
33600 19100 6.56216e-11 
34000 19100 6.56216e-11 
33600 27600 9.52992e-11 
33500 11200 3.80389e-11 
33500 16500 5.65438e-11 
41200 16700 5.7242e-11 
41300 16700 5.7242e-11 
39300 21850 7.52232e-11 
40000 16700 5.7242e-11 
40100 16700 5.7242e-11 
38700 22450 7.73181e-11 
44400 27600 9.52992e-11 
39200 16500 5.65438e-11 
39100 16500 5.65438e-11 
39100 11200 3.80389e-11 
39300 22450 7.73181e-11 
44300 16700 5.7242e-11 
44400 16700 5.7242e-11 
40100 16500 5.65438e-11 
41300 16500 5.65438e-11 
38700 21850 7.52232e-11 
39200 16700 5.7242e-11 
31000 18900 6.49233e-11 
31000 19100 6.56216e-11 
30100 18900 6.49233e-11 
31600 19300 6.63199e-11 
31600 20000 6.87639e-11 
31400 19300 6.63199e-11 
29900 20100 6.91131e-11 
29900 20000 6.87639e-11 
30600 20100 6.91131e-11 
31400 20000 6.87639e-11 
31400 19100 6.56216e-11 
33400 19100 6.56216e-11 
31600 19100 6.56216e-11 
33400 22100 7.6096e-11 
31600 22100 7.6096e-11 
31400 20100 6.91131e-11 
31300 20100 6.91131e-11 
31300 20300 6.98114e-11 
31400 22100 7.6096e-11 
30600 20300 6.98114e-11 
31400 20300 6.98114e-11 
29900 22100 7.6096e-11 
29900 20300 6.98114e-11 
29700 19300 6.63199e-11 
29900 19300 6.63199e-11 
30100 19100 6.56216e-11 
29700 20000 6.87639e-11 
27900 22100 7.6096e-11 
27900 19100 6.56216e-11 
29700 22100 7.6096e-11 
27300 18900 6.49233e-11 
29900 19100 6.56216e-11 
29700 19100 6.56216e-11 
40000 16500 5.65438e-11 
41200 16500 5.65438e-11 
27300 16700 5.7242e-11 
26200 16500 5.65438e-11 
27300 16500 5.65438e-11 
26200 16700 5.7242e-11 
24500 -4400 -1.64282e-11 
24300 -5500 -2.02688e-11 
24500 -5500 -2.02688e-11 
27600 -3100 -1.18893e-11 
24500 -4300 -1.60791e-11 
27600 -5600 -2.0618e-11 
24500 -5600 -2.0618e-11 
24500 -3200 -1.22384e-11 
24500 -3100 -1.18893e-11 
24300 -4300 -1.60791e-11 
24300 -3200 -1.22384e-11 
24300 -4400 -1.64282e-11 
24500 -1600 -6.65206e-12 
24300 -2800 -1.08418e-11 
24500 -2800 -1.08418e-11 
27600 -300 -2.11313e-12 
24500 -1500 -6.30291e-12 
27600 -2900 -1.1191e-11 
24500 -2900 -1.1191e-11 
24500 -400 -2.46228e-12 
24500 -300 -2.11313e-12 
24300 -1500 -6.30291e-12 
24300 -400 -2.46228e-12 
24300 -1600 -6.65206e-12 
24500 1200 3.12409e-12 
24300 -3.63798e-12 -1.06569e-12 
24500 -3.63798e-12 -1.06569e-12 
27600 2500 7.66301e-12 
24500 1300 3.47324e-12 
27600 -100 -1.41484e-12 
24500 -100 -1.41484e-12 
24500 2400 7.31386e-12 
24500 2500 7.66301e-12 
24300 1300 3.47324e-12 
24300 2400 7.31386e-12 
24300 1200 3.12409e-12 
24500 4000 1.29002e-11 
24300 2800 8.71046e-12 
24500 2800 8.71046e-12 
27600 5300 1.74392e-11 
24500 4100 1.32494e-11 
27600 2700 8.36131e-12 
24500 2700 8.36131e-12 
24500 5200 1.709e-11 
24500 5300 1.74392e-11 
24300 4100 1.32494e-11 
24300 5200 1.709e-11 
24300 4000 1.29002e-11 
24500 6800 2.26764e-11 
24300 5600 1.84866e-11 
24500 5600 1.84866e-11 
27600 8100 2.72153e-11 
24500 6900 2.30255e-11 
27600 5500 1.81375e-11 
24500 5500 1.81375e-11 
24500 8000 2.68662e-11 
24500 8100 2.72153e-11 
24300 6900 2.30255e-11 
24300 8000 2.68662e-11 
24300 6800 2.26764e-11 
24500 9500 3.21034e-11 
24300 8400 2.82628e-11 
24500 8400 2.82628e-11 
27600 10900 3.69915e-11 
24500 10800 3.66423e-11 
24500 9600 3.24525e-11 
27600 8300 2.79136e-11 
24500 8300 2.79136e-11 
24500 10900 3.69915e-11 
24300 9600 3.24525e-11 
24300 9500 3.21034e-11 
24300 10800 3.66423e-11 
22100 16400 5.61946e-11 
13900 16400 5.61946e-11 
17100 11100 3.76898e-11 
13900 11100 3.76898e-11 
21400 10900 3.69915e-11 
22000 10900 3.69915e-11 
22000 11100 3.76898e-11 
21300 11100 3.76898e-11 
21400 11100 3.76898e-11 
22100 11100 3.76898e-11 
5700 11100 3.76898e-11 
5600 16400 5.61946e-11 
5600 11100 3.76898e-11 
10600 11100 3.76898e-11 
13700 16400 5.61946e-11 
5300 5700 1.88358e-11 
5900 5700 1.88358e-11 
5600 10800 3.66423e-11 
20100 10900 3.69915e-11 
17100 5700 1.88358e-11 
20200 10900 3.69915e-11 
17100 10900 3.69915e-11 
20100 11100 3.76898e-11 
16500 5700 1.88358e-11 
13700 11100 3.76898e-11 
6400 10900 3.69915e-11 
7500 11100 3.76898e-11 
6400 11100 3.76898e-11 
5700 10900 3.69915e-11 
6300 11100 3.76898e-11 
5600 10900 3.69915e-11 
7500 10900 3.69915e-11 
7600 10900 3.69915e-11 
0 0 -1.06569e-12 
5300 5100 1.67409e-11 
7.10543e-13 10800 3.66423e-11 
17100 5100 1.67409e-11 
16500 5100 1.67409e-11 
21300 0 -1.06569e-12 
21300 10900 3.69915e-11 
10600 10900 3.69915e-11 
10900 5700 1.88358e-11 
11500 5700 1.88358e-11 
11500 5100 1.67409e-11 
10900 5100 1.67409e-11 
5900 5100 1.67409e-11 
20200 11100 3.76898e-11 
7600 11100 3.76898e-11 
6300 10900 3.69915e-11 
27600 11200 3.80389e-11 
24500 11100 3.76898e-11 
27600 11100 3.76898e-11 
24500 11200 3.80389e-11 
38700 21850 2500 
38700 22450 2500 
38700 22450 7.73181e-11 
38700 21850 7.52232e-11 
39300 21850 2500 
38700 21850 2500 
38700 21850 7.52232e-11 
39300 21850 7.52232e-11 
39300 22450 2500 
39300 21850 2500 
39300 21850 7.52232e-11 
39300 22450 7.73181e-11 
38700 22450 2500 
39300 22450 2500 
39300 22450 7.73181e-11 
38700 22450 7.73181e-11 
39300 22450 2500 
38700 21850 2500 
39300 21850 2500 
38700 22450 2500 
31400 20000 2130 
31400 20100 6.91131e-11 
31400 20000 6.87639e-11 
31400 20100 2500 
31400 19300 2130 
31400 19100 2500 
31400 19100 6.56216e-11 
31400 19300 6.63199e-11 
31600 19100 2500 
31600 20000 2130 
31600 22100 2500 
31600 19300 2130 
31600 19100 6.56216e-11 
31600 22100 7.6096e-11 
31600 20000 6.87639e-11 
31600 19300 6.63199e-11 
39100 16500 2500 
44400 16700 2500 
38900 16500 2500 
5600 10900 2500 
13900 11100 2500 
13700 11100 2500 
33500 16500 2500 
24500 16700 2500 
0 -1.00044e-11 2500 
9.09495e-13 10800 2500 
-400 -400 2500 
28000 -6000 2500 
28000 10800 2500 
27600 2500 2500 
27600 -2900 2500 
27600 -3100 2500 
29900 22100 2500 
33400 22300 2500 
29700 22100 2500 
24500 -100 2500 
24500 2500 2500 
24300 -5600 2500 
13700 16400 2500 
13900 16400 2500 
22000 16800 2500 
33300 11200 2500 
27600 11200 2500 
5200 16800 2500 
24500 2700 2500 
24500 5300 2500 
5600 16400 2500 
5200 11200 2500 
5600 11100 2500 
22100 16400 2500 
27600 -300 2500 
27600 -100 2500 
24500 -300 2500 
24500 -5600 2500 
27600 -5600 2500 
33500 11200 2500 
24500 5500 2500 
24500 8100 2500 
24300 17000 2500 
27600 2700 2500 
27600 5500 2500 
27600 5300 2500 
27600 8100 2500 
22300 10900 2500 
27600 8300 2500 
24500 8300 2500 
24500 10900 2500 
27600 10900 2500 
27600 11100 2500 
24500 11100 2500 
44800 10800 2500 
38900 11200 2500 
44800 28000 2500 
44400 11200 2500 
44400 16500 2500 
31400 22100 2500 
24500 22100 2500 
24300 21700 2500 
24500 21700 2500 
22300 16400 2500 
24500 22300 2500 
27900 22100 2500 
31400 20300 2500 
31600 19100 2500 
31600 22100 2500 
27900 19100 2500 
27300 18900 2500 
30100 18900 2500 
29700 19100 2500 
29900 20300 2500 
33400 22100 2500 
29900 19100 2500 
30100 19100 2500 
29900 20100 2500 
31400 20100 2500 
22000 28000 2500 
24500 27600 2500 
33400 27600 2500 
33600 19100 2500 
31000 18900 2500 
33400 19100 2500 
22400 16400 2500 
22400 27600 2500 
24300 27600 2500 
33600 27600 2500 
-400 11200 2500 
22400 -9.09495e-12 2500 
22000 -400 2500 
39100 11200 2500 
33300 16500 2500 
22100 11100 2500 
24500 -2900 2500 
24500 -3100 2500 
22000 -6000 2500 
5600 10800 2500 
27700 19100 2500 
24500 16500 2500 
27700 22100 2500 
27300 19100 2500 
31400 19100 2500 
31000 19100 2500 
44400 27600 2500 
34000 18900 2500 
34000 19100 2500 
24500 17000 2500 
22400 -5600 2500 
9.09495e-13 10800 2500 
5600 10800 3.66423e-11 
5600 10800 2500 
7.10543e-13 10800 3.66423e-11 
0 -1.00044e-11 2500 
7.10543e-13 10800 3.66423e-11 
9.09495e-13 10800 2500 
0 0 -1.06569e-12 
16300 -3.27655e-13 50 
16900 -8.70721e-12 2450 
16900 -3.27655e-13 50 
21300 0 -1.06569e-12 
0 0 -1.06569e-12 
10700 -3.27655e-13 50 
22400 1.96067e-13 -100 
21300 1.96067e-13 -100 
21900 -3.27655e-13 50 
22400 -9.09495e-12 2500 
16300 -8.70721e-12 2450 
21900 -8.70721e-12 2450 
11300 -8.70721e-12 2450 
11300 -3.27655e-13 50 
0 -1.00044e-11 2500 
5100 -3.27655e-13 50 
5700 -8.70721e-12 2450 
5700 -3.27655e-13 50 
10700 -8.70721e-12 2450 
100 -8.70721e-12 2450 
5100 -8.70721e-12 2450 
100 -3.27655e-13 50 
22400 -5600 2500 
22400 1.96067e-13 -100 
22400 -9.09495e-12 2500 
22400 -5600 -100 
24300 -5600 2500 
22400 -5600 -100 
22400 -5600 2500 
24300 -5600 -100 
24300 -5600 -100 
24300 -5600 2500 
24300 -5500 2100 
24300 -5500 -2.02688e-11 
24300 -4400 -1.64282e-11 
24300 -4400 2100 
24300 -4300 2100 
24300 -4300 -1.60791e-11 
24300 17000 2500 
24300 5600 2100 
24300 -3200 2100 
24300 -3200 -1.22384e-11 
24300 -2800 -1.08418e-11 
24300 -2800 2100 
24300 -1600 2100 
24300 -1600 -6.65206e-12 
24300 -1500 -6.30291e-12 
24300 -1500 2100 
24300 -400 2100 
24300 -400 -2.46228e-12 
24300 -3.63798e-12 -1.06569e-12 
24300 -9.51734e-12 2100 
24300 1200 2100 
24300 1200 3.12409e-12 
24300 1300 3.47324e-12 
24300 1300 2100 
24300 2400 2100 
24300 2400 7.31386e-12 
24300 2800 8.71046e-12 
24300 2800 2100 
24300 4000 2100 
24300 4000 1.29002e-11 
24300 4100 1.32494e-11 
24300 4100 2100 
24300 5200 2100 
24300 5200 1.709e-11 
24300 5600 1.84866e-11 
24300 6800 2100 
24300 17000 -100 
24300 6800 2.26764e-11 
24300 6900 2100 
24300 6900 2.30255e-11 
24300 8000 2100 
24300 8000 2.68662e-11 
24300 8400 2100 
24300 8400 2.82628e-11 
24300 9500 2100 
24300 9500 3.21034e-11 
24300 9600 2100 
24300 9600 3.24525e-11 
24300 10800 2100 
24300 10800 3.66423e-11 
24500 17000 2500 
24300 17000 -100 
24300 17000 2500 
24500 17000 -100 
24500 16700 2500 
24500 17000 -100 
24500 17000 2500 
24500 16700 -100 
41200 16700 2100 
44400 16700 2500 
41300 16700 2100 
26100 16700 2100 
24600 16700 2100 
24500 16700 2500 
26200 16700 5.7242e-11 
27300 16700 5.7242e-11 
27300 16700 -100 
26100 16700 5.7242e-11 
24500 16700 -100 
44400 16700 5.7242e-11 
44300 16700 5.7242e-11 
44300 16700 2100 
37900 16700 2100 
37900 16700 5.7242e-11 
27300 16700 2100 
26200 16700 2100 
41300 16700 5.7242e-11 
41200 16700 5.7242e-11 
40100 16700 2100 
40000 16700 2100 
40100 16700 5.7242e-11 
40000 16700 5.7242e-11 
39200 16700 2100 
38800 16700 2100 
39200 16700 5.7242e-11 
38800 16700 5.7242e-11 
24600 16700 5.7242e-11 
44400 27600 2500 
44400 16700 5.7242e-11 
44400 16700 2500 
44400 27600 9.52992e-11 
44400 27600 2500 
33600 27600 2500 
38800 27600 2450 
33700 27600 50 
33600 27600 9.52992e-11 
44400 27600 9.52992e-11 
39400 27600 50 
38800 27600 50 
39400 27600 2450 
44300 27600 2450 
33700 27600 2450 
44300 27600 50 
33600 19100 2500 
33600 27600 9.52992e-11 
33600 27600 2500 
33600 19100 6.56216e-11 
34000 19100 2500 
33600 19100 6.56216e-11 
33600 19100 2500 
34000 19100 6.56216e-11 
34000 18900 2500 
34000 19100 6.56216e-11 
34000 19100 2500 
34000 18900 6.49233e-11 
31000 18900 2500 
34000 18900 6.49233e-11 
34000 18900 2500 
31000 18900 6.49233e-11 
31000 19100 2500 
31000 18900 6.49233e-11 
31000 18900 2500 
31000 19100 6.56216e-11 
31400 19100 2500 
31000 19100 6.56216e-11 
31000 19100 2500 
31400 19100 6.56216e-11 
29900 20100 2500 
30600 20100 2130 
31400 20100 2500 
31300 20100 2130 
31400 20100 6.91131e-11 
29900 20100 6.91131e-11 
30600 20100 6.91131e-11 
31300 20100 6.91131e-11 
29900 19100 2500 
29900 19300 2130 
29900 20100 2500 
29900 20000 2130 
29900 20100 6.91131e-11 
29900 19100 6.56216e-11 
29900 19300 6.63199e-11 
29900 20000 6.87639e-11 
30100 19100 2500 
29900 19100 6.56216e-11 
29900 19100 2500 
30100 19100 6.56216e-11 
30100 18900 2500 
30100 19100 6.56216e-11 
30100 19100 2500 
30100 18900 6.49233e-11 
27300 18900 2500 
30100 18900 6.49233e-11 
30100 18900 2500 
27300 18900 6.49233e-11 
27300 18900 6.49233e-11 
27300 16700 -100 
27300 16700 5.7242e-11 
27300 19100 2500 
27300 19100 -100 
27300 18900 2500 
27700 19100 2500 
27300 19100 -100 
27300 19100 2500 
27700 19100 -100 
27700 22100 2500 
27700 19100 -100 
27700 19100 2500 
27700 22100 -100 
27700 22100 2500 
24500 22100 2500 
26100 22100 2100 
27300 22100 2100 
27700 22100 -100 
26200 22100 7.6096e-11 
26200 22100 2100 
26100 22100 7.6096e-11 
27300 22100 7.6096e-11 
24600 22100 7.6096e-11 
24600 22100 2100 
24500 22100 -100 
24500 21700 2500 
24500 22100 -100 
24500 22100 2500 
24500 21700 -100 
24300 21700 2500 
24500 21700 -100 
24500 21700 2500 
24300 21700 -100 
24300 27600 2500 
24300 21700 -100 
24300 21700 2500 
24300 27600 -100 
24300 27600 2500 
22400 27600 2500 
23000 27600 2450 
24100 27600 50 
24300 27600 -100 
24100 27600 2450 
23000 27600 50 
22900 27600 2450 
22400 27600 -100 
22500 27600 50 
22900 27600 50 
22500 27600 2450 
22400 16400 2500 
22400 27600 -100 
22400 27600 2500 
22400 16400 -100 
22300 16400 2500 
22400 16400 -100 
22400 16400 2500 
22300 16400 -100 
22300 16100 2150 
22300 10900 2500 
22300 11200 2150 
22300 16400 2500 
22300 16400 -100 
22300 10900 -100 
22300 16100 50 
22300 11200 50 
7500 10900 2100 
7600 10900 2100 
5600 10900 2500 
21300 10900 2100 
21400 10900 2100 
22300 10900 2500 
5700 10900 3.69915e-11 
5700 10900 2100 
5600 10900 3.69915e-11 
21300 10900 -100 
22300 10900 -100 
22000 10900 3.69915e-11 
20200 10900 2100 
6300 10900 2100 
6300 10900 3.69915e-11 
6400 10900 3.69915e-11 
6400 10900 2100 
7500 10900 3.69915e-11 
7600 10900 3.69915e-11 
10600 10900 2100 
17100 10900 2100 
10600 10900 3.69915e-11 
17100 10900 3.69915e-11 
20100 10900 2100 
20100 10900 3.69915e-11 
20200 10900 3.69915e-11 
21400 10900 3.69915e-11 
22000 10900 2100 
21300 10900 3.69915e-11 
5600 10800 2500 
5600 10900 3.69915e-11 
5600 10900 2500 
5600 10800 3.66423e-11 
27600 -5600 2500 
24500 -5600 -2.0618e-11 
24500 -5600 2500 
27600 -5600 -2.0618e-11 
27600 -3100 2500 
27600 -5600 -2.0618e-11 
27600 -5600 2500 
27600 -3100 -1.18893e-11 
24500 -3100 2500 
27600 -3100 -1.18893e-11 
27600 -3100 2500 
24500 -3100 -1.18893e-11 
24500 -5600 2500 
24500 -4300 2100 
24500 -3100 2500 
24500 -5600 -2.0618e-11 
24500 -5500 -2.02688e-11 
24500 -5500 2100 
24500 -3200 2100 
24500 -3100 -1.18893e-11 
24500 -3200 -1.22384e-11 
24500 -4400 2100 
24500 -4300 -1.60791e-11 
24500 -4400 -1.64282e-11 
27600 11200 2500 
27600 11100 3.76898e-11 
27600 11100 2500 
27600 11200 3.80389e-11 
27600 11200 3.80389e-11 
24500 11200 -100 
24500 11200 3.80389e-11 
33300 11200 2500 
33300 11200 -100 
27600 11200 2500 
33300 16500 2500 
33300 11200 -100 
33300 11200 2500 
33300 16500 -100 
24600 16500 2100 
24500 16500 -100 
24600 16500 5.65438e-11 
24500 16500 2500 
33300 16500 2500 
27300 16500 2100 
26200 16500 2100 
33300 16500 -100 
27300 16500 5.65438e-11 
26100 16500 5.65438e-11 
26100 16500 2100 
26200 16500 5.65438e-11 
24500 11100 2500 
24500 11200 3.80389e-11 
24500 16500 2500 
24500 11100 3.76898e-11 
24500 16500 -100 
24500 11200 -100 
27600 11100 2500 
24500 11100 3.76898e-11 
24500 11100 2500 
27600 11100 3.76898e-11 
44400 11200 2500 
39100 11200 3.80389e-11 
39100 11200 2500 
44400 11200 3.80389e-11 
44400 16500 2500 
44400 11200 3.80389e-11 
44400 11200 2500 
44400 16500 5.65438e-11 
39200 16500 2100 
40000 16500 2100 
39100 16500 2500 
39100 16500 5.65438e-11 
40100 16500 2100 
40100 16500 5.65438e-11 
41300 16500 5.65438e-11 
41300 16500 2100 
41200 16500 2100 
40000 16500 5.65438e-11 
44400 16500 5.65438e-11 
44400 16500 2500 
44300 16500 2100 
41200 16500 5.65438e-11 
44300 16500 5.65438e-11 
39200 16500 5.65438e-11 
39100 11200 2500 
39100 16500 5.65438e-11 
39100 16500 2500 
39100 11200 3.80389e-11 
5600 16400 2500 
13700 16400 5.61946e-11 
13700 16400 2500 
5600 16400 5.61946e-11 
5600 11100 2500 
5600 16400 5.61946e-11 
5600 16400 2500 
5600 11100 3.76898e-11 
5600 11100 2500 
13700 11100 2500 
10600 11100 2100 
13700 11100 3.76898e-11 
10600 11100 3.76898e-11 
6300 11100 2100 
5700 11100 2100 
5600 11100 3.76898e-11 
5700 11100 3.76898e-11 
7600 11100 2100 
7500 11100 2100 
7500 11100 3.76898e-11 
7600 11100 3.76898e-11 
6400 11100 2100 
6300 11100 3.76898e-11 
6400 11100 3.76898e-11 
13700 16400 2500 
13700 11100 3.76898e-11 
13700 11100 2500 
13700 16400 5.61946e-11 
33300 27600 50 
33400 27600 2500 
33300 27600 2450 
33400 27600 -100 
24500 27600 2500 
28000 27600 2450 
28000 27600 50 
27400 27600 2450 
24500 27600 -100 
27400 27600 50 
24600 27600 50 
24600 27600 2450 
24500 22300 2500 
24500 27600 -100 
24500 27600 2500 
24500 22300 -100 
27300 22300 2100 
24500 22300 2500 
33400 22300 2500 
26200 22300 2100 
33400 22300 -100 
27300 22300 7.67943e-11 
24600 22300 2100 
26100 22300 2100 
24500 22300 -100 
26200 22300 7.67943e-11 
26100 22300 7.67943e-11 
24600 22300 7.67943e-11 
33400 27600 2500 
33400 22300 -100 
33400 22300 2500 
33400 27600 -100 
31600 22100 2500 
33400 22100 7.6096e-11 
33400 22100 2500 
31600 22100 7.6096e-11 
33400 19100 2500 
31600 19100 6.56216e-11 
31600 19100 2500 
33400 19100 6.56216e-11 
33400 22100 2500 
33400 19100 6.56216e-11 
33400 19100 2500 
33400 22100 7.6096e-11 
29900 22100 2500 
31400 22100 7.6096e-11 
31400 22100 2500 
29900 22100 7.6096e-11 
29900 20300 2500 
29900 22100 7.6096e-11 
29900 22100 2500 
29900 20300 6.98114e-11 
31300 20300 2130 
30600 20300 2130 
31400 20300 2500 
31400 20300 6.98114e-11 
29900 20300 2500 
29900 20300 6.98114e-11 
30600 20300 6.98114e-11 
31300 20300 6.98114e-11 
31400 22100 2500 
31400 20300 6.98114e-11 
31400 20300 2500 
31400 22100 7.6096e-11 
27900 22100 2500 
29700 22100 7.6096e-11 
29700 22100 2500 
27900 22100 7.6096e-11 
27900 19100 2500 
27900 22100 7.6096e-11 
27900 22100 2500 
27900 19100 6.56216e-11 
29700 19100 2500 
27900 19100 6.56216e-11 
27900 19100 2500 
29700 19100 6.56216e-11 
29700 22100 2500 
29700 20000 2130 
29700 19100 2500 
29700 22100 7.6096e-11 
29700 19300 2130 
29700 19100 6.56216e-11 
29700 19300 6.63199e-11 
29700 20000 6.87639e-11 
33500 16500 2500 
37900 16500 2100 
38900 16500 2500 
38800 16500 2100 
38900 16500 5.65438e-11 
33500 16500 5.65438e-11 
37900 16500 5.65438e-11 
38800 16500 5.65438e-11 
33500 11200 2500 
33500 16500 5.65438e-11 
33500 16500 2500 
33500 11200 3.80389e-11 
38900 11200 2500 
33500 11200 3.80389e-11 
33500 11200 2500 
38900 11200 3.80389e-11 
38900 16500 2500 
38900 11200 3.80389e-11 
38900 11200 2500 
38900 16500 5.65438e-11 
27600 10900 2500 
27600 8300 2.79136e-11 
27600 8300 2500 
27600 10900 3.69915e-11 
24500 10900 2500 
27600 10900 3.69915e-11 
27600 10900 2500 
24500 10900 3.69915e-11 
24500 8300 2500 
24500 9600 2100 
24500 10900 2500 
24500 8300 2.79136e-11 
24500 8400 2.82628e-11 
24500 8400 2100 
24500 10800 2100 
24500 10900 3.69915e-11 
24500 10800 3.66423e-11 
24500 9500 2100 
24500 9600 3.24525e-11 
24500 9500 3.21034e-11 
27600 8300 2500 
24500 8300 2.79136e-11 
24500 8300 2500 
27600 8300 2.79136e-11 
24500 6800 2100 
24500 8100 2500 
24500 5500 2500 
24500 5500 1.81375e-11 
24500 5600 1.84866e-11 
24500 5600 2100 
24500 6900 2100 
24500 8000 2100 
24500 8100 2.72153e-11 
24500 8000 2.68662e-11 
24500 6900 2.30255e-11 
24500 6800 2.26764e-11 
27600 5500 2500 
24500 5500 1.81375e-11 
24500 5500 2500 
27600 5500 1.81375e-11 
27600 8100 2500 
27600 5500 1.81375e-11 
27600 5500 2500 
27600 8100 2.72153e-11 
24500 8100 2500 
27600 8100 2.72153e-11 
27600 8100 2500 
24500 8100 2.72153e-11 
27600 5300 2500 
27600 2700 8.36131e-12 
27600 2700 2500 
27600 5300 1.74392e-11 
24500 5300 2500 
27600 5300 1.74392e-11 
27600 5300 2500 
24500 5300 1.74392e-11 
24500 4000 2100 
24500 5300 2500 
24500 2700 2500 
24500 2700 8.36131e-12 
24500 2800 8.71046e-12 
24500 2800 2100 
24500 4100 2100 
24500 5200 2100 
24500 5300 1.74392e-11 
24500 5200 1.709e-11 
24500 4100 1.32494e-11 
24500 4000 1.29002e-11 
27600 2700 2500 
24500 2700 8.36131e-12 
24500 2700 2500 
27600 2700 8.36131e-12 
27600 2500 2500 
27600 -100 -1.41484e-12 
27600 -100 2500 
27600 2500 7.66301e-12 
24500 2500 2500 
27600 2500 7.66301e-12 
27600 2500 2500 
24500 2500 7.66301e-12 
24500 1200 2100 
24500 2500 2500 
24500 -100 2500 
24500 -100 -1.41484e-12 
24500 -3.63798e-12 -1.06569e-12 
24500 -1.04268e-11 2100 
24500 1300 2100 
24500 2400 2100 
24500 2500 7.66301e-12 
24500 2400 7.31386e-12 
24500 1300 3.47324e-12 
24500 1200 3.12409e-12 
27600 -100 2500 
24500 -100 -1.41484e-12 
24500 -100 2500 
27600 -100 -1.41484e-12 
27600 -300 2500 
27600 -2900 -1.1191e-11 
27600 -2900 2500 
27600 -300 -2.11313e-12 
24500 -300 2500 
27600 -300 -2.11313e-12 
27600 -300 2500 
24500 -300 -2.11313e-12 
24500 -1600 2100 
24500 -300 2500 
24500 -2900 2500 
24500 -2900 -1.1191e-11 
24500 -2800 -1.08418e-11 
24500 -2800 2100 
24500 -1500 2100 
24500 -400 2100 
24500 -300 -2.11313e-12 
24500 -400 -2.46228e-12 
24500 -1500 -6.30291e-12 
24500 -1600 -6.65206e-12 
27600 -2900 2500 
24500 -2900 -1.1191e-11 
24500 -2900 2500 
27600 -2900 -1.1191e-11 
13900 11100 2500 
13900 16400 5.61946e-11 
13900 16400 2500 
13900 11100 3.76898e-11 
20100 11100 2100 
17100 11100 2100 
22100 11100 2500 
22000 11100 2100 
22100 11100 3.76898e-11 
22000 11100 3.76898e-11 
13900 11100 2500 
13900 11100 3.76898e-11 
17100 11100 3.76898e-11 
21400 11100 2100 
21300 11100 2100 
21300 11100 3.76898e-11 
21400 11100 3.76898e-11 
20200 11100 2100 
20100 11100 3.76898e-11 
20200 11100 3.76898e-11 
22100 16100 2150 
22100 11100 2500 
22100 16400 2500 
22100 16400 5.61946e-11 
22100 11200 50 
22100 16100 50 
22100 11100 3.76898e-11 
22100 11200 2150 
13900 16400 2500 
22100 16400 5.61946e-11 
22100 16400 2500 
13900 16400 5.61946e-11 
33300 27600 2450 
33300 28000 50 
33300 27600 50 
33300 28000 2450 
33300 28000 50 
28000 27600 50 
33300 27600 50 
28000 28000 50 
28000 28000 2450 
28000 27600 2450 
28000 27600 50 
28000 28000 50 
28000 28000 2450 
33300 27600 2450 
28000 27600 2450 
33300 28000 2450 
27400 28000 50 
24600 27600 50 
27400 27600 50 
24600 28000 50 
24600 28000 50 
24600 27600 2450 
24600 27600 50 
24600 28000 2450 
27400 28000 2450 
27400 27600 2450 
24600 27600 2450 
24600 28000 2450 
27400 27600 2450 
27400 28000 50 
27400 27600 50 
27400 28000 2450 
24100 28000 50 
23000 27600 50 
24100 27600 50 
23000 28000 50 
23000 28000 2450 
23000 27600 2450 
23000 27600 50 
23000 28000 50 
23000 28000 2450 
24100 27600 2450 
23000 27600 2450 
24100 28000 2450 
24100 27600 2450 
24100 28000 50 
24100 27600 50 
24100 28000 2450 
22500 28000 2450 
22500 27600 2450 
22500 27600 50 
22500 28000 50 
22900 28000 2450 
22900 27600 2450 
22500 27600 2450 
22500 28000 2450 
22900 27600 2450 
22900 28000 50 
22900 27600 50 
22900 28000 2450 
22900 27600 50 
22500 28000 50 
22500 27600 50 
22900 28000 50 
39400 28000 2450 
39400 27600 2450 
39400 27600 50 
39400 28000 50 
44300 28000 2450 
44300 27600 2450 
39400 27600 2450 
39400 28000 2450 
44300 27600 2450 
44300 28000 50 
44300 27600 50 
44300 28000 2450 
44300 27600 50 
39400 28000 50 
39400 27600 50 
44300 28000 50 
33700 28000 2450 
33700 27600 2450 
33700 27600 50 
33700 28000 50 
38800 28000 2450 
38800 27600 2450 
33700 27600 2450 
33700 28000 2450 
38800 27600 2450 
38800 28000 50 
38800 27600 50 
38800 28000 2450 
38800 27600 50 
33700 28000 50 
33700 27600 50 
38800 28000 50 
26100 22300 2100 
26100 22100 2100 
24600 22100 2100 
24600 22300 2100 
24600 22300 2100 
24600 22100 2100 
24600 22100 7.6096e-11 
24600 22300 7.67943e-11 
26100 22300 7.67943e-11 
26100 22100 2100 
26100 22300 2100 
26100 22100 7.6096e-11 
27300 22300 2100 
27300 22100 2100 
26200 22100 2100 
26200 22300 2100 
26200 22300 2100 
26200 22100 2100 
26200 22100 7.6096e-11 
26200 22300 7.67943e-11 
27300 22300 7.67943e-11 
27300 22100 2100 
27300 22300 2100 
27300 22100 7.6096e-11 
31300 20300 6.98114e-11 
31300 20100 2130 
31300 20300 2130 
31300 20100 6.91131e-11 
31300 20100 2130 
30600 20100 2130 
30600 20300 2130 
31300 20300 2130 
30600 20300 2130 
30600 20100 2130 
30600 20100 6.91131e-11 
30600 20300 6.98114e-11 
29700 20000 6.87639e-11 
29900 20000 2130 
29700 20000 2130 
29900 20000 6.87639e-11 
29900 20000 2130 
29900 19300 2130 
29700 19300 2130 
29700 20000 2130 
29700 19300 2130 
29900 19300 2130 
29900 19300 6.63199e-11 
29700 19300 6.63199e-11 
31600 19300 2130 
31400 19300 2130 
31400 20000 2130 
31600 20000 2130 
31600 20000 6.87639e-11 
31600 20000 2130 
31400 20000 2130 
31400 20000 6.87639e-11 
31600 19300 2130 
31400 19300 6.63199e-11 
31400 19300 2130 
31600 19300 6.63199e-11 
38800 16700 5.7242e-11 
38800 16500 2100 
38800 16700 2100 
38800 16500 5.65438e-11 
37900 16700 2100 
37900 16500 2100 
37900 16500 5.65438e-11 
37900 16700 5.7242e-11 
38800 16700 2100 
38800 16500 2100 
37900 16500 2100 
37900 16700 2100 
40100 16700 2100 
40100 16500 2100 
40100 16500 5.65438e-11 
40100 16700 5.7242e-11 
41200 16500 2100 
40100 16500 2100 
40100 16700 2100 
41200 16700 2100 
41200 16700 5.7242e-11 
41200 16500 2100 
41200 16700 2100 
41200 16500 5.65438e-11 
44300 16700 5.7242e-11 
44300 16500 2100 
44300 16700 2100 
44300 16500 5.65438e-11 
41300 16700 2100 
41300 16500 2100 
41300 16500 5.65438e-11 
41300 16700 5.7242e-11 
44300 16700 2100 
44300 16500 2100 
41300 16500 2100 
41300 16700 2100 
39200 16700 2100 
39200 16500 2100 
39200 16500 5.65438e-11 
39200 16700 5.7242e-11 
40000 16700 2100 
40000 16500 2100 
39200 16500 2100 
39200 16700 2100 
40000 16700 5.7242e-11 
40000 16500 2100 
40000 16700 2100 
40000 16500 5.65438e-11 
26200 16700 2100 
26200 16500 2100 
26200 16500 5.65438e-11 
26200 16700 5.7242e-11 
27300 16500 2100 
26200 16500 2100 
26200 16700 2100 
27300 16700 2100 
27300 16700 5.7242e-11 
27300 16500 2100 
27300 16700 2100 
27300 16500 5.65438e-11 
24600 16700 2100 
24600 16500 2100 
24600 16500 5.65438e-11 
24600 16700 5.7242e-11 
26100 16700 2100 
26100 16500 2100 
24600 16500 2100 
24600 16700 2100 
26100 16700 5.7242e-11 
26100 16500 2100 
26100 16700 2100 
26100 16500 5.65438e-11 
24300 -2800 2100 
24500 -2800 2100 
24500 -2800 -1.08418e-11 
24300 -2800 -1.08418e-11 
24300 -1600 -6.65206e-12 
24500 -1600 2100 
24300 -1600 2100 
24500 -1600 -6.65206e-12 
24500 -1600 2100 
24500 -2800 2100 
24300 -2800 2100 
24300 -1600 2100 
24300 -1500 2100 
24500 -1500 2100 
24500 -1500 -6.30291e-12 
24300 -1500 -6.30291e-12 
24300 -400 -2.46228e-12 
24500 -400 2100 
24300 -400 2100 
24500 -400 -2.46228e-12 
24500 -400 2100 
24500 -1500 2100 
24300 -1500 2100 
24300 -400 2100 
24300 -9.51734e-12 2100 
24500 -1.04268e-11 2100 
24500 -3.63798e-12 -1.06569e-12 
24300 -3.63798e-12 -1.06569e-12 
24300 1200 3.12409e-12 
24500 1200 2100 
24300 1200 2100 
24500 1200 3.12409e-12 
24500 1200 2100 
24500 -1.04268e-11 2100 
24300 -9.51734e-12 2100 
24300 1200 2100 
24300 1300 2100 
24500 1300 2100 
24500 1300 3.47324e-12 
24300 1300 3.47324e-12 
24300 2400 7.31386e-12 
24500 2400 2100 
24300 2400 2100 
24500 2400 7.31386e-12 
24500 2400 2100 
24500 1300 2100 
24300 1300 2100 
24300 2400 2100 
24300 2800 2100 
24500 2800 2100 
24500 2800 8.71046e-12 
24300 2800 8.71046e-12 
24300 4000 1.29002e-11 
24500 4000 2100 
24300 4000 2100 
24500 4000 1.29002e-11 
24500 4000 2100 
24500 2800 2100 
24300 2800 2100 
24300 4000 2100 
24300 4100 2100 
24500 4100 2100 
24500 4100 1.32494e-11 
24300 4100 1.32494e-11 
24300 5200 1.709e-11 
24500 5200 2100 
24300 5200 2100 
24500 5200 1.709e-11 
24500 5200 2100 
24500 4100 2100 
24300 4100 2100 
24300 5200 2100 
24500 6800 2100 
24500 5600 2100 
24300 5600 2100 
24300 6800 2100 
24300 5600 2100 
24500 5600 2100 
24500 5600 1.84866e-11 
24300 5600 1.84866e-11 
24300 6800 2.26764e-11 
24500 6800 2100 
24300 6800 2100 
24500 6800 2.26764e-11 
24500 8000 2100 
24500 6900 2100 
24300 6900 2100 
24300 8000 2100 
24300 6900 2100 
24500 6900 2100 
24500 6900 2.30255e-11 
24300 6900 2.30255e-11 
24300 8000 2.68662e-11 
24500 8000 2100 
24300 8000 2100 
24500 8000 2.68662e-11 
24300 9500 3.21034e-11 
24500 9500 2100 
24300 9500 2100 
24500 9500 3.21034e-11 
24500 9500 2100 
24500 8400 2100 
24300 8400 2100 
24300 9500 2100 
24300 8400 2100 
24500 8400 2100 
24500 8400 2.82628e-11 
24300 8400 2.82628e-11 
24500 10800 2100 
24500 9600 2100 
24300 9600 2100 
24300 10800 2100 
24300 9600 2100 
24500 9600 2100 
24500 9600 3.24525e-11 
24300 9600 3.24525e-11 
24300 10800 3.66423e-11 
24500 10800 2100 
24300 10800 2100 
24500 10800 3.66423e-11 
24500 -4400 2100 
24500 -5500 2100 
24300 -5500 2100 
24300 -4400 2100 
24500 -5500 2100 
24500 -5500 -2.02688e-11 
24300 -5500 -2.02688e-11 
24300 -5500 2100 
24500 -4400 -1.64282e-11 
24500 -4400 2100 
24300 -4400 2100 
24300 -4400 -1.64282e-11 
24500 -3200 2100 
24500 -4300 2100 
24300 -4300 2100 
24300 -3200 2100 
24500 -4300 2100 
24500 -4300 -1.60791e-11 
24300 -4300 -1.60791e-11 
24300 -4300 2100 
24500 -3200 -1.22384e-11 
24500 -3200 2100 
24300 -3200 2100 
24300 -3200 -1.22384e-11 
22000 10900 2100 
22000 11100 2100 
22000 11100 3.76898e-11 
22000 10900 3.69915e-11 
21400 10900 3.69915e-11 
21400 11100 2100 
21400 10900 2100 
21400 11100 3.76898e-11 
21400 10900 2100 
22000 11100 2100 
22000 10900 2100 
21400 11100 2100 
21300 10900 2100 
20200 11100 2100 
21300 11100 2100 
20200 10900 2100 
21300 10900 2100 
21300 11100 2100 
21300 11100 3.76898e-11 
21300 10900 3.69915e-11 
20200 10900 3.69915e-11 
20200 11100 2100 
20200 10900 2100 
20200 11100 3.76898e-11 
20100 10900 2100 
20100 11100 2100 
20100 11100 3.76898e-11 
20100 10900 3.69915e-11 
17100 10900 3.69915e-11 
17100 11100 2100 
17100 10900 2100 
17100 11100 3.76898e-11 
17100 10900 2100 
20100 11100 2100 
20100 10900 2100 
17100 11100 2100 
6400 10900 3.69915e-11 
6400 11100 2100 
6400 10900 2100 
6400 11100 3.76898e-11 
7500 10900 2100 
6400 11100 2100 
7500 11100 2100 
6400 10900 2100 
7500 10900 2100 
7500 11100 2100 
7500 11100 3.76898e-11 
7500 10900 3.69915e-11 
10600 10900 2100 
7600 11100 2100 
10600 11100 2100 
7600 10900 2100 
10600 10900 2100 
10600 11100 2100 
10600 11100 3.76898e-11 
10600 10900 3.69915e-11 
7600 10900 3.69915e-11 
7600 11100 2100 
7600 10900 2100 
7600 11100 3.76898e-11 
5700 10900 2100 
6300 11100 2100 
6300 10900 2100 
5700 11100 2100 
6300 10900 2100 
6300 11100 2100 
6300 11100 3.76898e-11 
6300 10900 3.69915e-11 
5700 10900 2100 
5700 11100 3.76898e-11 
5700 11100 2100 
5700 10900 3.69915e-11 
22300 16100 2150 
22300 11200 2150 
22100 11200 2150 
22100 16100 2150 
22100 11200 2150 
22300 11200 2150 
22300 11200 50 
22100 11200 50 
22300 11200 50 
22300 16100 50 
22100 16100 50 
22100 11200 50 
22100 16100 50 
22300 16100 2150 
22100 16100 2150 
22300 16100 50 
16900 -8.70721e-12 2450 
16900 -400 2450 
16900 -400 50 
16900 -3.27655e-13 50 
21900 -8.70721e-12 2450 
21900 -400 2450 
16900 -400 2450 
16900 -8.70721e-12 2450 
21900 -3.27655e-13 50 
21900 -400 2450 
21900 -8.70721e-12 2450 
21900 -400 50 
16900 -3.27655e-13 50 
21900 -400 50 
21900 -3.27655e-13 50 
16900 -400 50 
11300 -8.70721e-12 2450 
11300 -400 2450 
11300 -400 50 
11300 -3.27655e-13 50 
16300 -8.70721e-12 2450 
16300 -400 2450 
11300 -400 2450 
11300 -8.70721e-12 2450 
16300 -3.27655e-13 50 
16300 -400 2450 
16300 -8.70721e-12 2450 
16300 -400 50 
11300 -3.27655e-13 50 
16300 -400 50 
16300 -3.27655e-13 50 
11300 -400 50 
5700 -8.70721e-12 2450 
5700 -400 2450 
5700 -400 50 
5700 -3.27655e-13 50 
10700 -8.70721e-12 2450 
10700 -400 2450 
5700 -400 2450 
5700 -8.70721e-12 2450 
10700 -3.27655e-13 50 
10700 -400 2450 
10700 -8.70721e-12 2450 
10700 -400 50 
5700 -3.27655e-13 50 
10700 -400 50 
10700 -3.27655e-13 50 
5700 -400 50 
100 -3.27655e-13 50 
5100 -400 50 
5100 -3.27655e-13 50 
100 -400 50 
5100 -3.27655e-13 50 
5100 -400 2450 
5100 -8.70721e-12 2450 
5100 -400 50 
5100 -8.70721e-12 2450 
5100 -400 2450 
100 -400 2450 
100 -8.70721e-12 2450 
100 -8.70721e-12 2450 
100 -400 2450 
100 -400 50 
100 -3.27655e-13 50 
5200 16800 -100 
21300 10900 -100 
5200 11200 -100 
44800 28000 -100 
44800 10800 -100 
33400 22300 -100 
24300 -5600 -100 
24500 11200 -100 
28000 10800 -100 
24500 22300 -100 
24300 21700 -100 
24300 27600 -100 
22300 16400 -100 
22300 10900 -100 
-400 -400 -100 
-400 11200 -100 
21300 1.96067e-13 -100 
22400 -5600 -100 
22000 -6000 -100 
22000 -400 -100 
24300 17000 -100 
24500 16500 -100 
22400 27600 -100 
22400 16400 -100 
22000 16800 -100 
33300 11200 -100 
33300 16500 -100 
24500 16700 -100 
24500 17000 -100 
22000 28000 -100 
33400 27600 -100 
24500 22100 -100 
24500 27600 -100 
27700 22100 -100 
27700 19100 -100 
24500 21700 -100 
27300 16700 -100 
27300 19100 -100 
28000 -6000 -100 
22400 1.96067e-13 -100 
28000 -6000 2500 
22000 -6000 2500 
22000 -6000 -100 
28000 -6000 -100 
28000 10800 2500 
28000 -6000 2500 
28000 -6000 -100 
28000 10800 -100 
44800 10800 2500 
28000 10800 2500 
28000 10800 -100 
44800 10800 -100 
44800 28000 2500 
44800 10800 2500 
44800 10800 -100 
44800 28000 -100 
22000 28000 2500 
33300 28000 2450 
28000 28000 2450 
44300 28000 2450 
39400 28000 2450 
44800 28000 2500 
44300 28000 50 
44800 28000 -100 
39400 28000 50 
38800 28000 50 
22500 28000 50 
22000 28000 -100 
38800 28000 2450 
22500 28000 2450 
24100 28000 2450 
23000 28000 2450 
33300 28000 50 
23000 28000 50 
24100 28000 50 
27400 28000 50 
28000 28000 50 
27400 28000 2450 
24600 28000 50 
24600 28000 2450 
33700 28000 2450 
33700 28000 50 
22900 28000 2450 
22900 28000 50 
22000 16800 2500 
22000 28000 2500 
22000 28000 -100 
22000 16800 -100 
5200 16800 2500 
22000 16800 2500 
22000 16800 -100 
5200 16800 -100 
5200 11200 2500 
5200 16800 2500 
5200 16800 -100 
5200 11200 -100 
-400 11200 2500 
5200 11200 2500 
5200 11200 -100 
-400 11200 -100 
-400 -400 2500 
-400 11200 2500 
-400 11200 -100 
-400 -400 -100 
21900 -400 50 
22000 -400 2500 
21900 -400 2450 
22000 -400 -100 
-400 -400 -100 
10700 -400 50 
16300 -400 50 
16900 -400 50 
16900 -400 2450 
16300 -400 2450 
11300 -400 2450 
11300 -400 50 
10700 -400 2450 
-400 -400 2500 
5700 -400 2450 
5100 -400 2450 
5700 -400 50 
100 -400 50 
100 -400 2450 
5100 -400 50 
22000 -6000 2500 
22000 -400 2500 
22000 -400 -100 
22000 -6000 -100 
5300 5100 2500 
5300 5700 2500 
5300 5700 1.88358e-11 
5300 5100 1.67409e-11 
5900 5100 2500 
5300 5100 2500 
5300 5100 1.67409e-11 
5900 5100 1.67409e-11 
5900 5700 2500 
5900 5100 2500 
5900 5100 1.67409e-11 
5900 5700 1.88358e-11 
5300 5700 2500 
5900 5700 2500 
5900 5700 1.88358e-11 
5300 5700 1.88358e-11 
5900 5700 2500 
5300 5100 2500 
5900 5100 2500 
5300 5700 2500 
10900 5100 2500 
10900 5700 2500 
10900 5700 1.88358e-11 
10900 5100 1.67409e-11 
11500 5100 2500 
10900 5100 2500 
10900 5100 1.67409e-11 
11500 5100 1.67409e-11 
11500 5700 2500 
11500 5100 2500 
11500 5100 1.67409e-11 
11500 5700 1.88358e-11 
10900 5700 2500 
11500 5700 2500 
11500 5700 1.88358e-11 
10900 5700 1.88358e-11 
11500 5700 2500 
10900 5100 2500 
11500 5100 2500 
10900 5700 2500 
16500 5100 2500 
16500 5700 2500 
16500 5700 1.88358e-11 
16500 5100 1.67409e-11 
17100 5100 2500 
16500 5100 2500 
16500 5100 1.67409e-11 
17100 5100 1.67409e-11 
17100 5700 2500 
17100 5100 2500 
17100 5100 1.67409e-11 
17100 5700 1.88358e-11 
16500 5700 2500 
17100 5700 2500 
17100 5700 1.88358e-11 
16500 5700 1.88358e-11 
17100 5700 2500 
16500 5100 2500 
17100 5100 2500 
16500 5700 2500 
21300 10900 3.69915e-11 
21300 0 -1.06569e-12 
21300 1.96067e-13 -100 
21300 10900 -100 
</float_array>
				<technique_common>
					<accessor source="#Body2-mesh-positions-array" count="1737" stride="3">
						<param name="X" type="float"/>
						<param name="Y" type="float"/>
						<param name="Z" type="float"/>
					</accessor>
				</technique_common>
			</source>
			<source id="Body2-mesh-normals">
				<float_array id="Body2-mesh-normals-array" count="5211">
0 -3.49148e-15 1 
0 -3.49148e-15 1 
0 -3.49148e-15 1 
0 -3.49148e-15 1 
0 -3.49148e-15 1 
0 -3.49148e-15 1 
0 -3.49148e-15 1 
0 -3.49148e-15 1 
0 -3.49148e-15 1 
0 -3.49148e-15 1 
0 -3.49148e-15 1 
0 -3.49148e-15 1 
0 -3.49148e-15 1 
0 -3.49148e-15 1 
0 -3.49148e-15 1 
0 -3.49148e-15 1 
0 -3.49148e-15 1 
0 -3.49148e-15 1 
0 -3.49148e-15 1 
0 -3.49148e-15 1 
0 -3.49148e-15 1 
0 -3.49148e-15 1 
0 -3.49148e-15 1 
0 -3.49148e-15 1 
0 -3.49148e-15 1 
0 -3.49148e-15 1 
0 -3.49148e-15 1 
0 -3.49148e-15 1 
0 -3.49148e-15 1 
0 -3.49148e-15 1 
0 -3.49148e-15 1 
0 -3.49148e-15 1 
0 -3.49148e-15 1 
0 -3.49148e-15 1 
0 -3.49148e-15 1 
0 -3.49148e-15 1 
0 -3.49148e-15 1 
0 -3.49148e-15 1 
0 -3.49148e-15 1 
0 -3.49148e-15 1 
0 -3.49148e-15 1 
0 -3.49148e-15 1 
0 -3.49148e-15 1 
0 -3.49148e-15 1 
0 -3.49148e-15 1 
0 -3.49148e-15 1 
0 -3.49148e-15 1 
0 -3.49148e-15 1 
0 -3.49148e-15 1 
0 -3.49148e-15 1 
0 -3.49148e-15 1 
0 -3.49148e-15 1 
0 -3.49148e-15 1 
0 -3.49148e-15 1 
0 -3.49148e-15 1 
0 -3.49148e-15 1 
0 -3.49148e-15 1 
0 -3.49148e-15 1 
0 -3.49148e-15 1 
0 -3.49148e-15 1 
0 -3.49148e-15 1 
0 -3.49148e-15 1 
0 -3.49148e-15 1 
0 -3.49148e-15 1 
0 -3.49148e-15 1 
0 -3.49148e-15 1 
0 -3.49148e-15 1 
0 -3.49148e-15 1 
0 -3.49148e-15 1 
0 -3.49148e-15 1 
0 -3.49148e-15 1 
0 -3.49148e-15 1 
0 -3.49148e-15 1 
0 -3.49148e-15 1 
0 -3.49148e-15 1 
0 -3.49148e-15 1 
0 -3.49148e-15 1 
0 -3.49148e-15 1 
0 -3.49148e-15 1 
0 -3.49148e-15 1 
0 -3.49148e-15 1 
0 -3.49148e-15 1 
0 -3.49148e-15 1 
0 -3.49148e-15 1 
0 -3.49148e-15 1 
0 -3.49148e-15 1 
0 -3.49148e-15 1 
0 -3.49148e-15 1 
0 -3.49148e-15 1 
0 -3.49148e-15 1 
0 -3.49148e-15 1 
0 -3.49148e-15 1 
0 -3.49148e-15 1 
0 -3.49148e-15 1 
0 -3.49148e-15 1 
0 -3.49148e-15 1 
0 -3.49148e-15 1 
0 -3.49148e-15 1 
0 -3.49148e-15 1 
0 -3.49148e-15 1 
0 -3.49148e-15 1 
0 -3.49148e-15 1 
0 -3.49148e-15 1 
0 -3.49148e-15 1 
0 -3.49148e-15 1 
0 -3.49148e-15 1 
0 -3.49148e-15 1 
0 -3.49148e-15 1 
0 -3.49148e-15 1 
0 -3.49148e-15 1 
0 -3.49148e-15 1 
0 -3.49148e-15 1 
0 -3.49148e-15 1 
0 -3.49148e-15 1 
0 -3.49148e-15 1 
0 -3.49148e-15 1 
0 -3.49148e-15 1 
0 -3.49148e-15 1 
0 -3.49148e-15 1 
0 -3.49148e-15 1 
0 -3.49148e-15 1 
0 -3.49148e-15 1 
0 -3.49148e-15 1 
0 -3.49148e-15 1 
0 -3.49148e-15 1 
0 -3.49148e-15 1 
0 -3.49148e-15 1 
0 -3.49148e-15 1 
0 -3.49148e-15 1 
0 -3.49148e-15 1 
0 -3.49148e-15 1 
0 -3.49148e-15 1 
0 -3.49148e-15 1 
0 -3.49148e-15 1 
0 -3.49148e-15 1 
0 -3.49148e-15 1 
0 -3.49148e-15 1 
0 -3.49148e-15 1 
0 -3.49148e-15 1 
0 -3.49148e-15 1 
0 -3.49148e-15 1 
0 -3.49148e-15 1 
0 -3.49148e-15 1 
0 -3.49148e-15 1 
0 -3.49148e-15 1 
0 -3.49148e-15 1 
0 -3.49148e-15 1 
0 -3.49148e-15 1 
0 -3.49148e-15 1 
0 -3.49148e-15 1 
0 -3.49148e-15 1 
0 -3.49148e-15 1 
0 -3.49148e-15 1 
0 -3.49148e-15 1 
0 -3.49148e-15 1 
0 -3.49148e-15 1 
0 -3.49148e-15 1 
0 -3.49148e-15 1 
0 -3.49148e-15 1 
0 -3.49148e-15 1 
0 -3.49148e-15 1 
0 -3.49148e-15 1 
0 -3.49148e-15 1 
0 -3.49148e-15 1 
0 -3.49148e-15 1 
0 -3.49148e-15 1 
0 -3.49148e-15 1 
0 -3.49148e-15 1 
0 -3.49148e-15 1 
0 -3.49148e-15 1 
0 -3.49148e-15 1 
0 -3.49148e-15 1 
0 -3.49148e-15 1 
0 -3.49148e-15 1 
0 -3.49148e-15 1 
0 -3.49148e-15 1 
0 -3.49148e-15 1 
0 -3.49148e-15 1 
0 -3.49148e-15 1 
0 -3.49148e-15 1 
0 -3.49148e-15 1 
0 -3.49148e-15 1 
0 -3.49148e-15 1 
0 -3.49148e-15 1 
0 -3.49148e-15 1 
0 -3.49148e-15 1 
0 -3.49148e-15 1 
0 -3.49148e-15 1 
0 -3.49148e-15 1 
0 -3.49148e-15 1 
0 -3.49148e-15 1 
0 -3.49148e-15 1 
0 -3.49148e-15 1 
0 -3.49148e-15 1 
0 -3.49148e-15 1 
0 -3.49148e-15 1 
0 -3.49148e-15 1 
0 -3.49148e-15 1 
0 -3.49148e-15 1 
0 -3.49148e-15 1 
0 -3.49148e-15 1 
0 -3.49148e-15 1 
0 -3.49148e-15 1 
0 -3.49148e-15 1 
0 -3.49148e-15 1 
0 -3.49148e-15 1 
0 -3.49148e-15 1 
0 -3.49148e-15 1 
0 -3.49148e-15 1 
-1 -0 0 
-1 -0 0 
-1 -0 0 
-1 -0 0 
-0 -1 -3.49148e-15 
-0 -1 -3.49148e-15 
-0 -1 -3.49148e-15 
-0 -1 -3.49148e-15 
1 0 -0 
1 0 -0 
1 0 -0 
1 0 -0 
-0 1 3.49148e-15 
-0 1 3.49148e-15 
-0 1 3.49148e-15 
-0 1 3.49148e-15 
0 -3.49148e-15 1 
0 -3.49148e-15 1 
0 -3.49148e-15 1 
0 -3.49148e-15 1 
-1 -0 0 
-1 -0 0 
-1 -0 0 
-1 -0 0 
-1 -0 0 
-1 -0 0 
-1 -0 0 
-1 -0 0 
1 0 -0 
1 0 -0 
1 0 -0 
1 0 -0 
1 0 -0 
1 0 -0 
1 0 -0 
1 0 -0 
0 -3.49148e-15 1 
0 -3.49148e-15 1 
0 -3.49148e-15 1 
0 -3.49148e-15 1 
0 -3.49148e-15 1 
0 -3.49148e-15 1 
0 -3.49148e-15 1 
0 -3.49148e-15 1 
0 -3.49148e-15 1 
0 -3.49148e-15 1 
0 -3.49148e-15 1 
0 -3.49148e-15 1 
0 -3.49148e-15 1 
0 -3.49148e-15 1 
0 -3.49148e-15 1 
0 -3.49148e-15 1 
0 -3.49148e-15 1 
0 -3.49148e-15 1 
0 -3.49148e-15 1 
0 -3.49148e-15 1 
0 -3.49148e-15 1 
0 -3.49148e-15 1 
0 -3.49148e-15 1 
0 -3.49148e-15 1 
0 -3.49148e-15 1 
0 -3.49148e-15 1 
0 -3.49148e-15 1 
0 -3.49148e-15 1 
0 -3.49148e-15 1 
0 -3.49148e-15 1 
0 -3.49148e-15 1 
0 -3.49148e-15 1 
0 -3.49148e-15 1 
0 -3.49148e-15 1 
0 -3.49148e-15 1 
0 -3.49148e-15 1 
0 -3.49148e-15 1 
0 -3.49148e-15 1 
0 -3.49148e-15 1 
0 -3.49148e-15 1 
0 -3.49148e-15 1 
0 -3.49148e-15 1 
0 -3.49148e-15 1 
0 -3.49148e-15 1 
0 -3.49148e-15 1 
0 -3.49148e-15 1 
0 -3.49148e-15 1 
0 -3.49148e-15 1 
0 -3.49148e-15 1 
0 -3.49148e-15 1 
0 -3.49148e-15 1 
0 -3.49148e-15 1 
0 -3.49148e-15 1 
0 -3.49148e-15 1 
0 -3.49148e-15 1 
0 -3.49148e-15 1 
0 -3.49148e-15 1 
0 -3.49148e-15 1 
0 -3.49148e-15 1 
0 -3.49148e-15 1 
0 -3.49148e-15 1 
0 -3.49148e-15 1 
0 -3.49148e-15 1 
0 -3.49148e-15 1 
0 -3.49148e-15 1 
0 -3.49148e-15 1 
0 -3.49148e-15 1 
0 -3.49148e-15 1 
0 -3.49148e-15 1 
0 -3.49148e-15 1 
0 -3.49148e-15 1 
0 -3.49148e-15 1 
0 -3.49148e-15 1 
0 -3.49148e-15 1 
0 -3.49148e-15 1 
0 -3.49148e-15 1 
0 -3.49148e-15 1 
0 -3.49148e-15 1 
0 -3.49148e-15 1 
0 -3.49148e-15 1 
0 -3.49148e-15 1 
0 -3.49148e-15 1 
0 -3.49148e-15 1 
0 -3.49148e-15 1 
0 -3.49148e-15 1 
0 -3.49148e-15 1 
0 -3.49148e-15 1 
0 -3.49148e-15 1 
0 -3.49148e-15 1 
0 -3.49148e-15 1 
0 -3.49148e-15 1 
0 -3.49148e-15 1 
0 -3.49148e-15 1 
0 -3.49148e-15 1 
0 -3.49148e-15 1 
0 -3.49148e-15 1 
0 -3.49148e-15 1 
0 -3.49148e-15 1 
0 -3.49148e-15 1 
0 -3.49148e-15 1 
0 -3.49148e-15 1 
0 -3.49148e-15 1 
0 -3.49148e-15 1 
0 -3.49148e-15 1 
0 -3.49148e-15 1 
0 -3.49148e-15 1 
0 -3.49148e-15 1 
0 -3.49148e-15 1 
0 -3.49148e-15 1 
0 -3.49148e-15 1 
0 -1 -3.49148e-15 
0 -1 -3.49148e-15 
0 -1 -3.49148e-15 
0 -1 -3.49148e-15 
1 -6.6819e-17 -2.33297e-31 
1 -6.6819e-17 -2.33297e-31 
1 -6.6819e-17 -2.33297e-31 
1 -6.6819e-17 -2.33297e-31 
0 1 3.49148e-15 
0 1 3.49148e-15 
0 1 3.49148e-15 
0 1 3.49148e-15 
0 1 3.49148e-15 
0 1 3.49148e-15 
0 1 3.49148e-15 
0 1 3.49148e-15 
0 1 3.49148e-15 
0 1 3.49148e-15 
0 1 3.49148e-15 
0 1 3.49148e-15 
0 1 3.49148e-15 
0 1 3.49148e-15 
0 1 3.49148e-15 
0 1 3.49148e-15 
0 1 3.49148e-15 
0 1 3.49148e-15 
0 1 3.49148e-15 
0 1 3.49148e-15 
0 1 3.49148e-15 
0 1 3.49148e-15 
1 0 -0 
1 0 -0 
1 0 -0 
1 0 -0 
1.89907e-16 1 3.49148e-15 
1.89907e-16 1 3.49148e-15 
1.89907e-16 1 3.49148e-15 
1.89907e-16 1 3.49148e-15 
-1 -0 0 
-1 -0 0 
-1 -0 0 
-1 -0 0 
-1 -0 0 
-1 -0 0 
-1 -0 0 
-1 -0 0 
-1 -0 0 
-1 -0 0 
-1 -0 0 
-1 -0 0 
-1 -0 0 
-1 -0 0 
-1 -0 0 
-1 -0 0 
-1 -0 0 
-1 -0 0 
-1 -0 0 
-1 -0 0 
-1 -0 0 
-1 -0 0 
-1 -0 0 
-1 -0 0 
-1 -0 0 
-1 -0 0 
-1 -0 0 
-1 -0 0 
-1 -0 0 
-1 -0 0 
-1 -0 0 
-1 -0 0 
-1 -0 0 
-1 -0 0 
-1 -0 0 
-1 -0 0 
-1 -0 0 
-1 -0 0 
-1 -0 0 
-1 -0 0 
-1 -0 0 
-1 -0 0 
-1 -0 0 
-1 -0 0 
-1 -0 0 
-1 -0 0 
-1 -0 0 
-1 -0 0 
-1 -0 0 
-1 -0 0 
-1 -0 0 
-1 -0 0 
0 1 3.49148e-15 
0 1 3.49148e-15 
0 1 3.49148e-15 
0 1 3.49148e-15 
1 0 -0 
1 0 -0 
1 0 -0 
1 0 -0 
0 1 3.49148e-15 
0 1 3.49148e-15 
0 1 3.49148e-15 
0 1 3.49148e-15 
0 1 3.49148e-15 
0 1 3.49148e-15 
0 1 3.49148e-15 
0 1 3.49148e-15 
0 1 3.49148e-15 
0 1 3.49148e-15 
0 1 3.49148e-15 
0 1 3.49148e-15 
0 1 3.49148e-15 
0 1 3.49148e-15 
0 1 3.49148e-15 
0 1 3.49148e-15 
0 1 3.49148e-15 
0 1 3.49148e-15 
0 1 3.49148e-15 
0 1 3.49148e-15 
0 1 3.49148e-15 
0 1 3.49148e-15 
0 1 3.49148e-15 
0 1 3.49148e-15 
0 1 3.49148e-15 
0 1 3.49148e-15 
0 1 3.49148e-15 
0 1 3.49148e-15 
0 1 3.49148e-15 
-1 -0 0 
-1 -0 0 
-1 -0 0 
-1 -0 0 
0 -1 -3.49148e-15 
0 -1 -3.49148e-15 
0 -1 -3.49148e-15 
0 -1 -3.49148e-15 
0 -1 -3.49148e-15 
0 -1 -3.49148e-15 
0 -1 -3.49148e-15 
0 -1 -3.49148e-15 
0 -1 -3.49148e-15 
0 -1 -3.49148e-15 
0 -1 -3.49148e-15 
0 -1 -3.49148e-15 
1 0 -0 
1 0 -0 
1 0 -0 
1 0 -0 
0 1 3.49148e-15 
0 1 3.49148e-15 
0 1 3.49148e-15 
0 1 3.49148e-15 
1 0 -0 
1 0 -0 
1 0 -0 
1 0 -0 
0 -1 -3.49148e-15 
0 -1 -3.49148e-15 
0 -1 -3.49148e-15 
0 -1 -3.49148e-15 
-1 -0 0 
-1 -0 0 
-1 -0 0 
-1 -0 0 
0 1 3.49148e-15 
0 1 3.49148e-15 
0 1 3.49148e-15 
0 1 3.49148e-15 
0 -1 -3.49148e-15 
0 -1 -3.49148e-15 
0 -1 -3.49148e-15 
0 -1 -3.49148e-15 
0 -1 -3.49148e-15 
0 -1 -3.49148e-15 
0 -1 -3.49148e-15 
0 -1 -3.49148e-15 
1 0 -0 
1 0 -0 
1 0 -0 
1 0 -0 
1 0 -0 
1 0 -0 
1 0 -0 
1 0 -0 
0 1 3.49148e-15 
0 1 3.49148e-15 
0 1 3.49148e-15 
0 1 3.49148e-15 
1 0 -0 
1 0 -0 
1 0 -0 
1 0 -0 
0 -1 -3.49148e-15 
0 -1 -3.49148e-15 
0 -1 -3.49148e-15 
0 -1 -3.49148e-15 
-1 -0 0 
-1 -0 0 
-1 -0 0 
-1 -0 0 
-1 -0 0 
-1 -0 0 
0 1 3.49148e-15 
0 1 3.49148e-15 
0 1 3.49148e-15 
0 1 3.49148e-15 
-1 -0 0 
-1 -0 0 
-1 -0 0 
-1 -0 0 
0 -1 -3.49148e-15 
0 -1 -3.49148e-15 
0 -1 -3.49148e-15 
0 -1 -3.49148e-15 
0 -1 -3.49148e-15 
0 -1 -3.49148e-15 
0 -1 -3.49148e-15 
0 -1 -3.49148e-15 
0 -1 -3.49148e-15 
0 -1 -3.49148e-15 
0 -1 -3.49148e-15 
0 -1 -3.49148e-15 
1 0 -0 
1 0 -0 
1 0 -0 
1 0 -0 
0 -1 -3.49148e-15 
0 -1 -3.49148e-15 
0 -1 -3.49148e-15 
0 -1 -3.49148e-15 
-1 -0 0 
-1 -0 0 
-1 -0 0 
-1 -0 0 
0 -1 -3.49148e-15 
0 -1 -3.49148e-15 
0 -1 -3.49148e-15 
0 -1 -3.49148e-15 
0 -1 -3.49148e-15 
0 -1 -3.49148e-15 
0 -1 -3.49148e-15 
0 -1 -3.49148e-15 
0 -1 -3.49148e-15 
0 -1 -3.49148e-15 
0 -1 -3.49148e-15 
0 -1 -3.49148e-15 
1 0 -0 
1 0 -0 
1 0 -0 
1 0 -0 
0 -1 -3.49148e-15 
0 -1 -3.49148e-15 
0 -1 -3.49148e-15 
0 -1 -3.49148e-15 
1 0 -0 
1 0 -0 
1 0 -0 
1 0 -0 
1 0 -0 
1 0 -0 
1 0 -0 
1 0 -0 
0 -1 -3.49148e-15 
0 -1 -3.49148e-15 
0 -1 -3.49148e-15 
0 -1 -3.49148e-15 
0 -1 -3.49148e-15 
0 -1 -3.49148e-15 
0 -1 -3.49148e-15 
0 -1 -3.49148e-15 
0 -1 -3.49148e-15 
0 -1 -3.49148e-15 
0 -1 -3.49148e-15 
0 -1 -3.49148e-15 
0 -1 -3.49148e-15 
0 -1 -3.49148e-15 
0 -1 -3.49148e-15 
0 -1 -3.49148e-15 
0 -1 -3.49148e-15 
0 -1 -3.49148e-15 
0 -1 -3.49148e-15 
0 -1 -3.49148e-15 
0 -1 -3.49148e-15 
0 -1 -3.49148e-15 
0 -1 -3.49148e-15 
0 -1 -3.49148e-15 
0 -1 -3.49148e-15 
0 -1 -3.49148e-15 
0 -1 -3.49148e-15 
0 -1 -3.49148e-15 
0 -1 -3.49148e-15 
1 0 -0 
1 0 -0 
1 0 -0 
1 0 -0 
2.68602e-17 1 3.49148e-15 
2.68602e-17 1 3.49148e-15 
2.68602e-17 1 3.49148e-15 
2.68602e-17 1 3.49148e-15 
-1 -0 0 
-1 -0 0 
-1 -0 0 
-1 -0 0 
0 -1 -3.49148e-15 
0 -1 -3.49148e-15 
0 -1 -3.49148e-15 
0 -1 -3.49148e-15 
1 0 -0 
1 0 -0 
1 0 -0 
1 0 -0 
1 0 -0 
1 0 -0 
1 0 -0 
1 0 -0 
1 0 -0 
1 0 -0 
1 0 -0 
1 0 -0 
-1 -0 0 
-1 -0 0 
-1 -0 0 
-1 -0 0 
0 1 3.49148e-15 
0 1 3.49148e-15 
0 1 3.49148e-15 
0 1 3.49148e-15 
0 1 3.49148e-15 
0 1 3.49148e-15 
-1 -0 0 
-1 -0 0 
-1 -0 0 
-1 -0 0 
0 -1 -3.49148e-15 
0 -1 -3.49148e-15 
0 -1 -3.49148e-15 
0 -1 -3.49148e-15 
0 -1 -3.49148e-15 
0 -1 -3.49148e-15 
0 -1 -3.49148e-15 
0 -1 -3.49148e-15 
0 -1 -3.49148e-15 
0 -1 -3.49148e-15 
0 -1 -3.49148e-15 
0 -1 -3.49148e-15 
1 0 -0 
1 0 -0 
1 0 -0 
1 0 -0 
1 0 -0 
1 0 -0 
0 1 3.49148e-15 
0 1 3.49148e-15 
0 1 3.49148e-15 
0 1 3.49148e-15 
0 1 3.49148e-15 
0 1 3.49148e-15 
0 1 3.49148e-15 
0 1 3.49148e-15 
-1 -0 0 
-1 -0 0 
-1 -0 0 
-1 -0 0 
0 -1 -3.49148e-15 
0 -1 -3.49148e-15 
0 -1 -3.49148e-15 
0 -1 -3.49148e-15 
0 -1 -3.49148e-15 
0 -1 -3.49148e-15 
0 -1 -3.49148e-15 
0 -1 -3.49148e-15 
0 -1 -3.49148e-15 
0 -1 -3.49148e-15 
0 -1 -3.49148e-15 
0 -1 -3.49148e-15 
0 -1 -3.49148e-15 
0 -1 -3.49148e-15 
0 -1 -3.49148e-15 
0 -1 -3.49148e-15 
1 0 -0 
1 0 -0 
1 0 -0 
1 0 -0 
0 -1 -3.49148e-15 
0 -1 -3.49148e-15 
0 -1 -3.49148e-15 
0 -1 -3.49148e-15 
1 1.67581e-16 5.85105e-31 
1 1.67581e-16 5.85105e-31 
1 1.67581e-16 5.85105e-31 
1 1.67581e-16 5.85105e-31 
0 1 3.49148e-15 
0 1 3.49148e-15 
0 1 3.49148e-15 
0 1 3.49148e-15 
0 1 3.49148e-15 
0 1 3.49148e-15 
0 1 3.49148e-15 
0 1 3.49148e-15 
0 1 3.49148e-15 
0 1 3.49148e-15 
0 1 3.49148e-15 
0 1 3.49148e-15 
0 1 3.49148e-15 
0 1 3.49148e-15 
0 1 3.49148e-15 
0 1 3.49148e-15 
-1 -0 0 
-1 -0 0 
-1 -0 0 
-1 -0 0 
0 -1 -3.49148e-15 
0 -1 -3.49148e-15 
0 -1 -3.49148e-15 
0 -1 -3.49148e-15 
0 -1 -3.49148e-15 
0 -1 -3.49148e-15 
0 -1 -3.49148e-15 
0 -1 -3.49148e-15 
0 -1 -3.49148e-15 
0 -1 -3.49148e-15 
0 -1 -3.49148e-15 
0 -1 -3.49148e-15 
1 0 -0 
1 0 -0 
1 0 -0 
1 0 -0 
0 1 3.49148e-15 
0 1 3.49148e-15 
0 1 3.49148e-15 
0 1 3.49148e-15 
0 1 3.49148e-15 
0 1 3.49148e-15 
0 1 3.49148e-15 
0 1 3.49148e-15 
0 1 3.49148e-15 
0 1 3.49148e-15 
0 1 3.49148e-15 
0 1 3.49148e-15 
-1 -0 0 
-1 -0 0 
-1 -0 0 
-1 -0 0 
0 -1 -3.49148e-15 
0 -1 -3.49148e-15 
0 -1 -3.49148e-15 
0 -1 -3.49148e-15 
0 1 3.49148e-15 
0 1 3.49148e-15 
0 1 3.49148e-15 
0 1 3.49148e-15 
-1 -0 0 
-1 -0 0 
-1 -0 0 
-1 -0 0 
0 -1 -3.49148e-15 
0 -1 -3.49148e-15 
0 -1 -3.49148e-15 
0 -1 -3.49148e-15 
1 0 -0 
1 0 -0 
1 0 -0 
1 0 -0 
0 1 3.49148e-15 
0 1 3.49148e-15 
0 1 3.49148e-15 
0 1 3.49148e-15 
0 1 3.49148e-15 
0 1 3.49148e-15 
0 1 3.49148e-15 
0 1 3.49148e-15 
-1 -0 0 
-1 -0 0 
-1 -0 0 
-1 -0 0 
0 -1 -3.49148e-15 
0 -1 -3.49148e-15 
0 -1 -3.49148e-15 
0 -1 -3.49148e-15 
1 0 -0 
1 0 -0 
1 0 -0 
1 0 -0 
0 1 3.49148e-15 
0 1 3.49148e-15 
0 1 3.49148e-15 
0 1 3.49148e-15 
-1 -0 0 
-1 -0 0 
-1 -0 0 
-1 -0 0 
-1 -0 0 
-1 -0 0 
-1 -0 0 
-1 -0 0 
0 -1 -3.49148e-15 
0 -1 -3.49148e-15 
0 -1 -3.49148e-15 
0 -1 -3.49148e-15 
0 -1 -3.49148e-15 
0 -1 -3.49148e-15 
0 -1 -3.49148e-15 
0 -1 -3.49148e-15 
1 0 -0 
1 0 -0 
1 0 -0 
1 0 -0 
0 1 3.49148e-15 
0 1 3.49148e-15 
0 1 3.49148e-15 
0 1 3.49148e-15 
-1 -0 0 
-1 -0 0 
-1 -0 0 
-1 -0 0 
-1 -0 0 
-1 -0 0 
-1 -0 0 
-1 -0 0 
0 -1 -3.49148e-15 
0 -1 -3.49148e-15 
0 -1 -3.49148e-15 
0 -1 -3.49148e-15 
1 0 -0 
1 0 -0 
1 0 -0 
1 0 -0 
1 0 -0 
1 0 -0 
1 0 -0 
1 0 -0 
1 0 -0 
1 0 -0 
1 0 -0 
1 0 -0 
0 1 3.49148e-15 
0 1 3.49148e-15 
0 1 3.49148e-15 
0 1 3.49148e-15 
1 0 -0 
1 0 -0 
1 0 -0 
1 0 -0 
1 0 -0 
1 0 -0 
1 0 -0 
1 0 -0 
1 0 -0 
1 0 -0 
1 0 -0 
1 0 -0 
0 1 3.49148e-15 
0 1 3.49148e-15 
0 1 3.49148e-15 
0 1 3.49148e-15 
-1 -0 0 
-1 -0 0 
-1 -0 0 
-1 -0 0 
0 -1 -3.49148e-15 
0 -1 -3.49148e-15 
0 -1 -3.49148e-15 
0 -1 -3.49148e-15 
-1 -0 0 
-1 -0 0 
-1 -0 0 
-1 -0 0 
0 -1 -3.49148e-15 
0 -1 -3.49148e-15 
0 -1 -3.49148e-15 
0 -1 -3.49148e-15 
1 0 -0 
1 0 -0 
1 0 -0 
1 0 -0 
1 0 -0 
1 0 -0 
1 0 -0 
1 0 -0 
1 0 -0 
1 0 -0 
1 0 -0 
1 0 -0 
5.73018e-16 1 3.49148e-15 
5.73018e-16 1 3.49148e-15 
5.73018e-16 1 3.49148e-15 
5.73018e-16 1 3.49148e-15 
-1 -0 0 
-1 -0 0 
-1 -0 0 
-1 -0 0 
-5.73018e-16 -1 -3.49148e-15 
-5.73018e-16 -1 -3.49148e-15 
-5.73018e-16 -1 -3.49148e-15 
-5.73018e-16 -1 -3.49148e-15 
1 0 -0 
1 0 -0 
1 0 -0 
1 0 -0 
1 0 -0 
1 0 -0 
1 0 -0 
1 0 -0 
1 0 -0 
1 0 -0 
1 0 -0 
1 0 -0 
0 1 3.49148e-15 
0 1 3.49148e-15 
0 1 3.49148e-15 
0 1 3.49148e-15 
-1 -0 0 
-1 -0 0 
-1 -0 0 
-1 -0 0 
0 -1 -3.49148e-15 
0 -1 -3.49148e-15 
0 -1 -3.49148e-15 
0 -1 -3.49148e-15 
1 0 -0 
1 0 -0 
1 0 -0 
1 0 -0 
1 0 -0 
1 0 -0 
1 0 -0 
1 0 -0 
1 0 -0 
1 0 -0 
1 0 -0 
1 0 -0 
0 1 3.49148e-15 
0 1 3.49148e-15 
0 1 3.49148e-15 
0 1 3.49148e-15 
1 0 -0 
1 0 -0 
1 0 -0 
1 0 -0 
0 1 3.49148e-15 
0 1 3.49148e-15 
0 1 3.49148e-15 
0 1 3.49148e-15 
0 1 3.49148e-15 
0 1 3.49148e-15 
0 1 3.49148e-15 
0 1 3.49148e-15 
0 1 3.49148e-15 
0 1 3.49148e-15 
0 1 3.49148e-15 
0 1 3.49148e-15 
0 1 3.49148e-15 
0 1 3.49148e-15 
0 1 3.49148e-15 
0 1 3.49148e-15 
-1 -0 0 
-1 -0 0 
-1 -0 0 
-1 -0 0 
-1 -0 0 
-1 -0 0 
-1 -0 0 
-1 -0 0 
4.33258e-16 -1 -3.49148e-15 
4.33258e-16 -1 -3.49148e-15 
4.33258e-16 -1 -3.49148e-15 
4.33258e-16 -1 -3.49148e-15 
-1 -0 0 
-1 -0 0 
-1 -0 0 
-1 -0 0 
-1.21758e-16 -3.49148e-15 1 
-1.21758e-16 -3.49148e-15 1 
-1.21758e-16 -3.49148e-15 1 
-1.21758e-16 -3.49148e-15 1 
1 0 -0 
1 0 -0 
1 0 -0 
1 0 -0 
8.37904e-17 3.49148e-15 -1 
8.37904e-17 3.49148e-15 -1 
8.37904e-17 3.49148e-15 -1 
8.37904e-17 3.49148e-15 -1 
9.91271e-18 -3.49148e-15 1 
9.91271e-18 -3.49148e-15 1 
9.91271e-18 -3.49148e-15 1 
9.91271e-18 -3.49148e-15 1 
1 -5.16843e-30 1.4803e-15 
1 -5.16843e-30 1.4803e-15 
1 -5.16843e-30 1.4803e-15 
1 -5.16843e-30 1.4803e-15 
-0 3.49148e-15 -1 
-0 3.49148e-15 -1 
-0 3.49148e-15 -1 
-0 3.49148e-15 -1 
-1 -0 0 
-1 -0 0 
-1 -0 0 
-1 -0 0 
-7.5697e-17 -3.49148e-15 1 
-7.5697e-17 -3.49148e-15 1 
-7.5697e-17 -3.49148e-15 1 
-7.5697e-17 -3.49148e-15 1 
1 0 -0 
1 0 -0 
1 0 -0 
1 0 -0 
-4.03717e-16 3.49148e-15 -1 
-4.03717e-16 3.49148e-15 -1 
-4.03717e-16 3.49148e-15 -1 
-4.03717e-16 3.49148e-15 -1 
-1 -0 0 
-1 -0 0 
-1 -0 0 
-1 -0 0 
1 0 -0 
1 0 -0 
1 0 -0 
1 0 -0 
-0 3.49148e-15 -1 
-0 3.49148e-15 -1 
-0 3.49148e-15 -1 
-0 3.49148e-15 -1 
-1 -0 0 
-1 -0 0 
-1 -0 0 
-1 -0 0 
-0 -3.49148e-15 1 
-0 -3.49148e-15 1 
-0 -3.49148e-15 1 
-0 -3.49148e-15 1 
1 0 -0 
1 0 -0 
1 0 -0 
1 0 -0 
-0 3.49148e-15 -1 
-0 3.49148e-15 -1 
-0 3.49148e-15 -1 
-0 3.49148e-15 -1 
-1 -0 0 
-1 -0 0 
-1 -0 0 
-1 -0 0 
-0 -3.49148e-15 1 
-0 -3.49148e-15 1 
-0 -3.49148e-15 1 
-0 -3.49148e-15 1 
1 0 -0 
1 0 -0 
1 0 -0 
1 0 -0 
-0 3.49148e-15 -1 
-0 3.49148e-15 -1 
-0 3.49148e-15 -1 
-0 3.49148e-15 -1 
-1 -0 0 
-1 -0 0 
-1 -0 0 
-1 -0 0 
-0 -3.49148e-15 1 
-0 -3.49148e-15 1 
-0 -3.49148e-15 1 
-0 -3.49148e-15 1 
-0 3.49148e-15 -1 
-0 3.49148e-15 -1 
-0 3.49148e-15 -1 
-0 3.49148e-15 -1 
1 0 -0 
1 0 -0 
1 0 -0 
1 0 -0 
-1 -0 0 
-1 -0 0 
-1 -0 0 
-1 -0 0 
-0 3.49148e-15 -1 
-0 3.49148e-15 -1 
-0 3.49148e-15 -1 
-0 3.49148e-15 -1 
1 0 -0 
1 0 -0 
1 0 -0 
1 0 -0 
-1 -0 0 
-1 -0 0 
-1 -0 0 
-1 -0 0 
-1 -0 0 
-1 -0 0 
-1 -0 0 
-1 -0 0 
6.34413e-16 3.49148e-15 -1 
6.34413e-16 3.49148e-15 -1 
6.34413e-16 3.49148e-15 -1 
6.34413e-16 3.49148e-15 -1 
1 0 -0 
1 0 -0 
1 0 -0 
1 0 -0 
-0 -1 -3.49148e-15 
-0 -1 -3.49148e-15 
-0 -1 -3.49148e-15 
-0 -1 -3.49148e-15 
-0 3.49148e-15 -1 
-0 3.49148e-15 -1 
-0 3.49148e-15 -1 
-0 3.49148e-15 -1 
-0 1 3.49148e-15 
-0 1 3.49148e-15 
-0 1 3.49148e-15 
-0 1 3.49148e-15 
0 3.49148e-15 -1 
0 3.49148e-15 -1 
0 3.49148e-15 -1 
0 3.49148e-15 -1 
0 -1 -3.49148e-15 
0 -1 -3.49148e-15 
0 -1 -3.49148e-15 
0 -1 -3.49148e-15 
0 1 3.49148e-15 
0 1 3.49148e-15 
0 1 3.49148e-15 
0 1 3.49148e-15 
-1 -0 0 
-1 -0 0 
-1 -0 0 
-1 -0 0 
1 0 -0 
1 0 -0 
1 0 -0 
1 0 -0 
-0 3.49148e-15 -1 
-0 3.49148e-15 -1 
-0 3.49148e-15 -1 
-0 3.49148e-15 -1 
1 0 -0 
1 0 -0 
1 0 -0 
1 0 -0 
4.03717e-16 3.49148e-15 -1 
4.03717e-16 3.49148e-15 -1 
4.03717e-16 3.49148e-15 -1 
4.03717e-16 3.49148e-15 -1 
-1 -0 0 
-1 -0 0 
-1 -0 0 
-1 -0 0 
-1 -0 0 
-1 -0 0 
-1 -0 0 
-1 -0 0 
1 0 -0 
1 0 -0 
1 0 -0 
1 0 -0 
-0 3.49148e-15 -1 
-0 3.49148e-15 -1 
-0 3.49148e-15 -1 
-0 3.49148e-15 -1 
1 0 -0 
1 0 -0 
1 0 -0 
1 0 -0 
-0 3.49148e-15 -1 
-0 3.49148e-15 -1 
-0 3.49148e-15 -1 
-0 3.49148e-15 -1 
-1 -0 0 
-1 -0 0 
-1 -0 0 
-1 -0 0 
1 0 -0 
1 0 -0 
1 0 -0 
1 0 -0 
4.03717e-16 3.49148e-15 -1 
4.03717e-16 3.49148e-15 -1 
4.03717e-16 3.49148e-15 -1 
4.03717e-16 3.49148e-15 -1 
-1 -0 0 
-1 -0 0 
-1 -0 0 
-1 -0 0 
1 0 -0 
1 0 -0 
1 0 -0 
1 0 -0 
-0 3.49148e-15 -1 
-0 3.49148e-15 -1 
-0 3.49148e-15 -1 
-0 3.49148e-15 -1 
-1 -0 0 
-1 -0 0 
-1 -0 0 
-1 -0 0 
-0 1 3.49148e-15 
-0 1 3.49148e-15 
-0 1 3.49148e-15 
-0 1 3.49148e-15 
-0 -1 -3.49148e-15 
-0 -1 -3.49148e-15 
-0 -1 -3.49148e-15 
-0 -1 -3.49148e-15 
-0 3.49148e-15 -1 
-0 3.49148e-15 -1 
-0 3.49148e-15 -1 
-0 3.49148e-15 -1 
-0 1 3.49148e-15 
-0 1 3.49148e-15 
-0 1 3.49148e-15 
-0 1 3.49148e-15 
-0 -1 -3.49148e-15 
-0 -1 -3.49148e-15 
-0 -1 -3.49148e-15 
-0 -1 -3.49148e-15 
-0 3.08776e-15 -1 
-0 3.08776e-15 -1 
-0 3.08776e-15 -1 
-0 3.08776e-15 -1 
-0 1 3.49148e-15 
-0 1 3.49148e-15 
-0 1 3.49148e-15 
-0 1 3.49148e-15 
-0 -1 -3.49148e-15 
-0 -1 -3.49148e-15 
-0 -1 -3.49148e-15 
-0 -1 -3.49148e-15 
-0 3.49148e-15 -1 
-0 3.49148e-15 -1 
-0 3.49148e-15 -1 
-0 3.49148e-15 -1 
-0 1 3.49148e-15 
-0 1 3.49148e-15 
-0 1 3.49148e-15 
-0 1 3.49148e-15 
-0 -1 -3.49148e-15 
-0 -1 -3.49148e-15 
-0 -1 -3.49148e-15 
-0 -1 -3.49148e-15 
-0 3.08776e-15 -1 
-0 3.08776e-15 -1 
-0 3.08776e-15 -1 
-0 3.08776e-15 -1 
-0 1 3.49148e-15 
-0 1 3.49148e-15 
-0 1 3.49148e-15 
-0 1 3.49148e-15 
-0 -1 -3.49148e-15 
-0 -1 -3.49148e-15 
-0 -1 -3.49148e-15 
-0 -1 -3.49148e-15 
-0 3.49148e-15 -1 
-0 3.49148e-15 -1 
-0 3.49148e-15 -1 
-0 3.49148e-15 -1 
-0 1 3.49148e-15 
-0 1 3.49148e-15 
-0 1 3.49148e-15 
-0 1 3.49148e-15 
-0 -1 -3.49148e-15 
-0 -1 -3.49148e-15 
-0 -1 -3.49148e-15 
-0 -1 -3.49148e-15 
-0 3.08776e-15 -1 
-0 3.08776e-15 -1 
-0 3.08776e-15 -1 
-0 3.08776e-15 -1 
-0 3.49148e-15 -1 
-0 3.49148e-15 -1 
-0 3.49148e-15 -1 
-0 3.49148e-15 -1 
-0 1 3.49148e-15 
-0 1 3.49148e-15 
-0 1 3.49148e-15 
-0 1 3.49148e-15 
-0 -1 -3.49148e-15 
-0 -1 -3.49148e-15 
-0 -1 -3.49148e-15 
-0 -1 -3.49148e-15 
-0 3.08776e-15 -1 
-0 3.08776e-15 -1 
-0 3.08776e-15 -1 
-0 3.08776e-15 -1 
-0 1 3.49148e-15 
-0 1 3.49148e-15 
-0 1 3.49148e-15 
-0 1 3.49148e-15 
-0 -1 -3.49148e-15 
-0 -1 -3.49148e-15 
-0 -1 -3.49148e-15 
-0 -1 -3.49148e-15 
-0 -1 -3.49148e-15 
-0 -1 -3.49148e-15 
-0 -1 -3.49148e-15 
-0 -1 -3.49148e-15 
-0 3.8952e-15 -1 
-0 3.8952e-15 -1 
-0 3.8952e-15 -1 
-0 3.8952e-15 -1 
-0 1 3.49148e-15 
-0 1 3.49148e-15 
-0 1 3.49148e-15 
-0 1 3.49148e-15 
-0 3.49148e-15 -1 
-0 3.49148e-15 -1 
-0 3.49148e-15 -1 
-0 3.49148e-15 -1 
-0 1 3.49148e-15 
-0 1 3.49148e-15 
-0 1 3.49148e-15 
-0 1 3.49148e-15 
-0 -1 -3.49148e-15 
-0 -1 -3.49148e-15 
-0 -1 -3.49148e-15 
-0 -1 -3.49148e-15 
-0 3.49148e-15 -1 
-0 3.49148e-15 -1 
-0 3.49148e-15 -1 
-0 3.49148e-15 -1 
-0 1 3.59722e-15 
-0 1 3.59722e-15 
-0 1 3.59722e-15 
-0 1 3.59722e-15 
-0 -1 -3.59722e-15 
-0 -1 -3.59722e-15 
-0 -1 -3.59722e-15 
-0 -1 -3.59722e-15 
-0 3.8952e-15 -1 
-0 3.8952e-15 -1 
-0 3.8952e-15 -1 
-0 3.8952e-15 -1 
-0 1 3.59722e-15 
-0 1 3.59722e-15 
-0 1 3.59722e-15 
-0 1 3.59722e-15 
-0 -1 -3.70295e-15 
-0 -1 -3.70295e-15 
-0 -1 -3.70295e-15 
-0 -1 -3.70295e-15 
-1 -0 0 
-1 -0 0 
-1 -0 0 
-1 -0 0 
1 0 -0 
1 0 -0 
1 0 -0 
1 0 -0 
-0 3.49148e-15 -1 
-0 3.49148e-15 -1 
-0 3.49148e-15 -1 
-0 3.49148e-15 -1 
4.03717e-16 3.49148e-15 -1 
4.03717e-16 3.49148e-15 -1 
4.03717e-16 3.49148e-15 -1 
4.03717e-16 3.49148e-15 -1 
-1 -0 0 
-1 -0 0 
-1 -0 0 
-1 -0 0 
1 0 -0 
1 0 -0 
1 0 -0 
1 0 -0 
-1 -0 0 
-1 -0 0 
-1 -0 0 
-1 -0 0 
1 0 -0 
1 0 -0 
1 0 -0 
1 0 -0 
-0 3.49148e-15 -1 
-0 3.49148e-15 -1 
-0 3.49148e-15 -1 
-0 3.49148e-15 -1 
1 0 -0 
1 0 -0 
1 0 -0 
1 0 -0 
-4.03717e-16 3.49148e-15 -1 
-4.03717e-16 3.49148e-15 -1 
-4.03717e-16 3.49148e-15 -1 
-4.03717e-16 3.49148e-15 -1 
-1 -0 0 
-1 -0 0 
-1 -0 0 
-1 -0 0 
-1.4803e-16 3.49148e-15 -1 
-1.4803e-16 3.49148e-15 -1 
-1.4803e-16 3.49148e-15 -1 
-1.4803e-16 3.49148e-15 -1 
-1 -0 0 
-1 -0 0 
-1 -0 0 
-1 -0 0 
1 0 -0 
1 0 -0 
1 0 -0 
1 0 -0 
-0 3.49148e-15 -1 
-0 3.49148e-15 -1 
-0 3.49148e-15 -1 
-0 3.49148e-15 -1 
-1 -0 0 
-1 -0 0 
-1 -0 0 
-1 -0 0 
1 1.47669e-30 -4.22942e-16 
1 1.47669e-30 -4.22942e-16 
1 1.47669e-30 -4.22942e-16 
1 1.47669e-30 -4.22942e-16 
-0 3.58211e-15 -1 
-0 3.58211e-15 -1 
-0 3.58211e-15 -1 
-0 3.58211e-15 -1 
-0 1 3.49148e-15 
-0 1 3.49148e-15 
-0 1 3.49148e-15 
-0 1 3.49148e-15 
0 -3.61327e-15 1 
0 -3.61327e-15 1 
0 -3.61327e-15 1 
0 -3.61327e-15 1 
-0 -1 -3.49148e-15 
-0 -1 -3.49148e-15 
-0 -1 -3.49148e-15 
-0 -1 -3.49148e-15 
1 0 -0 
1 0 -0 
1 0 -0 
1 0 -0 
-0 3.49148e-15 -1 
-0 3.49148e-15 -1 
-0 3.49148e-15 -1 
-0 3.49148e-15 -1 
-1 -0 0 
-1 -0 0 
-1 -0 0 
-1 -0 0 
-0 -3.49148e-15 1 
-0 -3.49148e-15 1 
-0 -3.49148e-15 1 
-0 -3.49148e-15 1 
1 0 -0 
1 0 -0 
1 0 -0 
1 0 -0 
-0 3.49148e-15 -1 
-0 3.49148e-15 -1 
-0 3.49148e-15 -1 
-0 3.49148e-15 -1 
-1 -0 0 
-1 -0 0 
-1 -0 0 
-1 -0 0 
-0 -3.49148e-15 1 
-0 -3.49148e-15 1 
-0 -3.49148e-15 1 
-0 -3.49148e-15 1 
1 0 -0 
1 0 -0 
1 0 -0 
1 0 -0 
-0 3.49148e-15 -1 
-0 3.49148e-15 -1 
-0 3.49148e-15 -1 
-0 3.49148e-15 -1 
-1 -0 0 
-1 -0 0 
-1 -0 0 
-1 -0 0 
-0 -3.49148e-15 1 
-0 -3.49148e-15 1 
-0 -3.49148e-15 1 
-0 -3.49148e-15 1 
-0 -3.49148e-15 1 
-0 -3.49148e-15 1 
-0 -3.49148e-15 1 
-0 -3.49148e-15 1 
-1 -0 0 
-1 -0 0 
-1 -0 0 
-1 -0 0 
-0 3.49148e-15 -1 
-0 3.49148e-15 -1 
-0 3.49148e-15 -1 
-0 3.49148e-15 -1 
1 0 -0 
1 0 -0 
1 0 -0 
1 0 -0 
-0 3.49148e-15 -1 
-0 3.49148e-15 -1 
-0 3.49148e-15 -1 
-0 3.49148e-15 -1 
-0 3.49148e-15 -1 
-0 3.49148e-15 -1 
-0 3.49148e-15 -1 
-0 3.49148e-15 -1 
-0 3.49148e-15 -1 
-0 3.49148e-15 -1 
-0 3.49148e-15 -1 
-0 3.49148e-15 -1 
-0 3.49148e-15 -1 
-0 3.49148e-15 -1 
-0 3.49148e-15 -1 
-0 3.49148e-15 -1 
-0 3.49148e-15 -1 
-0 3.49148e-15 -1 
-0 3.49148e-15 -1 
-0 3.49148e-15 -1 
-0 3.49148e-15 -1 
-0 3.49148e-15 -1 
-0 3.49148e-15 -1 
-0 3.49148e-15 -1 
-0 3.49148e-15 -1 
-0 3.49148e-15 -1 
-0 3.49148e-15 -1 
-0 3.49148e-15 -1 
-0 3.49148e-15 -1 
-0 3.49148e-15 -1 
-0 3.49148e-15 -1 
-0 3.49148e-15 -1 
-0 3.49148e-15 -1 
-0 3.49148e-15 -1 
-0 3.49148e-15 -1 
-0 3.49148e-15 -1 
-0 3.49148e-15 -1 
-0 3.49148e-15 -1 
-0 3.49148e-15 -1 
-0 3.49148e-15 -1 
-0 -1 -3.49148e-15 
-0 -1 -3.49148e-15 
-0 -1 -3.49148e-15 
-0 -1 -3.49148e-15 
1 0 -0 
1 0 -0 
1 0 -0 
1 0 -0 
-0 -1 -3.49148e-15 
-0 -1 -3.49148e-15 
-0 -1 -3.49148e-15 
-0 -1 -3.49148e-15 
1 0 -0 
1 0 -0 
1 0 -0 
1 0 -0 
-0 1 3.49148e-15 
-0 1 3.49148e-15 
-0 1 3.49148e-15 
-0 1 3.49148e-15 
-0 1 3.49148e-15 
-0 1 3.49148e-15 
-0 1 3.49148e-15 
-0 1 3.49148e-15 
-0 1 3.49148e-15 
-0 1 3.49148e-15 
-0 1 3.49148e-15 
-0 1 3.49148e-15 
-0 1 3.49148e-15 
-0 1 3.49148e-15 
-0 1 3.49148e-15 
-0 1 3.49148e-15 
-0 1 3.49148e-15 
-0 1 3.49148e-15 
-0 1 3.49148e-15 
-0 1 3.49148e-15 
-0 1 3.49148e-15 
-0 1 3.49148e-15 
-0 1 3.49148e-15 
-0 1 3.49148e-15 
-0 1 3.49148e-15 
-0 1 3.49148e-15 
-0 1 3.49148e-15 
-0 1 3.49148e-15 
-1 -0 0 
-1 -0 0 
-1 -0 0 
-1 -0 0 
-2.11471e-16 1 3.49148e-15 
-2.11471e-16 1 3.49148e-15 
-2.11471e-16 1 3.49148e-15 
-2.11471e-16 1 3.49148e-15 
-1 -1.58603e-16 -5.5376e-31 
-1 -1.58603e-16 -5.5376e-31 
-1 -1.58603e-16 -5.5376e-31 
-1 -1.58603e-16 -5.5376e-31 
-0 1 3.49148e-15 
-0 1 3.49148e-15 
-0 1 3.49148e-15 
-0 1 3.49148e-15 
-1 5.74253e-17 2.00499e-31 
-1 5.74253e-17 2.00499e-31 
-1 5.74253e-17 2.00499e-31 
-1 5.74253e-17 2.00499e-31 
-0 -1 -3.49148e-15 
-0 -1 -3.49148e-15 
-0 -1 -3.49148e-15 
-0 -1 -3.49148e-15 
-0 -1 -3.49148e-15 
-0 -1 -3.49148e-15 
-0 -1 -3.49148e-15 
-0 -1 -3.49148e-15 
-0 -1 -3.49148e-15 
-0 -1 -3.49148e-15 
-0 -1 -3.49148e-15 
-0 -1 -3.49148e-15 
-0 -1 -3.49148e-15 
-0 -1 -3.49148e-15 
-0 -1 -3.49148e-15 
-0 -1 -3.49148e-15 
-0 -1 -3.49148e-15 
-0 -1 -3.49148e-15 
-0 -1 -3.49148e-15 
-0 -1 -3.49148e-15 
-1 -0 0 
-1 -0 0 
-1 -0 0 
-1 -0 0 
-1 -0 0 
-1 -0 0 
-1 -0 0 
-1 -0 0 
-0 -1 -3.49148e-15 
-0 -1 -3.49148e-15 
-0 -1 -3.49148e-15 
-0 -1 -3.49148e-15 
1 -1.4803e-15 -5.16843e-30 
1 -1.4803e-15 -5.16843e-30 
1 -1.4803e-15 -5.16843e-30 
1 -1.4803e-15 -5.16843e-30 
-0 1 3.49148e-15 
-0 1 3.49148e-15 
-0 1 3.49148e-15 
-0 1 3.49148e-15 
0 -3.49148e-15 1 
0 -3.49148e-15 1 
0 -3.49148e-15 1 
0 -3.49148e-15 1 
-1 -0 0 
-1 -0 0 
-1 -0 0 
-1 -0 0 
-0 -1 -3.49148e-15 
-0 -1 -3.49148e-15 
-0 -1 -3.49148e-15 
-0 -1 -3.49148e-15 
1 -2.96059e-15 -1.03369e-29 
1 -2.96059e-15 -1.03369e-29 
1 -2.96059e-15 -1.03369e-29 
1 -2.96059e-15 -1.03369e-29 
-0 1 3.49148e-15 
-0 1 3.49148e-15 
-0 1 3.49148e-15 
-0 1 3.49148e-15 
0 -3.49148e-15 1 
0 -3.49148e-15 1 
0 -3.49148e-15 1 
0 -3.49148e-15 1 
-1 -0 0 
-1 -0 0 
-1 -0 0 
-1 -0 0 
-0 -1 -3.49148e-15 
-0 -1 -3.49148e-15 
-0 -1 -3.49148e-15 
-0 -1 -3.49148e-15 
1 0 -0 
1 0 -0 
1 0 -0 
1 0 -0 
-0 1 3.49148e-15 
-0 1 3.49148e-15 
-0 1 3.49148e-15 
-0 1 3.49148e-15 
0 -3.49148e-15 1 
0 -3.49148e-15 1 
0 -3.49148e-15 1 
0 -3.49148e-15 1 
1 0 -0 
1 0 -0 
1 0 -0 
1 0 -0 
</float_array>
				<technique_common>
					<accessor source="#Body2-mesh-normals-array" count="1737" stride="3">
						<param name="X" type="float"/>
						<param name="Y" type="float"/>
						<param name="Z" type="float"/>
					</accessor>
				</technique_common>
			</source>
			<vertices id="Body2-mesh-vertices">
				<input semantic="POSITION" source="#Body2-mesh-positions"/>
			</vertices>
			<triangles count="2" material="Material28">
				<input semantic="VERTEX" source="#Body2-mesh-vertices" offset="0"/>
				<input semantic="NORMAL" source="#Body2-mesh-normals" offset="1"/>
				<p>
0 0 1 1 2 2 
0 0 2 2 3 3 
</p>
			</triangles>
			<triangles count="2" material="Material29">
				<input semantic="VERTEX" source="#Body2-mesh-vertices" offset="0"/>
				<input semantic="NORMAL" source="#Body2-mesh-normals" offset="1"/>
				<p>
4 4 5 5 6 6 
4 4 6 6 7 7 
</p>
			</triangles>
			<triangles count="2" material="Material30">
				<input semantic="VERTEX" source="#Body2-mesh-vertices" offset="0"/>
				<input semantic="NORMAL" source="#Body2-mesh-normals" offset="1"/>
				<p>
8 8 9 9 10 10 
9 9 8 8 11 11 
</p>
			</triangles>
			<triangles count="72" material="Material31">
				<input semantic="VERTEX" source="#Body2-mesh-vertices" offset="0"/>
				<input semantic="NORMAL" source="#Body2-mesh-normals" offset="1"/>
				<p>
12 12 13 13 14 14 
15 15 13 13 16 16 
17 17 18 18 19 19 
20 20 21 21 22 22 
23 23 24 24 25 25 
16 16 26 26 21 21 
16 16 27 27 26 26 
28 28 29 29 30 30 
30 30 31 31 32 32 
16 16 20 20 15 15 
21 21 20 20 16 16 
33 33 34 34 25 25 
35 35 36 36 37 37 
34 34 33 33 38 38 
30 30 39 39 40 40 
28 28 32 32 41 41 
17 17 39 39 42 42 
34 34 30 30 40 40 
15 15 30 30 43 43 
13 13 24 24 14 14 
30 30 15 15 44 44 
45 45 46 46 47 47 
14 14 45 45 12 12 
48 48 49 49 50 50 
51 51 52 52 53 53 
49 49 54 54 50 50 
46 46 55 55 50 50 
56 56 49 49 48 48 
48 48 57 57 56 56 
56 56 58 58 49 49 
46 46 50 50 54 54 
58 58 59 59 49 49 
60 60 61 61 54 54 
53 53 54 54 61 61 
62 62 63 63 64 64 
62 62 65 65 63 63 
66 66 67 67 64 64 
66 66 64 64 63 63 
53 53 61 61 62 62 
52 52 68 68 69 69 
53 53 46 46 54 54 
62 62 64 64 53 53 
69 69 53 53 52 52 
46 46 53 53 70 70 
71 71 72 72 73 73 
74 74 72 72 71 71 
75 75 12 12 47 47 
69 69 76 76 70 70 
68 68 73 73 77 77 
71 71 73 73 68 68 
52 52 71 71 68 68 
53 53 69 69 70 70 
46 46 70 70 47 47 
12 12 45 45 47 47 
13 13 15 15 43 43 
30 30 44 44 31 31 
24 24 43 43 33 33 
13 13 43 43 24 24 
24 24 33 33 25 25 
30 30 34 34 38 38 
44 44 35 35 31 31 
41 41 78 78 37 37 
39 39 30 30 29 29 
18 18 42 42 37 37 
31 31 35 35 78 78 
37 37 78 78 35 35 
42 42 79 79 37 37 
18 18 17 17 42 42 
41 41 79 79 28 28 
37 37 79 79 41 41 
32 32 28 28 30 30 
42 42 39 39 29 29 
</p>
			</triangles>
			<triangles count="2" material="Material32">
				<input semantic="VERTEX" source="#Body2-mesh-vertices" offset="0"/>
				<input semantic="NORMAL" source="#Body2-mesh-normals" offset="1"/>
				<p>
80 80 81 81 82 82 
81 81 80 80 83 83 
</p>
			</triangles>
			<triangles count="10" material="Material33">
				<input semantic="VERTEX" source="#Body2-mesh-vertices" offset="0"/>
				<input semantic="NORMAL" source="#Body2-mesh-normals" offset="1"/>
				<p>
84 84 85 85 86 86 
87 87 88 88 84 84 
89 89 84 84 86 86 
86 86 90 90 89 89 
91 91 87 87 92 92 
91 91 93 93 88 88 
88 88 87 87 91 91 
91 91 94 94 93 93 
95 95 85 85 84 84 
87 87 84 84 89 89 
</p>
			</triangles>
			<triangles count="10" material="Material34">
				<input semantic="VERTEX" source="#Body2-mesh-vertices" offset="0"/>
				<input semantic="NORMAL" source="#Body2-mesh-normals" offset="1"/>
				<p>
96 96 97 97 98 98 
99 99 100 100 96 96 
101 101 96 96 98 98 
98 98 102 102 101 101 
103 103 99 99 104 104 
103 103 105 105 100 100 
100 100 99 99 103 103 
103 103 106 106 105 105 
107 107 97 97 96 96 
99 99 96 96 101 101 
</p>
			</triangles>
			<triangles count="10" material="Material35">
				<input semantic="VERTEX" source="#Body2-mesh-vertices" offset="0"/>
				<input semantic="NORMAL" source="#Body2-mesh-normals" offset="1"/>
				<p>
108 108 109 109 110 110 
111 111 112 112 108 108 
113 113 108 108 110 110 
110 110 114 114 113 113 
115 115 111 111 116 116 
115 115 117 117 112 112 
112 112 111 111 115 115 
115 115 118 118 117 117 
119 119 109 109 108 108 
111 111 108 108 113 113 
</p>
			</triangles>
			<triangles count="10" material="Material36">
				<input semantic="VERTEX" source="#Body2-mesh-vertices" offset="0"/>
				<input semantic="NORMAL" source="#Body2-mesh-normals" offset="1"/>
				<p>
120 120 121 121 122 122 
123 123 124 124 120 120 
125 125 120 120 122 122 
122 122 126 126 125 125 
127 127 123 123 128 128 
127 127 129 129 124 124 
124 124 123 123 127 127 
127 127 130 130 129 129 
131 131 121 121 120 120 
123 123 120 120 125 125 
</p>
			</triangles>
			<triangles count="10" material="Material37">
				<input semantic="VERTEX" source="#Body2-mesh-vertices" offset="0"/>
				<input semantic="NORMAL" source="#Body2-mesh-normals" offset="1"/>
				<p>
132 132 133 133 134 134 
135 135 136 136 132 132 
137 137 132 132 134 134 
134 134 138 138 137 137 
139 139 135 135 140 140 
139 139 141 141 136 136 
136 136 135 135 139 139 
139 139 142 142 141 141 
143 143 133 133 132 132 
135 135 132 132 137 137 
</p>
			</triangles>
			<triangles count="10" material="Material38">
				<input semantic="VERTEX" source="#Body2-mesh-vertices" offset="0"/>
				<input semantic="NORMAL" source="#Body2-mesh-normals" offset="1"/>
				<p>
144 144 145 145 146 146 
147 147 148 148 149 149 
150 150 144 144 146 146 
146 146 151 151 150 150 
148 148 147 147 152 152 
148 148 153 153 149 149 
154 154 145 145 144 144 
148 148 155 155 153 153 
150 150 147 147 149 149 
150 150 149 149 144 144 
</p>
			</triangles>
			<triangles count="59" material="Material39">
				<input semantic="VERTEX" source="#Body2-mesh-vertices" offset="0"/>
				<input semantic="NORMAL" source="#Body2-mesh-normals" offset="1"/>
				<p>
156 156 157 157 158 158 
159 159 158 158 157 157 
160 160 161 161 162 162 
163 163 164 164 156 156 
162 162 164 164 160 160 
165 165 156 156 162 162 
162 162 156 156 164 164 
166 166 167 167 168 168 
167 167 169 169 170 170 
171 171 172 172 173 173 
174 174 175 175 176 176 
177 177 178 178 158 158 
175 175 177 177 179 179 
180 180 170 170 169 169 
181 181 182 182 183 183 
166 166 184 184 185 185 
184 184 186 186 173 173 
187 187 172 172 188 188 
189 189 190 190 171 171 
189 189 171 171 191 191 
192 192 193 193 194 194 
175 175 194 194 195 195 
196 196 197 197 198 198 
193 193 199 199 194 194 
196 196 198 198 177 177 
194 194 175 175 192 192 
174 174 177 177 175 175 
199 199 200 200 194 194 
199 199 193 193 179 179 
194 194 200 200 189 189 
188 188 172 172 197 197 
199 199 179 179 198 198 
198 198 179 179 177 177 
189 189 200 200 201 201 
197 197 201 201 200 200 
189 189 201 201 190 190 
173 173 191 191 171 171 
201 201 197 197 172 172 
197 197 196 196 188 188 
156 156 178 178 202 202 
156 156 158 158 178 178 
163 163 202 202 176 176 
156 156 202 202 163 163 
175 175 195 195 176 176 
176 176 195 195 163 163 
178 178 177 177 174 174 
196 196 169 169 188 188 
167 167 182 182 203 203 
187 187 181 181 172 172 
167 167 166 166 185 185 
188 188 169 169 203 203 
167 167 203 203 169 169 
173 173 181 181 204 204 
184 184 173 173 204 204 
182 182 167 167 183 183 
167 167 185 185 183 183 
172 172 181 181 173 173 
182 182 181 181 187 187 
185 185 184 184 204 204 
</p>
			</triangles>
			<triangles count="2" material="Material40">
				<input semantic="VERTEX" source="#Body2-mesh-vertices" offset="0"/>
				<input semantic="NORMAL" source="#Body2-mesh-normals" offset="1"/>
				<p>
205 205 206 206 207 207 
206 206 205 205 208 208 
</p>
			</triangles>
			<triangles count="2" material="Material41">
				<input semantic="VERTEX" source="#Body2-mesh-vertices" offset="0"/>
				<input semantic="NORMAL" source="#Body2-mesh-normals" offset="1"/>
				<p>
209 209 210 210 211 211 
211 211 212 212 209 209 
</p>
			</triangles>
			<triangles count="2" material="Material42">
				<input semantic="VERTEX" source="#Body2-mesh-vertices" offset="0"/>
				<input semantic="NORMAL" source="#Body2-mesh-normals" offset="1"/>
				<p>
213 213 214 214 215 215 
215 215 216 216 213 213 
</p>
			</triangles>
			<triangles count="2" material="Material43">
				<input semantic="VERTEX" source="#Body2-mesh-vertices" offset="0"/>
				<input semantic="NORMAL" source="#Body2-mesh-normals" offset="1"/>
				<p>
217 217 218 218 219 219 
219 219 220 220 217 217 
</p>
			</triangles>
			<triangles count="2" material="Material44">
				<input semantic="VERTEX" source="#Body2-mesh-vertices" offset="0"/>
				<input semantic="NORMAL" source="#Body2-mesh-normals" offset="1"/>
				<p>
221 221 222 222 223 223 
223 223 224 224 221 221 
</p>
			</triangles>
			<triangles count="2" material="Material45">
				<input semantic="VERTEX" source="#Body2-mesh-vertices" offset="0"/>
				<input semantic="NORMAL" source="#Body2-mesh-normals" offset="1"/>
				<p>
225 225 226 226 227 227 
226 226 225 225 228 228 
</p>
			</triangles>
			<triangles count="6" material="Material46">
				<input semantic="VERTEX" source="#Body2-mesh-vertices" offset="0"/>
				<input semantic="NORMAL" source="#Body2-mesh-normals" offset="1"/>
				<p>
229 229 230 230 231 231 
230 230 229 229 232 232 
232 232 233 233 234 234 
232 232 229 229 233 233 
233 233 235 235 234 234 
233 233 236 236 235 235 
</p>
			</triangles>
			<triangles count="6" material="Material47">
				<input semantic="VERTEX" source="#Body2-mesh-vertices" offset="0"/>
				<input semantic="NORMAL" source="#Body2-mesh-normals" offset="1"/>
				<p>
237 237 238 238 239 239 
240 240 238 238 237 237 
237 237 241 241 240 240 
238 238 242 242 239 239 
238 238 243 243 242 242 
240 240 241 241 244 244 
</p>
			</triangles>
			<triangles count="140" material="Material48">
				<input semantic="VERTEX" source="#Body2-mesh-vertices" offset="0"/>
				<input semantic="NORMAL" source="#Body2-mesh-normals" offset="1"/>
				<p>
245 245 246 246 247 247 
248 248 249 249 250 250 
251 251 246 246 252 252 
253 253 254 254 255 255 
256 256 257 257 258 258 
259 259 260 260 256 256 
261 261 262 262 263 263 
264 264 265 265 266 266 
267 267 268 268 269 269 
270 270 271 271 257 257 
269 269 272 272 267 267 
267 267 250 250 268 268 
273 273 274 274 266 266 
275 275 276 276 277 277 
268 268 278 278 269 269 
279 279 280 280 281 281 
279 279 256 256 280 280 
259 259 256 256 279 279 
264 264 266 266 281 281 
282 282 256 256 283 283 
270 270 284 284 251 251 
285 285 286 286 287 287 
288 288 258 258 257 257 
280 280 264 264 281 281 
256 256 258 258 280 280 
265 265 273 273 266 266 
288 288 265 265 258 258 
257 257 289 289 290 290 
288 288 273 273 265 265 
257 257 290 290 288 288 
274 274 285 285 266 266 
289 289 257 257 291 291 
274 274 290 290 289 289 
289 289 285 285 274 274 
292 292 249 249 248 248 
291 291 257 257 293 293 
294 294 287 287 286 286 
293 293 286 286 291 291 
295 295 296 296 297 297 
294 294 286 286 293 293 
257 257 296 296 293 293 
287 287 295 295 298 298 
299 299 300 300 257 257 
246 246 299 299 301 301 
296 296 257 257 297 297 
302 302 299 299 303 303 
262 262 261 261 304 304 
257 257 300 300 284 284 
305 305 306 306 307 307 
269 269 278 278 308 308 
263 263 309 309 310 310 
311 311 312 312 313 313 
304 304 313 313 262 262 
314 314 315 315 316 316 
263 263 317 317 318 318 
247 247 246 246 251 251 
318 318 261 261 263 263 
309 309 263 263 262 262 
319 319 262 262 313 313 
320 320 316 316 321 321 
311 311 318 318 322 322 
311 311 323 323 312 312 
311 311 313 313 304 304 
324 324 325 325 326 326 
327 327 262 262 319 319 
312 312 328 328 329 329 
330 330 331 331 269 269 
331 331 332 332 324 324 
301 301 324 324 326 326 
301 301 326 326 333 333 
254 254 276 276 334 334 
287 287 266 266 285 285 
276 276 275 275 272 272 
250 250 249 249 268 268 
272 272 275 275 267 267 
335 335 253 253 336 336 
245 245 300 300 337 337 
246 246 303 303 299 299 
300 300 299 299 337 337 
299 299 302 302 337 337 
300 300 245 245 247 247 
270 270 251 251 338 338 
257 257 284 284 270 270 
257 257 271 271 297 297 
308 308 339 339 292 292 
297 297 298 298 295 295 
269 269 308 308 330 330 
340 340 341 341 259 259 
283 283 256 256 260 260 
341 341 266 266 282 282 
256 256 282 282 342 342 
281 281 266 266 340 340 
259 259 341 341 260 260 
343 343 276 276 254 254 
336 336 253 253 255 255 
255 255 254 254 334 334 
343 343 248 248 276 276 
277 277 276 276 248 248 
250 250 277 277 248 248 
292 292 339 339 249 249 
295 295 287 287 294 294 
339 339 308 308 278 278 
310 310 344 344 314 314 
345 345 287 287 298 298 
331 331 324 324 269 269 
325 325 324 324 332 332 
309 309 325 325 332 332 
306 306 309 309 332 332 
252 252 287 287 345 345 
346 346 344 344 310 310 
309 309 306 306 305 305 
310 310 309 309 346 346 
309 309 305 305 346 346 
314 314 344 344 315 315 
315 315 344 344 347 347 
338 338 251 251 252 252 
316 316 317 317 314 314 
348 348 328 328 312 312 
323 323 348 348 312 312 
322 322 317 317 320 320 
316 316 320 320 317 317 
318 318 317 317 322 322 
322 322 323 323 311 311 
348 348 349 349 328 328 
301 301 333 333 350 350 
329 329 328 328 351 351 
327 327 319 319 329 329 
329 329 351 351 327 327 
351 351 352 352 327 327 
326 326 262 262 333 333 
327 327 333 333 262 262 
303 303 246 246 245 245 
301 301 350 350 246 246 
353 353 287 287 252 252 
345 345 338 338 252 252 
266 266 341 341 340 340 
342 342 282 282 266 266 
336 336 342 342 354 354 
342 342 266 266 354 354 
354 354 335 335 336 336 
</p>
			</triangles>
			<triangles count="2" material="Material49">
				<input semantic="VERTEX" source="#Body2-mesh-vertices" offset="0"/>
				<input semantic="NORMAL" source="#Body2-mesh-normals" offset="1"/>
				<p>
355 355 356 356 357 357 
356 356 355 355 358 358 
</p>
			</triangles>
			<triangles count="2" material="Material50">
				<input semantic="VERTEX" source="#Body2-mesh-vertices" offset="0"/>
				<input semantic="NORMAL" source="#Body2-mesh-normals" offset="1"/>
				<p>
359 359 360 360 361 361 
360 360 359 359 362 362 
</p>
			</triangles>
			<triangles count="28" material="Material51">
				<input semantic="VERTEX" source="#Body2-mesh-vertices" offset="0"/>
				<input semantic="NORMAL" source="#Body2-mesh-normals" offset="1"/>
				<p>
363 363 364 364 365 365 
366 366 367 367 368 368 
366 366 369 369 370 370 
366 366 371 371 369 369 
372 372 364 364 373 373 
365 365 366 366 363 363 
371 371 366 366 365 365 
372 372 369 369 371 371 
364 364 372 372 374 374 
372 372 371 371 374 374 
375 375 376 376 368 368 
372 372 375 375 377 377 
376 376 366 366 368 368 
363 363 373 373 364 364 
366 366 376 376 363 363 
375 375 372 372 373 373 
378 378 379 379 380 380 
377 377 375 375 381 381 
378 378 380 380 367 367 
368 368 381 381 375 375 
367 367 380 380 368 368 
379 379 377 377 381 381 
377 377 382 382 367 367 
379 379 378 378 383 383 
367 367 384 384 378 378 
367 367 382 382 384 384 
377 377 379 379 383 383 
377 377 383 383 382 382 
</p>
			</triangles>
			<triangles count="2" material="Material52">
				<input semantic="VERTEX" source="#Body2-mesh-vertices" offset="0"/>
				<input semantic="NORMAL" source="#Body2-mesh-normals" offset="1"/>
				<p>
385 385 386 386 387 387 
386 386 385 385 388 388 
</p>
			</triangles>
			<triangles count="2" material="Material53">
				<input semantic="VERTEX" source="#Body2-mesh-vertices" offset="0"/>
				<input semantic="NORMAL" source="#Body2-mesh-normals" offset="1"/>
				<p>
389 389 390 390 391 391 
390 390 389 389 392 392 
</p>
			</triangles>
			<triangles count="74" material="Material54">
				<input semantic="VERTEX" source="#Body2-mesh-vertices" offset="0"/>
				<input semantic="NORMAL" source="#Body2-mesh-normals" offset="1"/>
				<p>
393 393 394 394 395 395 
396 396 393 393 395 395 
393 393 396 396 397 397 
398 398 399 399 400 400 
397 397 400 400 393 393 
394 394 401 401 402 402 
398 398 394 394 399 399 
394 394 398 398 395 395 
403 403 399 399 394 394 
398 398 400 400 397 397 
400 400 404 404 393 393 
404 404 405 405 393 393 
406 406 403 403 394 394 
406 406 405 405 403 403 
407 407 406 406 394 394 
403 403 405 405 404 404 
405 405 408 408 393 393 
408 408 409 409 393 393 
410 410 407 407 394 394 
410 410 409 409 407 407 
411 411 410 410 394 394 
407 407 409 409 408 408 
409 409 412 412 393 393 
412 412 413 413 393 393 
414 414 411 411 394 394 
414 414 413 413 411 411 
415 415 414 414 394 394 
411 411 413 413 412 412 
413 413 416 416 393 393 
416 416 417 417 393 393 
418 418 415 415 394 394 
418 418 417 417 415 415 
419 419 418 418 394 394 
415 415 417 417 416 416 
417 417 420 420 393 393 
420 420 421 421 393 393 
422 422 419 419 394 394 
422 422 421 421 419 419 
423 423 422 422 394 394 
419 419 421 421 420 420 
421 421 424 424 393 393 
424 424 425 425 393 393 
426 426 423 423 394 394 
426 426 425 425 423 423 
427 427 426 426 394 394 
423 423 425 425 424 424 
425 425 428 428 393 393 
428 428 429 429 393 393 
402 402 427 427 394 394 
402 402 429 429 427 427 
401 401 430 430 402 402 
427 427 429 429 428 428 
393 393 429 429 431 431 
431 431 429 429 432 432 
401 401 433 433 430 430 
433 433 434 434 430 430 
401 401 435 435 433 433 
430 430 434 434 432 432 
431 431 432 432 434 434 
431 431 434 434 436 436 
401 401 437 437 435 435 
437 437 438 438 435 435 
401 401 439 439 437 437 
435 435 438 438 436 436 
431 431 436 436 438 438 
431 431 438 438 440 440 
401 401 441 441 439 439 
441 441 442 442 439 439 
401 401 443 443 441 441 
439 439 442 442 440 440 
431 431 440 440 442 442 
431 431 442 442 444 444 
401 401 431 431 443 443 
444 444 443 443 431 431 
</p>
			</triangles>
			<triangles count="2" material="Material55">
				<input semantic="VERTEX" source="#Body2-mesh-vertices" offset="0"/>
				<input semantic="NORMAL" source="#Body2-mesh-normals" offset="1"/>
				<p>
445 445 446 446 447 447 
446 446 445 445 448 448 
</p>
			</triangles>
			<triangles count="2" material="Material56">
				<input semantic="VERTEX" source="#Body2-mesh-vertices" offset="0"/>
				<input semantic="NORMAL" source="#Body2-mesh-normals" offset="1"/>
				<p>
449 449 450 450 451 451 
450 450 449 449 452 452 
</p>
			</triangles>
			<triangles count="30" material="Material57">
				<input semantic="VERTEX" source="#Body2-mesh-vertices" offset="0"/>
				<input semantic="NORMAL" source="#Body2-mesh-normals" offset="1"/>
				<p>
453 453 454 454 455 455 
456 456 457 457 458 458 
459 459 460 460 461 461 
462 462 461 461 463 463 
464 464 465 465 466 466 
464 464 466 466 454 454 
467 467 468 468 460 460 
458 458 469 469 470 470 
454 454 466 466 455 455 
455 455 471 471 472 472 
472 472 453 453 455 455 
453 453 473 473 454 454 
473 473 474 474 454 454 
473 473 475 475 476 476 
476 476 474 474 473 473 
474 474 477 477 454 454 
477 477 478 478 454 454 
477 477 479 479 480 480 
480 480 478 478 477 477 
478 478 467 467 454 454 
454 454 467 467 458 458 
467 467 460 460 469 469 
458 458 467 467 469 469 
463 463 458 458 457 457 
462 462 463 463 481 481 
463 463 457 457 481 481 
461 461 462 462 459 459 
470 470 459 459 462 462 
462 462 456 456 470 470 
458 458 470 470 456 456 
</p>
			</triangles>
			<triangles count="2" material="Material58">
				<input semantic="VERTEX" source="#Body2-mesh-vertices" offset="0"/>
				<input semantic="NORMAL" source="#Body2-mesh-normals" offset="1"/>
				<p>
482 482 483 483 484 484 
483 483 482 482 485 485 
</p>
			</triangles>
			<triangles count="14" material="Material59">
				<input semantic="VERTEX" source="#Body2-mesh-vertices" offset="0"/>
				<input semantic="NORMAL" source="#Body2-mesh-normals" offset="1"/>
				<p>
486 486 487 487 488 488 
489 489 487 487 490 490 
491 491 492 492 493 493 
494 494 495 495 486 486 
489 489 496 496 487 487 
491 491 486 486 495 495 
492 492 491 491 497 497 
491 491 495 495 497 497 
491 491 493 493 490 490 
488 488 492 492 494 494 
488 488 493 493 492 492 
486 486 488 488 494 494 
487 487 496 496 488 488 
489 489 490 490 493 493 
</p>
			</triangles>
			<triangles count="2" material="Material60">
				<input semantic="VERTEX" source="#Body2-mesh-vertices" offset="0"/>
				<input semantic="NORMAL" source="#Body2-mesh-normals" offset="1"/>
				<p>
498 498 499 499 500 500 
499 499 498 498 501 501 
</p>
			</triangles>
			<triangles count="2" material="Material61">
				<input semantic="VERTEX" source="#Body2-mesh-vertices" offset="0"/>
				<input semantic="NORMAL" source="#Body2-mesh-normals" offset="1"/>
				<p>
502 502 503 503 504 504 
503 503 502 502 505 505 
</p>
			</triangles>
			<triangles count="2" material="Material62">
				<input semantic="VERTEX" source="#Body2-mesh-vertices" offset="0"/>
				<input semantic="NORMAL" source="#Body2-mesh-normals" offset="1"/>
				<p>
506 506 507 507 508 508 
507 507 506 506 509 509 
</p>
			</triangles>
			<triangles count="2" material="Material63">
				<input semantic="VERTEX" source="#Body2-mesh-vertices" offset="0"/>
				<input semantic="NORMAL" source="#Body2-mesh-normals" offset="1"/>
				<p>
510 510 511 511 512 512 
511 511 510 510 513 513 
</p>
			</triangles>
			<triangles count="2" material="Material64">
				<input semantic="VERTEX" source="#Body2-mesh-vertices" offset="0"/>
				<input semantic="NORMAL" source="#Body2-mesh-normals" offset="1"/>
				<p>
514 514 515 515 516 516 
515 515 514 514 517 517 
</p>
			</triangles>
			<triangles count="2" material="Material65">
				<input semantic="VERTEX" source="#Body2-mesh-vertices" offset="0"/>
				<input semantic="NORMAL" source="#Body2-mesh-normals" offset="1"/>
				<p>
518 518 519 519 520 520 
519 519 518 518 521 521 
</p>
			</triangles>
			<triangles count="6" material="Material66">
				<input semantic="VERTEX" source="#Body2-mesh-vertices" offset="0"/>
				<input semantic="NORMAL" source="#Body2-mesh-normals" offset="1"/>
				<p>
522 522 523 523 524 524 
525 525 526 526 524 524 
527 527 528 528 523 523 
526 526 525 525 529 529 
523 523 525 525 524 524 
527 527 523 523 522 522 
</p>
			</triangles>
			<triangles count="6" material="Material67">
				<input semantic="VERTEX" source="#Body2-mesh-vertices" offset="0"/>
				<input semantic="NORMAL" source="#Body2-mesh-normals" offset="1"/>
				<p>
530 530 531 531 532 532 
533 533 534 534 532 532 
535 535 536 536 531 531 
534 534 533 533 537 537 
535 535 531 531 530 530 
532 532 531 531 533 533 
</p>
			</triangles>
			<triangles count="2" material="Material68">
				<input semantic="VERTEX" source="#Body2-mesh-vertices" offset="0"/>
				<input semantic="NORMAL" source="#Body2-mesh-normals" offset="1"/>
				<p>
538 538 539 539 540 540 
539 539 538 538 541 541 
</p>
			</triangles>
			<triangles count="2" material="Material69">
				<input semantic="VERTEX" source="#Body2-mesh-vertices" offset="0"/>
				<input semantic="NORMAL" source="#Body2-mesh-normals" offset="1"/>
				<p>
542 542 543 543 544 544 
543 543 542 542 545 545 
</p>
			</triangles>
			<triangles count="2" material="Material70">
				<input semantic="VERTEX" source="#Body2-mesh-vertices" offset="0"/>
				<input semantic="NORMAL" source="#Body2-mesh-normals" offset="1"/>
				<p>
546 546 547 547 548 548 
547 547 546 546 549 549 
</p>
			</triangles>
			<triangles count="4" material="Material71">
				<input semantic="VERTEX" source="#Body2-mesh-vertices" offset="0"/>
				<input semantic="NORMAL" source="#Body2-mesh-normals" offset="1"/>
				<p>
550 550 551 551 552 552 
553 553 554 554 550 550 
551 551 550 550 554 554 
550 550 555 555 553 553 
</p>
			</triangles>
			<triangles count="2" material="Material72">
				<input semantic="VERTEX" source="#Body2-mesh-vertices" offset="0"/>
				<input semantic="NORMAL" source="#Body2-mesh-normals" offset="1"/>
				<p>
556 556 557 557 558 558 
557 557 556 556 559 559 
</p>
			</triangles>
			<triangles count="2" material="Material73">
				<input semantic="VERTEX" source="#Body2-mesh-vertices" offset="0"/>
				<input semantic="NORMAL" source="#Body2-mesh-normals" offset="1"/>
				<p>
560 560 561 561 562 562 
561 561 560 560 563 563 
</p>
			</triangles>
			<triangles count="14" material="Material74">
				<input semantic="VERTEX" source="#Body2-mesh-vertices" offset="0"/>
				<input semantic="NORMAL" source="#Body2-mesh-normals" offset="1"/>
				<p>
564 564 565 565 566 566 
567 567 568 568 564 564 
569 569 570 570 566 566 
568 568 569 569 571 571 
570 570 564 564 566 566 
567 567 572 572 568 568 
564 564 570 570 567 567 
569 569 568 568 572 572 
573 573 574 574 575 575 
569 569 566 566 571 571 
568 568 571 571 575 575 
565 565 574 574 566 566 
575 575 571 571 573 573 
575 575 574 574 565 565 
</p>
			</triangles>
			<triangles count="2" material="Material75">
				<input semantic="VERTEX" source="#Body2-mesh-vertices" offset="0"/>
				<input semantic="NORMAL" source="#Body2-mesh-normals" offset="1"/>
				<p>
576 576 577 577 578 578 
577 577 576 576 579 579 
</p>
			</triangles>
			<triangles count="2" material="Material76">
				<input semantic="VERTEX" source="#Body2-mesh-vertices" offset="0"/>
				<input semantic="NORMAL" source="#Body2-mesh-normals" offset="1"/>
				<p>
580 580 581 581 582 582 
581 581 580 580 583 583 
</p>
			</triangles>
			<triangles count="2" material="Material77">
				<input semantic="VERTEX" source="#Body2-mesh-vertices" offset="0"/>
				<input semantic="NORMAL" source="#Body2-mesh-normals" offset="1"/>
				<p>
584 584 585 585 586 586 
585 585 584 584 587 587 
</p>
			</triangles>
			<triangles count="14" material="Material78">
				<input semantic="VERTEX" source="#Body2-mesh-vertices" offset="0"/>
				<input semantic="NORMAL" source="#Body2-mesh-normals" offset="1"/>
				<p>
588 588 589 589 590 590 
588 588 591 591 592 592 
593 593 588 588 590 590 
592 592 591 591 594 594 
594 594 590 590 595 595 
592 592 594 594 596 596 
595 595 590 590 589 589 
591 591 588 588 593 593 
589 589 596 596 597 597 
596 596 594 594 598 598 
589 589 597 597 599 599 
595 595 598 598 594 594 
589 589 599 599 595 595 
597 597 596 596 598 598 
</p>
			</triangles>
			<triangles count="2" material="Material79">
				<input semantic="VERTEX" source="#Body2-mesh-vertices" offset="0"/>
				<input semantic="NORMAL" source="#Body2-mesh-normals" offset="1"/>
				<p>
600 600 601 601 602 602 
601 601 600 600 603 603 
</p>
			</triangles>
			<triangles count="2" material="Material80">
				<input semantic="VERTEX" source="#Body2-mesh-vertices" offset="0"/>
				<input semantic="NORMAL" source="#Body2-mesh-normals" offset="1"/>
				<p>
604 604 605 605 606 606 
605 605 604 604 607 607 
</p>
			</triangles>
			<triangles count="8" material="Material81">
				<input semantic="VERTEX" source="#Body2-mesh-vertices" offset="0"/>
				<input semantic="NORMAL" source="#Body2-mesh-normals" offset="1"/>
				<p>
608 608 609 609 610 610 
611 611 608 608 612 612 
609 609 613 613 610 610 
614 614 615 615 612 612 
609 609 608 608 611 611 
614 614 612 612 608 608 
610 610 613 613 615 615 
612 612 615 615 613 613 
</p>
			</triangles>
			<triangles count="29" material="Material82">
				<input semantic="VERTEX" source="#Body2-mesh-vertices" offset="0"/>
				<input semantic="NORMAL" source="#Body2-mesh-normals" offset="1"/>
				<p>
616 616 617 617 618 618 
619 619 620 620 621 621 
622 622 623 623 624 624 
625 625 626 626 627 627 
624 624 623 623 618 618 
621 621 628 628 619 619 
618 618 623 623 629 629 
629 629 630 630 631 631 
631 631 632 632 629 629 
618 618 629 629 632 632 
618 618 632 632 616 616 
616 616 633 633 634 634 
634 634 617 617 616 616 
617 617 635 635 618 618 
635 635 636 636 618 618 
635 635 637 637 638 638 
635 635 638 638 636 636 
618 618 636 636 621 621 
621 621 636 636 639 639 
639 639 640 640 641 641 
641 641 628 628 639 639 
621 621 639 639 628 628 
625 625 627 627 642 642 
627 627 626 626 643 643 
644 644 625 625 642 642 
619 619 644 644 642 642 
620 620 619 619 642 642 
643 643 621 621 620 620 
626 626 621 621 643 643 
</p>
			</triangles>
			<triangles count="2" material="Material83">
				<input semantic="VERTEX" source="#Body2-mesh-vertices" offset="0"/>
				<input semantic="NORMAL" source="#Body2-mesh-normals" offset="1"/>
				<p>
645 645 646 646 647 647 
646 646 645 645 648 648 
</p>
			</triangles>
			<triangles count="2" material="Material84">
				<input semantic="VERTEX" source="#Body2-mesh-vertices" offset="0"/>
				<input semantic="NORMAL" source="#Body2-mesh-normals" offset="1"/>
				<p>
649 649 650 650 651 651 
650 650 649 649 652 652 
</p>
			</triangles>
			<triangles count="2" material="Material85">
				<input semantic="VERTEX" source="#Body2-mesh-vertices" offset="0"/>
				<input semantic="NORMAL" source="#Body2-mesh-normals" offset="1"/>
				<p>
653 653 654 654 655 655 
654 654 653 653 656 656 
</p>
			</triangles>
			<triangles count="2" material="Material86">
				<input semantic="VERTEX" source="#Body2-mesh-vertices" offset="0"/>
				<input semantic="NORMAL" source="#Body2-mesh-normals" offset="1"/>
				<p>
657 657 658 658 659 659 
658 658 657 657 660 660 
</p>
			</triangles>
			<triangles count="10" material="Material87">
				<input semantic="VERTEX" source="#Body2-mesh-vertices" offset="0"/>
				<input semantic="NORMAL" source="#Body2-mesh-normals" offset="1"/>
				<p>
661 661 662 662 663 663 
664 664 665 665 666 666 
663 663 662 662 667 667 
667 667 668 668 663 663 
667 667 669 669 668 668 
662 662 670 670 671 671 
666 666 661 661 664 664 
662 662 661 661 670 670 
661 661 666 666 670 670 
671 671 670 670 672 672 
</p>
			</triangles>
			<triangles count="2" material="Material88">
				<input semantic="VERTEX" source="#Body2-mesh-vertices" offset="0"/>
				<input semantic="NORMAL" source="#Body2-mesh-normals" offset="1"/>
				<p>
673 673 674 674 675 675 
674 674 673 673 676 676 
</p>
			</triangles>
			<triangles count="4" material="Material89">
				<input semantic="VERTEX" source="#Body2-mesh-vertices" offset="0"/>
				<input semantic="NORMAL" source="#Body2-mesh-normals" offset="1"/>
				<p>
677 677 678 678 679 679 
680 680 681 681 677 677 
678 678 677 677 681 681 
677 677 682 682 680 680 
</p>
			</triangles>
			<triangles count="2" material="Material90">
				<input semantic="VERTEX" source="#Body2-mesh-vertices" offset="0"/>
				<input semantic="NORMAL" source="#Body2-mesh-normals" offset="1"/>
				<p>
683 683 684 684 685 685 
684 684 683 683 686 686 
</p>
			</triangles>
			<triangles count="14" material="Material91">
				<input semantic="VERTEX" source="#Body2-mesh-vertices" offset="0"/>
				<input semantic="NORMAL" source="#Body2-mesh-normals" offset="1"/>
				<p>
687 687 688 688 689 689 
688 688 687 687 690 690 
691 691 690 690 692 692 
690 690 693 693 692 692 
694 694 695 695 688 688 
688 688 696 696 689 689 
697 697 690 690 687 687 
694 694 691 691 692 692 
688 688 695 695 698 698 
694 694 692 692 695 695 
696 696 688 688 698 698 
697 697 696 696 698 698 
698 698 693 693 697 697 
690 690 697 697 693 693 
</p>
			</triangles>
			<triangles count="4" material="Material92">
				<input semantic="VERTEX" source="#Body2-mesh-vertices" offset="0"/>
				<input semantic="NORMAL" source="#Body2-mesh-normals" offset="1"/>
				<p>
699 699 700 700 701 701 
700 700 699 699 702 702 
703 703 700 700 704 704 
700 700 703 703 701 701 
</p>
			</triangles>
			<triangles count="2" material="Material93">
				<input semantic="VERTEX" source="#Body2-mesh-vertices" offset="0"/>
				<input semantic="NORMAL" source="#Body2-mesh-normals" offset="1"/>
				<p>
705 705 706 706 707 707 
706 706 705 705 708 708 
</p>
			</triangles>
			<triangles count="2" material="Material94">
				<input semantic="VERTEX" source="#Body2-mesh-vertices" offset="0"/>
				<input semantic="NORMAL" source="#Body2-mesh-normals" offset="1"/>
				<p>
709 709 710 710 711 711 
710 710 709 709 712 712 
</p>
			</triangles>
			<triangles count="2" material="Material95">
				<input semantic="VERTEX" source="#Body2-mesh-vertices" offset="0"/>
				<input semantic="NORMAL" source="#Body2-mesh-normals" offset="1"/>
				<p>
713 713 714 714 715 715 
714 714 713 713 716 716 
</p>
			</triangles>
			<triangles count="14" material="Material96">
				<input semantic="VERTEX" source="#Body2-mesh-vertices" offset="0"/>
				<input semantic="NORMAL" source="#Body2-mesh-normals" offset="1"/>
				<p>
717 717 718 718 719 719 
717 717 719 719 720 720 
718 718 721 721 719 719 
718 718 722 722 721 721 
723 723 724 724 725 725 
718 718 726 726 722 722 
719 719 721 721 725 725 
724 724 719 719 725 725 
727 727 728 728 729 729 
725 725 730 730 723 723 
728 728 719 719 724 724 
724 724 729 729 728 728 
729 729 731 731 727 727 
717 717 720 720 732 732 
</p>
			</triangles>
			<triangles count="2" material="Material97">
				<input semantic="VERTEX" source="#Body2-mesh-vertices" offset="0"/>
				<input semantic="NORMAL" source="#Body2-mesh-normals" offset="1"/>
				<p>
733 733 734 734 735 735 
734 734 733 733 736 736 
</p>
			</triangles>
			<triangles count="2" material="Material98">
				<input semantic="VERTEX" source="#Body2-mesh-vertices" offset="0"/>
				<input semantic="NORMAL" source="#Body2-mesh-normals" offset="1"/>
				<p>
737 737 738 738 739 739 
738 738 737 737 740 740 
</p>
			</triangles>
			<triangles count="2" material="Material99">
				<input semantic="VERTEX" source="#Body2-mesh-vertices" offset="0"/>
				<input semantic="NORMAL" source="#Body2-mesh-normals" offset="1"/>
				<p>
741 741 742 742 743 743 
742 742 741 741 744 744 
</p>
			</triangles>
			<triangles count="14" material="Material100">
				<input semantic="VERTEX" source="#Body2-mesh-vertices" offset="0"/>
				<input semantic="NORMAL" source="#Body2-mesh-normals" offset="1"/>
				<p>
745 745 746 746 747 747 
748 748 749 749 747 747 
745 745 750 750 751 751 
751 751 752 752 745 745 
751 751 753 753 752 752 
745 745 747 747 754 754 
748 748 747 747 746 746 
755 755 745 745 754 754 
755 755 754 754 756 756 
756 756 754 754 757 757 
758 758 745 745 755 755 
750 750 745 745 758 758 
759 759 750 750 758 758 
758 758 760 760 759 759 
</p>
			</triangles>
			<triangles count="2" material="Material101">
				<input semantic="VERTEX" source="#Body2-mesh-vertices" offset="0"/>
				<input semantic="NORMAL" source="#Body2-mesh-normals" offset="1"/>
				<p>
761 761 762 762 763 763 
762 762 761 761 764 764 
</p>
			</triangles>
			<triangles count="14" material="Material102">
				<input semantic="VERTEX" source="#Body2-mesh-vertices" offset="0"/>
				<input semantic="NORMAL" source="#Body2-mesh-normals" offset="1"/>
				<p>
765 765 766 766 767 767 
765 765 768 768 766 766 
769 769 770 770 766 766 
767 767 766 766 770 770 
768 768 765 765 771 771 
771 771 770 770 772 772 
768 768 771 771 773 773 
772 772 770 770 769 769 
773 773 771 771 774 774 
769 769 773 773 775 775 
773 773 774 774 775 775 
775 775 776 776 769 769 
771 771 772 772 774 774 
769 769 776 776 772 772 
</p>
			</triangles>
			<triangles count="2" material="Material103">
				<input semantic="VERTEX" source="#Body2-mesh-vertices" offset="0"/>
				<input semantic="NORMAL" source="#Body2-mesh-normals" offset="1"/>
				<p>
777 777 778 778 779 779 
778 778 777 777 780 780 
</p>
			</triangles>
			<triangles count="14" material="Material104">
				<input semantic="VERTEX" source="#Body2-mesh-vertices" offset="0"/>
				<input semantic="NORMAL" source="#Body2-mesh-normals" offset="1"/>
				<p>
781 781 782 782 783 783 
781 781 784 784 782 782 
781 781 785 785 786 786 
787 787 782 782 788 788 
789 789 790 790 786 786 
789 789 786 786 785 785 
785 785 781 781 783 783 
789 789 782 782 787 787 
791 791 789 789 792 792 
789 789 787 787 792 792 
790 790 789 789 791 791 
784 784 790 790 791 791 
791 791 788 788 784 784 
782 782 784 784 788 788 
</p>
			</triangles>
			<triangles count="2" material="Material105">
				<input semantic="VERTEX" source="#Body2-mesh-vertices" offset="0"/>
				<input semantic="NORMAL" source="#Body2-mesh-normals" offset="1"/>
				<p>
793 793 794 794 795 795 
794 794 793 793 796 796 
</p>
			</triangles>
			<triangles count="2" material="Material106">
				<input semantic="VERTEX" source="#Body2-mesh-vertices" offset="0"/>
				<input semantic="NORMAL" source="#Body2-mesh-normals" offset="1"/>
				<p>
797 797 798 798 799 799 
798 798 797 797 800 800 
</p>
			</triangles>
			<triangles count="2" material="Material107">
				<input semantic="VERTEX" source="#Body2-mesh-vertices" offset="0"/>
				<input semantic="NORMAL" source="#Body2-mesh-normals" offset="1"/>
				<p>
801 801 802 802 803 803 
802 802 801 801 804 804 
</p>
			</triangles>
			<triangles count="2" material="Material108">
				<input semantic="VERTEX" source="#Body2-mesh-vertices" offset="0"/>
				<input semantic="NORMAL" source="#Body2-mesh-normals" offset="1"/>
				<p>
805 805 806 806 807 807 
806 806 805 805 808 808 
</p>
			</triangles>
			<triangles count="2" material="Material109">
				<input semantic="VERTEX" source="#Body2-mesh-vertices" offset="0"/>
				<input semantic="NORMAL" source="#Body2-mesh-normals" offset="1"/>
				<p>
809 809 810 810 811 811 
810 810 809 809 812 812 
</p>
			</triangles>
			<triangles count="2" material="Material110">
				<input semantic="VERTEX" source="#Body2-mesh-vertices" offset="0"/>
				<input semantic="NORMAL" source="#Body2-mesh-normals" offset="1"/>
				<p>
813 813 814 814 815 815 
814 814 813 813 816 816 
</p>
			</triangles>
			<triangles count="6" material="Material111">
				<input semantic="VERTEX" source="#Body2-mesh-vertices" offset="0"/>
				<input semantic="NORMAL" source="#Body2-mesh-normals" offset="1"/>
				<p>
817 817 818 818 819 819 
817 817 819 819 820 820 
819 819 818 818 821 821 
818 818 822 822 821 821 
818 818 823 823 822 822 
817 817 820 820 824 824 
</p>
			</triangles>
			<triangles count="2" material="Material112">
				<input semantic="VERTEX" source="#Body2-mesh-vertices" offset="0"/>
				<input semantic="NORMAL" source="#Body2-mesh-normals" offset="1"/>
				<p>
825 825 826 826 827 827 
826 826 825 825 828 828 
</p>
			</triangles>
			<triangles count="2" material="Material113">
				<input semantic="VERTEX" source="#Body2-mesh-vertices" offset="0"/>
				<input semantic="NORMAL" source="#Body2-mesh-normals" offset="1"/>
				<p>
829 829 830 830 831 831 
830 830 829 829 832 832 
</p>
			</triangles>
			<triangles count="2" material="Material114">
				<input semantic="VERTEX" source="#Body2-mesh-vertices" offset="0"/>
				<input semantic="NORMAL" source="#Body2-mesh-normals" offset="1"/>
				<p>
833 833 834 834 835 835 
834 834 833 833 836 836 
</p>
			</triangles>
			<triangles count="2" material="Material115">
				<input semantic="VERTEX" source="#Body2-mesh-vertices" offset="0"/>
				<input semantic="NORMAL" source="#Body2-mesh-normals" offset="1"/>
				<p>
837 837 838 838 839 839 
838 838 837 837 840 840 
</p>
			</triangles>
			<triangles count="6" material="Material116">
				<input semantic="VERTEX" source="#Body2-mesh-vertices" offset="0"/>
				<input semantic="NORMAL" source="#Body2-mesh-normals" offset="1"/>
				<p>
841 841 842 842 843 843 
842 842 841 841 844 844 
843 843 842 842 845 845 
845 845 846 846 843 843 
845 845 847 847 846 846 
842 842 844 844 848 848 
</p>
			</triangles>
			<triangles count="6" material="Material117">
				<input semantic="VERTEX" source="#Body2-mesh-vertices" offset="0"/>
				<input semantic="NORMAL" source="#Body2-mesh-normals" offset="1"/>
				<p>
849 849 850 850 851 851 
852 852 853 853 851 851 
854 854 855 855 850 850 
853 853 852 852 856 856 
850 850 852 852 851 851 
854 854 850 850 849 849 
</p>
			</triangles>
			<triangles count="2" material="Material118">
				<input semantic="VERTEX" source="#Body2-mesh-vertices" offset="0"/>
				<input semantic="NORMAL" source="#Body2-mesh-normals" offset="1"/>
				<p>
857 857 858 858 859 859 
858 858 857 857 860 860 
</p>
			</triangles>
			<triangles count="2" material="Material119">
				<input semantic="VERTEX" source="#Body2-mesh-vertices" offset="0"/>
				<input semantic="NORMAL" source="#Body2-mesh-normals" offset="1"/>
				<p>
861 861 862 862 863 863 
862 862 861 861 864 864 
</p>
			</triangles>
			<triangles count="2" material="Material120">
				<input semantic="VERTEX" source="#Body2-mesh-vertices" offset="0"/>
				<input semantic="NORMAL" source="#Body2-mesh-normals" offset="1"/>
				<p>
865 865 866 866 867 867 
866 866 865 865 868 868 
</p>
			</triangles>
			<triangles count="2" material="Material121">
				<input semantic="VERTEX" source="#Body2-mesh-vertices" offset="0"/>
				<input semantic="NORMAL" source="#Body2-mesh-normals" offset="1"/>
				<p>
869 869 870 870 871 871 
870 870 869 869 872 872 
</p>
			</triangles>
			<triangles count="2" material="Material122">
				<input semantic="VERTEX" source="#Body2-mesh-vertices" offset="0"/>
				<input semantic="NORMAL" source="#Body2-mesh-normals" offset="1"/>
				<p>
873 873 874 874 875 875 
874 874 873 873 876 876 
</p>
			</triangles>
			<triangles count="10" material="Material123">
				<input semantic="VERTEX" source="#Body2-mesh-vertices" offset="0"/>
				<input semantic="NORMAL" source="#Body2-mesh-normals" offset="1"/>
				<p>
877 877 878 878 879 879 
880 880 881 881 882 882 
879 879 878 878 883 883 
883 883 884 884 879 879 
883 883 885 885 884 884 
880 880 882 882 877 877 
878 878 886 886 887 887 
878 878 877 877 886 886 
877 877 882 882 886 886 
888 888 887 887 886 886 
</p>
			</triangles>
			<triangles count="2" material="Material124">
				<input semantic="VERTEX" source="#Body2-mesh-vertices" offset="0"/>
				<input semantic="NORMAL" source="#Body2-mesh-normals" offset="1"/>
				<p>
889 889 890 890 891 891 
890 890 889 889 892 892 
</p>
			</triangles>
			<triangles count="10" material="Material125">
				<input semantic="VERTEX" source="#Body2-mesh-vertices" offset="0"/>
				<input semantic="NORMAL" source="#Body2-mesh-normals" offset="1"/>
				<p>
893 893 894 894 895 895 
896 896 897 897 898 898 
894 894 899 899 900 900 
900 900 901 901 894 894 
900 900 902 902 901 901 
899 899 893 893 903 903 
898 898 895 895 896 896 
894 894 893 893 899 899 
895 895 898 898 893 893 
903 903 893 893 904 904 
</p>
			</triangles>
			<triangles count="2" material="Material126">
				<input semantic="VERTEX" source="#Body2-mesh-vertices" offset="0"/>
				<input semantic="NORMAL" source="#Body2-mesh-normals" offset="1"/>
				<p>
905 905 906 906 907 907 
906 906 905 905 908 908 
</p>
			</triangles>
			<triangles count="2" material="Material127">
				<input semantic="VERTEX" source="#Body2-mesh-vertices" offset="0"/>
				<input semantic="NORMAL" source="#Body2-mesh-normals" offset="1"/>
				<p>
909 909 910 910 911 911 
910 910 909 909 912 912 
</p>
			</triangles>
			<triangles count="2" material="Material128">
				<input semantic="VERTEX" source="#Body2-mesh-vertices" offset="0"/>
				<input semantic="NORMAL" source="#Body2-mesh-normals" offset="1"/>
				<p>
913 913 914 914 915 915 
914 914 913 913 916 916 
</p>
			</triangles>
			<triangles count="2" material="Material129">
				<input semantic="VERTEX" source="#Body2-mesh-vertices" offset="0"/>
				<input semantic="NORMAL" source="#Body2-mesh-normals" offset="1"/>
				<p>
917 917 918 918 919 919 
918 918 917 917 920 920 
</p>
			</triangles>
			<triangles count="2" material="Material130">
				<input semantic="VERTEX" source="#Body2-mesh-vertices" offset="0"/>
				<input semantic="NORMAL" source="#Body2-mesh-normals" offset="1"/>
				<p>
921 921 922 922 923 923 
922 922 921 921 924 924 
</p>
			</triangles>
			<triangles count="10" material="Material131">
				<input semantic="VERTEX" source="#Body2-mesh-vertices" offset="0"/>
				<input semantic="NORMAL" source="#Body2-mesh-normals" offset="1"/>
				<p>
925 925 926 926 927 927 
928 928 929 929 930 930 
926 926 931 931 932 932 
932 932 933 933 926 926 
932 932 934 934 933 933 
925 925 927 927 930 930 
928 928 930 930 927 927 
926 926 925 925 931 931 
935 935 931 931 925 925 
935 935 925 925 936 936 
</p>
			</triangles>
			<triangles count="2" material="Material132">
				<input semantic="VERTEX" source="#Body2-mesh-vertices" offset="0"/>
				<input semantic="NORMAL" source="#Body2-mesh-normals" offset="1"/>
				<p>
937 937 938 938 939 939 
938 938 937 937 940 940 
</p>
			</triangles>
			<triangles count="2" material="Material133">
				<input semantic="VERTEX" source="#Body2-mesh-vertices" offset="0"/>
				<input semantic="NORMAL" source="#Body2-mesh-normals" offset="1"/>
				<p>
941 941 942 942 943 943 
942 942 941 941 944 944 
</p>
			</triangles>
			<triangles count="2" material="Material134">
				<input semantic="VERTEX" source="#Body2-mesh-vertices" offset="0"/>
				<input semantic="NORMAL" source="#Body2-mesh-normals" offset="1"/>
				<p>
945 945 946 946 947 947 
946 946 945 945 948 948 
</p>
			</triangles>
			<triangles count="10" material="Material135">
				<input semantic="VERTEX" source="#Body2-mesh-vertices" offset="0"/>
				<input semantic="NORMAL" source="#Body2-mesh-normals" offset="1"/>
				<p>
949 949 950 950 951 951 
952 952 953 953 954 954 
950 950 955 955 956 956 
956 956 957 957 950 950 
956 956 958 958 957 957 
949 949 951 951 954 954 
952 952 954 954 951 951 
950 950 949 949 955 955 
959 959 955 955 949 949 
959 959 949 949 960 960 
</p>
			</triangles>
			<triangles count="2" material="Material136">
				<input semantic="VERTEX" source="#Body2-mesh-vertices" offset="0"/>
				<input semantic="NORMAL" source="#Body2-mesh-normals" offset="1"/>
				<p>
961 961 962 962 963 963 
962 962 961 961 964 964 
</p>
			</triangles>
			<triangles count="2" material="Material137">
				<input semantic="VERTEX" source="#Body2-mesh-vertices" offset="0"/>
				<input semantic="NORMAL" source="#Body2-mesh-normals" offset="1"/>
				<p>
965 965 966 966 967 967 
966 966 965 965 968 968 
</p>
			</triangles>
			<triangles count="2" material="Material138">
				<input semantic="VERTEX" source="#Body2-mesh-vertices" offset="0"/>
				<input semantic="NORMAL" source="#Body2-mesh-normals" offset="1"/>
				<p>
969 969 970 970 971 971 
970 970 969 969 972 972 
</p>
			</triangles>
			<triangles count="10" material="Material139">
				<input semantic="VERTEX" source="#Body2-mesh-vertices" offset="0"/>
				<input semantic="NORMAL" source="#Body2-mesh-normals" offset="1"/>
				<p>
973 973 974 974 975 975 
976 976 977 977 978 978 
974 974 979 979 980 980 
980 980 981 981 974 974 
980 980 982 982 981 981 
973 973 975 975 978 978 
976 976 978 978 975 975 
974 974 973 973 979 979 
983 983 979 979 973 973 
983 983 973 973 984 984 
</p>
			</triangles>
			<triangles count="2" material="Material140">
				<input semantic="VERTEX" source="#Body2-mesh-vertices" offset="0"/>
				<input semantic="NORMAL" source="#Body2-mesh-normals" offset="1"/>
				<p>
985 985 986 986 987 987 
986 986 985 985 988 988 
</p>
			</triangles>
			<triangles count="2" material="Material141">
				<input semantic="VERTEX" source="#Body2-mesh-vertices" offset="0"/>
				<input semantic="NORMAL" source="#Body2-mesh-normals" offset="1"/>
				<p>
989 989 990 990 991 991 
990 990 989 989 992 992 
</p>
			</triangles>
			<triangles count="14" material="Material142">
				<input semantic="VERTEX" source="#Body2-mesh-vertices" offset="0"/>
				<input semantic="NORMAL" source="#Body2-mesh-normals" offset="1"/>
				<p>
993 993 994 994 995 995 
996 996 997 997 998 998 
995 995 994 994 999 999 
994 994 1000 1000 999 999 
994 994 1001 1001 1000 1000 
1002 1002 995 995 996 996 
995 995 997 997 996 996 
1003 1003 995 995 1002 1002 
1003 1003 1002 1002 1004 1004 
1004 1004 1002 1002 1005 1005 
1006 1006 995 995 1003 1003 
993 993 995 995 1006 1006 
1007 1007 993 993 1006 1006 
1006 1006 1008 1008 1007 1007 
</p>
			</triangles>
			<triangles count="8" material="Material143">
				<input semantic="VERTEX" source="#Body2-mesh-vertices" offset="0"/>
				<input semantic="NORMAL" source="#Body2-mesh-normals" offset="1"/>
				<p>
1009 1009 1010 1010 1011 1011 
1009 1009 1011 1011 1012 1012 
1013 1013 1014 1014 1015 1015 
1010 1010 1009 1009 1016 1016 
1012 1012 1014 1014 1009 1009 
1015 1015 1010 1010 1016 1016 
1015 1015 1016 1016 1013 1013 
1015 1015 1014 1014 1012 1012 
</p>
			</triangles>
			<triangles count="2" material="Material144">
				<input semantic="VERTEX" source="#Body2-mesh-vertices" offset="0"/>
				<input semantic="NORMAL" source="#Body2-mesh-normals" offset="1"/>
				<p>
1017 1017 1018 1018 1019 1019 
1018 1018 1017 1017 1020 1020 
</p>
			</triangles>
			<triangles count="2" material="Material145">
				<input semantic="VERTEX" source="#Body2-mesh-vertices" offset="0"/>
				<input semantic="NORMAL" source="#Body2-mesh-normals" offset="1"/>
				<p>
1021 1021 1022 1022 1023 1023 
1021 1021 1024 1024 1022 1022 
</p>
			</triangles>
			<triangles count="2" material="Material146">
				<input semantic="VERTEX" source="#Body2-mesh-vertices" offset="0"/>
				<input semantic="NORMAL" source="#Body2-mesh-normals" offset="1"/>
				<p>
1025 1025 1026 1026 1027 1027 
1025 1025 1028 1028 1026 1026 
</p>
			</triangles>
			<triangles count="2" material="Material147">
				<input semantic="VERTEX" source="#Body2-mesh-vertices" offset="0"/>
				<input semantic="NORMAL" source="#Body2-mesh-normals" offset="1"/>
				<p>
1029 1029 1030 1030 1031 1031 
1031 1031 1032 1032 1029 1029 
</p>
			</triangles>
			<triangles count="2" material="Material148">
				<input semantic="VERTEX" source="#Body2-mesh-vertices" offset="0"/>
				<input semantic="NORMAL" source="#Body2-mesh-normals" offset="1"/>
				<p>
1033 1033 1034 1034 1035 1035 
1033 1033 1036 1036 1034 1034 
</p>
			</triangles>
			<triangles count="2" material="Material149">
				<input semantic="VERTEX" source="#Body2-mesh-vertices" offset="0"/>
				<input semantic="NORMAL" source="#Body2-mesh-normals" offset="1"/>
				<p>
1037 1037 1038 1038 1039 1039 
1037 1037 1040 1040 1038 1038 
</p>
			</triangles>
			<triangles count="2" material="Material150">
				<input semantic="VERTEX" source="#Body2-mesh-vertices" offset="0"/>
				<input semantic="NORMAL" source="#Body2-mesh-normals" offset="1"/>
				<p>
1041 1041 1042 1042 1043 1043 
1041 1041 1044 1044 1042 1042 
</p>
			</triangles>
			<triangles count="2" material="Material151">
				<input semantic="VERTEX" source="#Body2-mesh-vertices" offset="0"/>
				<input semantic="NORMAL" source="#Body2-mesh-normals" offset="1"/>
				<p>
1045 1045 1046 1046 1047 1047 
1047 1047 1048 1048 1045 1045 
</p>
			</triangles>
			<triangles count="2" material="Material152">
				<input semantic="VERTEX" source="#Body2-mesh-vertices" offset="0"/>
				<input semantic="NORMAL" source="#Body2-mesh-normals" offset="1"/>
				<p>
1049 1049 1050 1050 1051 1051 
1049 1049 1052 1052 1050 1050 
</p>
			</triangles>
			<triangles count="2" material="Material153">
				<input semantic="VERTEX" source="#Body2-mesh-vertices" offset="0"/>
				<input semantic="NORMAL" source="#Body2-mesh-normals" offset="1"/>
				<p>
1053 1053 1054 1054 1055 1055 
1053 1053 1056 1056 1054 1054 
</p>
			</triangles>
			<triangles count="2" material="Material154">
				<input semantic="VERTEX" source="#Body2-mesh-vertices" offset="0"/>
				<input semantic="NORMAL" source="#Body2-mesh-normals" offset="1"/>
				<p>
1057 1057 1058 1058 1059 1059 
1059 1059 1060 1060 1057 1057 
</p>
			</triangles>
			<triangles count="2" material="Material155">
				<input semantic="VERTEX" source="#Body2-mesh-vertices" offset="0"/>
				<input semantic="NORMAL" source="#Body2-mesh-normals" offset="1"/>
				<p>
1061 1061 1062 1062 1063 1063 
1061 1061 1064 1064 1062 1062 
</p>
			</triangles>
			<triangles count="2" material="Material156">
				<input semantic="VERTEX" source="#Body2-mesh-vertices" offset="0"/>
				<input semantic="NORMAL" source="#Body2-mesh-normals" offset="1"/>
				<p>
1065 1065 1066 1066 1067 1067 
1065 1065 1068 1068 1066 1066 
</p>
			</triangles>
			<triangles count="2" material="Material157">
				<input semantic="VERTEX" source="#Body2-mesh-vertices" offset="0"/>
				<input semantic="NORMAL" source="#Body2-mesh-normals" offset="1"/>
				<p>
1069 1069 1070 1070 1071 1071 
1071 1071 1072 1072 1069 1069 
</p>
			</triangles>
			<triangles count="2" material="Material158">
				<input semantic="VERTEX" source="#Body2-mesh-vertices" offset="0"/>
				<input semantic="NORMAL" source="#Body2-mesh-normals" offset="1"/>
				<p>
1073 1073 1074 1074 1075 1075 
1075 1075 1076 1076 1073 1073 
</p>
			</triangles>
			<triangles count="2" material="Material159">
				<input semantic="VERTEX" source="#Body2-mesh-vertices" offset="0"/>
				<input semantic="NORMAL" source="#Body2-mesh-normals" offset="1"/>
				<p>
1077 1077 1078 1078 1079 1079 
1077 1077 1080 1080 1078 1078 
</p>
			</triangles>
			<triangles count="2" material="Material160">
				<input semantic="VERTEX" source="#Body2-mesh-vertices" offset="0"/>
				<input semantic="NORMAL" source="#Body2-mesh-normals" offset="1"/>
				<p>
1081 1081 1082 1082 1083 1083 
1081 1081 1084 1084 1082 1082 
</p>
			</triangles>
			<triangles count="2" material="Material161">
				<input semantic="VERTEX" source="#Body2-mesh-vertices" offset="0"/>
				<input semantic="NORMAL" source="#Body2-mesh-normals" offset="1"/>
				<p>
1085 1085 1086 1086 1087 1087 
1087 1087 1088 1088 1085 1085 
</p>
			</triangles>
			<triangles count="2" material="Material162">
				<input semantic="VERTEX" source="#Body2-mesh-vertices" offset="0"/>
				<input semantic="NORMAL" source="#Body2-mesh-normals" offset="1"/>
				<p>
1089 1089 1090 1090 1091 1091 
1091 1091 1092 1092 1089 1089 
</p>
			</triangles>
			<triangles count="2" material="Material163">
				<input semantic="VERTEX" source="#Body2-mesh-vertices" offset="0"/>
				<input semantic="NORMAL" source="#Body2-mesh-normals" offset="1"/>
				<p>
1093 1093 1094 1094 1095 1095 
1093 1093 1096 1096 1094 1094 
</p>
			</triangles>
			<triangles count="2" material="Material164">
				<input semantic="VERTEX" source="#Body2-mesh-vertices" offset="0"/>
				<input semantic="NORMAL" source="#Body2-mesh-normals" offset="1"/>
				<p>
1097 1097 1098 1098 1099 1099 
1097 1097 1100 1100 1098 1098 
</p>
			</triangles>
			<triangles count="2" material="Material165">
				<input semantic="VERTEX" source="#Body2-mesh-vertices" offset="0"/>
				<input semantic="NORMAL" source="#Body2-mesh-normals" offset="1"/>
				<p>
1101 1101 1102 1102 1103 1103 
1103 1103 1104 1104 1101 1101 
</p>
			</triangles>
			<triangles count="2" material="Material166">
				<input semantic="VERTEX" source="#Body2-mesh-vertices" offset="0"/>
				<input semantic="NORMAL" source="#Body2-mesh-normals" offset="1"/>
				<p>
1105 1105 1106 1106 1107 1107 
1107 1107 1108 1108 1105 1105 
</p>
			</triangles>
			<triangles count="2" material="Material167">
				<input semantic="VERTEX" source="#Body2-mesh-vertices" offset="0"/>
				<input semantic="NORMAL" source="#Body2-mesh-normals" offset="1"/>
				<p>
1109 1109 1110 1110 1111 1111 
1109 1109 1112 1112 1110 1110 
</p>
			</triangles>
			<triangles count="2" material="Material168">
				<input semantic="VERTEX" source="#Body2-mesh-vertices" offset="0"/>
				<input semantic="NORMAL" source="#Body2-mesh-normals" offset="1"/>
				<p>
1113 1113 1114 1114 1115 1115 
1113 1113 1116 1116 1114 1114 
</p>
			</triangles>
			<triangles count="2" material="Material169">
				<input semantic="VERTEX" source="#Body2-mesh-vertices" offset="0"/>
				<input semantic="NORMAL" source="#Body2-mesh-normals" offset="1"/>
				<p>
1117 1117 1118 1118 1119 1119 
1119 1119 1120 1120 1117 1117 
</p>
			</triangles>
			<triangles count="2" material="Material170">
				<input semantic="VERTEX" source="#Body2-mesh-vertices" offset="0"/>
				<input semantic="NORMAL" source="#Body2-mesh-normals" offset="1"/>
				<p>
1121 1121 1122 1122 1123 1123 
1123 1123 1124 1124 1121 1121 
</p>
			</triangles>
			<triangles count="2" material="Material171">
				<input semantic="VERTEX" source="#Body2-mesh-vertices" offset="0"/>
				<input semantic="NORMAL" source="#Body2-mesh-normals" offset="1"/>
				<p>
1125 1125 1126 1126 1127 1127 
1125 1125 1128 1128 1126 1126 
</p>
			</triangles>
			<triangles count="2" material="Material172">
				<input semantic="VERTEX" source="#Body2-mesh-vertices" offset="0"/>
				<input semantic="NORMAL" source="#Body2-mesh-normals" offset="1"/>
				<p>
1129 1129 1130 1130 1131 1131 
1131 1131 1132 1132 1129 1129 
</p>
			</triangles>
			<triangles count="2" material="Material173">
				<input semantic="VERTEX" source="#Body2-mesh-vertices" offset="0"/>
				<input semantic="NORMAL" source="#Body2-mesh-normals" offset="1"/>
				<p>
1133 1133 1134 1134 1135 1135 
1135 1135 1136 1136 1133 1133 
</p>
			</triangles>
			<triangles count="2" material="Material174">
				<input semantic="VERTEX" source="#Body2-mesh-vertices" offset="0"/>
				<input semantic="NORMAL" source="#Body2-mesh-normals" offset="1"/>
				<p>
1137 1137 1138 1138 1139 1139 
1137 1137 1140 1140 1138 1138 
</p>
			</triangles>
			<triangles count="2" material="Material175">
				<input semantic="VERTEX" source="#Body2-mesh-vertices" offset="0"/>
				<input semantic="NORMAL" source="#Body2-mesh-normals" offset="1"/>
				<p>
1141 1141 1142 1142 1143 1143 
1141 1141 1144 1144 1142 1142 
</p>
			</triangles>
			<triangles count="2" material="Material176">
				<input semantic="VERTEX" source="#Body2-mesh-vertices" offset="0"/>
				<input semantic="NORMAL" source="#Body2-mesh-normals" offset="1"/>
				<p>
1145 1145 1146 1146 1147 1147 
1147 1147 1148 1148 1145 1145 
</p>
			</triangles>
			<triangles count="2" material="Material177">
				<input semantic="VERTEX" source="#Body2-mesh-vertices" offset="0"/>
				<input semantic="NORMAL" source="#Body2-mesh-normals" offset="1"/>
				<p>
1149 1149 1150 1150 1151 1151 
1151 1151 1152 1152 1149 1149 
</p>
			</triangles>
			<triangles count="2" material="Material178">
				<input semantic="VERTEX" source="#Body2-mesh-vertices" offset="0"/>
				<input semantic="NORMAL" source="#Body2-mesh-normals" offset="1"/>
				<p>
1153 1153 1154 1154 1155 1155 
1153 1153 1156 1156 1154 1154 
</p>
			</triangles>
			<triangles count="2" material="Material179">
				<input semantic="VERTEX" source="#Body2-mesh-vertices" offset="0"/>
				<input semantic="NORMAL" source="#Body2-mesh-normals" offset="1"/>
				<p>
1157 1157 1158 1158 1159 1159 
1159 1159 1160 1160 1157 1157 
</p>
			</triangles>
			<triangles count="2" material="Material180">
				<input semantic="VERTEX" source="#Body2-mesh-vertices" offset="0"/>
				<input semantic="NORMAL" source="#Body2-mesh-normals" offset="1"/>
				<p>
1161 1161 1162 1162 1163 1163 
1163 1163 1164 1164 1161 1161 
</p>
			</triangles>
			<triangles count="2" material="Material181">
				<input semantic="VERTEX" source="#Body2-mesh-vertices" offset="0"/>
				<input semantic="NORMAL" source="#Body2-mesh-normals" offset="1"/>
				<p>
1165 1165 1166 1166 1167 1167 
1165 1165 1167 1167 1168 1168 
</p>
			</triangles>
			<triangles count="2" material="Material182">
				<input semantic="VERTEX" source="#Body2-mesh-vertices" offset="0"/>
				<input semantic="NORMAL" source="#Body2-mesh-normals" offset="1"/>
				<p>
1169 1169 1170 1170 1171 1171 
1169 1169 1171 1171 1172 1172 
</p>
			</triangles>
			<triangles count="2" material="Material183">
				<input semantic="VERTEX" source="#Body2-mesh-vertices" offset="0"/>
				<input semantic="NORMAL" source="#Body2-mesh-normals" offset="1"/>
				<p>
1173 1173 1174 1174 1175 1175 
1174 1174 1173 1173 1176 1176 
</p>
			</triangles>
			<triangles count="2" material="Material184">
				<input semantic="VERTEX" source="#Body2-mesh-vertices" offset="0"/>
				<input semantic="NORMAL" source="#Body2-mesh-normals" offset="1"/>
				<p>
1177 1177 1178 1178 1179 1179 
1177 1177 1180 1180 1178 1178 
</p>
			</triangles>
			<triangles count="2" material="Material185">
				<input semantic="VERTEX" source="#Body2-mesh-vertices" offset="0"/>
				<input semantic="NORMAL" source="#Body2-mesh-normals" offset="1"/>
				<p>
1181 1181 1182 1182 1183 1183 
1183 1183 1184 1184 1181 1181 
</p>
			</triangles>
			<triangles count="2" material="Material186">
				<input semantic="VERTEX" source="#Body2-mesh-vertices" offset="0"/>
				<input semantic="NORMAL" source="#Body2-mesh-normals" offset="1"/>
				<p>
1185 1185 1186 1186 1187 1187 
1187 1187 1188 1188 1185 1185 
</p>
			</triangles>
			<triangles count="2" material="Material187">
				<input semantic="VERTEX" source="#Body2-mesh-vertices" offset="0"/>
				<input semantic="NORMAL" source="#Body2-mesh-normals" offset="1"/>
				<p>
1189 1189 1190 1190 1191 1191 
1191 1191 1192 1192 1189 1189 
</p>
			</triangles>
			<triangles count="2" material="Material188">
				<input semantic="VERTEX" source="#Body2-mesh-vertices" offset="0"/>
				<input semantic="NORMAL" source="#Body2-mesh-normals" offset="1"/>
				<p>
1193 1193 1194 1194 1195 1195 
1195 1195 1196 1196 1193 1193 
</p>
			</triangles>
			<triangles count="2" material="Material189">
				<input semantic="VERTEX" source="#Body2-mesh-vertices" offset="0"/>
				<input semantic="NORMAL" source="#Body2-mesh-normals" offset="1"/>
				<p>
1197 1197 1198 1198 1199 1199 
1197 1197 1200 1200 1198 1198 
</p>
			</triangles>
			<triangles count="2" material="Material190">
				<input semantic="VERTEX" source="#Body2-mesh-vertices" offset="0"/>
				<input semantic="NORMAL" source="#Body2-mesh-normals" offset="1"/>
				<p>
1201 1201 1202 1202 1203 1203 
1201 1201 1204 1204 1202 1202 
</p>
			</triangles>
			<triangles count="2" material="Material191">
				<input semantic="VERTEX" source="#Body2-mesh-vertices" offset="0"/>
				<input semantic="NORMAL" source="#Body2-mesh-normals" offset="1"/>
				<p>
1205 1205 1206 1206 1207 1207 
1207 1207 1208 1208 1205 1205 
</p>
			</triangles>
			<triangles count="2" material="Material192">
				<input semantic="VERTEX" source="#Body2-mesh-vertices" offset="0"/>
				<input semantic="NORMAL" source="#Body2-mesh-normals" offset="1"/>
				<p>
1209 1209 1210 1210 1211 1211 
1211 1211 1212 1212 1209 1209 
</p>
			</triangles>
			<triangles count="2" material="Material193">
				<input semantic="VERTEX" source="#Body2-mesh-vertices" offset="0"/>
				<input semantic="NORMAL" source="#Body2-mesh-normals" offset="1"/>
				<p>
1213 1213 1214 1214 1215 1215 
1215 1215 1216 1216 1213 1213 
</p>
			</triangles>
			<triangles count="2" material="Material194">
				<input semantic="VERTEX" source="#Body2-mesh-vertices" offset="0"/>
				<input semantic="NORMAL" source="#Body2-mesh-normals" offset="1"/>
				<p>
1217 1217 1218 1218 1219 1219 
1219 1219 1220 1220 1217 1217 
</p>
			</triangles>
			<triangles count="2" material="Material195">
				<input semantic="VERTEX" source="#Body2-mesh-vertices" offset="0"/>
				<input semantic="NORMAL" source="#Body2-mesh-normals" offset="1"/>
				<p>
1221 1221 1222 1222 1223 1223 
1221 1221 1224 1224 1222 1222 
</p>
			</triangles>
			<triangles count="2" material="Material196">
				<input semantic="VERTEX" source="#Body2-mesh-vertices" offset="0"/>
				<input semantic="NORMAL" source="#Body2-mesh-normals" offset="1"/>
				<p>
1225 1225 1226 1226 1227 1227 
1227 1227 1228 1228 1225 1225 
</p>
			</triangles>
			<triangles count="2" material="Material197">
				<input semantic="VERTEX" source="#Body2-mesh-vertices" offset="0"/>
				<input semantic="NORMAL" source="#Body2-mesh-normals" offset="1"/>
				<p>
1229 1229 1230 1230 1231 1231 
1231 1231 1232 1232 1229 1229 
</p>
			</triangles>
			<triangles count="2" material="Material198">
				<input semantic="VERTEX" source="#Body2-mesh-vertices" offset="0"/>
				<input semantic="NORMAL" source="#Body2-mesh-normals" offset="1"/>
				<p>
1233 1233 1234 1234 1235 1235 
1233 1233 1236 1236 1234 1234 
</p>
			</triangles>
			<triangles count="2" material="Material199">
				<input semantic="VERTEX" source="#Body2-mesh-vertices" offset="0"/>
				<input semantic="NORMAL" source="#Body2-mesh-normals" offset="1"/>
				<p>
1237 1237 1238 1238 1239 1239 
1239 1239 1240 1240 1237 1237 
</p>
			</triangles>
			<triangles count="2" material="Material200">
				<input semantic="VERTEX" source="#Body2-mesh-vertices" offset="0"/>
				<input semantic="NORMAL" source="#Body2-mesh-normals" offset="1"/>
				<p>
1241 1241 1242 1242 1243 1243 
1243 1243 1244 1244 1241 1241 
</p>
			</triangles>
			<triangles count="2" material="Material201">
				<input semantic="VERTEX" source="#Body2-mesh-vertices" offset="0"/>
				<input semantic="NORMAL" source="#Body2-mesh-normals" offset="1"/>
				<p>
1245 1245 1246 1246 1247 1247 
1245 1245 1248 1248 1246 1246 
</p>
			</triangles>
			<triangles count="2" material="Material202">
				<input semantic="VERTEX" source="#Body2-mesh-vertices" offset="0"/>
				<input semantic="NORMAL" source="#Body2-mesh-normals" offset="1"/>
				<p>
1249 1249 1250 1250 1251 1251 
1251 1251 1252 1252 1249 1249 
</p>
			</triangles>
			<triangles count="2" material="Material203">
				<input semantic="VERTEX" source="#Body2-mesh-vertices" offset="0"/>
				<input semantic="NORMAL" source="#Body2-mesh-normals" offset="1"/>
				<p>
1253 1253 1254 1254 1255 1255 
1253 1253 1256 1256 1254 1254 
</p>
			</triangles>
			<triangles count="2" material="Material204">
				<input semantic="VERTEX" source="#Body2-mesh-vertices" offset="0"/>
				<input semantic="NORMAL" source="#Body2-mesh-normals" offset="1"/>
				<p>
1257 1257 1258 1258 1259 1259 
1259 1259 1260 1260 1257 1257 
</p>
			</triangles>
			<triangles count="2" material="Material205">
				<input semantic="VERTEX" source="#Body2-mesh-vertices" offset="0"/>
				<input semantic="NORMAL" source="#Body2-mesh-normals" offset="1"/>
				<p>
1261 1261 1262 1262 1263 1263 
1263 1263 1264 1264 1261 1261 
</p>
			</triangles>
			<triangles count="2" material="Material206">
				<input semantic="VERTEX" source="#Body2-mesh-vertices" offset="0"/>
				<input semantic="NORMAL" source="#Body2-mesh-normals" offset="1"/>
				<p>
1265 1265 1266 1266 1267 1267 
1265 1265 1268 1268 1266 1266 
</p>
			</triangles>
			<triangles count="2" material="Material207">
				<input semantic="VERTEX" source="#Body2-mesh-vertices" offset="0"/>
				<input semantic="NORMAL" source="#Body2-mesh-normals" offset="1"/>
				<p>
1269 1269 1270 1270 1271 1271 
1271 1271 1272 1272 1269 1269 
</p>
			</triangles>
			<triangles count="2" material="Material208">
				<input semantic="VERTEX" source="#Body2-mesh-vertices" offset="0"/>
				<input semantic="NORMAL" source="#Body2-mesh-normals" offset="1"/>
				<p>
1273 1273 1274 1274 1275 1275 
1275 1275 1276 1276 1273 1273 
</p>
			</triangles>
			<triangles count="2" material="Material209">
				<input semantic="VERTEX" source="#Body2-mesh-vertices" offset="0"/>
				<input semantic="NORMAL" source="#Body2-mesh-normals" offset="1"/>
				<p>
1277 1277 1278 1278 1279 1279 
1277 1277 1280 1280 1278 1278 
</p>
			</triangles>
			<triangles count="2" material="Material210">
				<input semantic="VERTEX" source="#Body2-mesh-vertices" offset="0"/>
				<input semantic="NORMAL" source="#Body2-mesh-normals" offset="1"/>
				<p>
1281 1281 1282 1282 1283 1283 
1283 1283 1284 1284 1281 1281 
</p>
			</triangles>
			<triangles count="2" material="Material211">
				<input semantic="VERTEX" source="#Body2-mesh-vertices" offset="0"/>
				<input semantic="NORMAL" source="#Body2-mesh-normals" offset="1"/>
				<p>
1285 1285 1286 1286 1287 1287 
1287 1287 1288 1288 1285 1285 
</p>
			</triangles>
			<triangles count="2" material="Material212">
				<input semantic="VERTEX" source="#Body2-mesh-vertices" offset="0"/>
				<input semantic="NORMAL" source="#Body2-mesh-normals" offset="1"/>
				<p>
1289 1289 1290 1290 1291 1291 
1289 1289 1292 1292 1290 1290 
</p>
			</triangles>
			<triangles count="2" material="Material213">
				<input semantic="VERTEX" source="#Body2-mesh-vertices" offset="0"/>
				<input semantic="NORMAL" source="#Body2-mesh-normals" offset="1"/>
				<p>
1293 1293 1294 1294 1295 1295 
1295 1295 1296 1296 1293 1293 
</p>
			</triangles>
			<triangles count="2" material="Material214">
				<input semantic="VERTEX" source="#Body2-mesh-vertices" offset="0"/>
				<input semantic="NORMAL" source="#Body2-mesh-normals" offset="1"/>
				<p>
1297 1297 1298 1298 1299 1299 
1299 1299 1300 1300 1297 1297 
</p>
			</triangles>
			<triangles count="2" material="Material215">
				<input semantic="VERTEX" source="#Body2-mesh-vertices" offset="0"/>
				<input semantic="NORMAL" source="#Body2-mesh-normals" offset="1"/>
				<p>
1301 1301 1302 1302 1303 1303 
1301 1301 1304 1304 1302 1302 
</p>
			</triangles>
			<triangles count="2" material="Material216">
				<input semantic="VERTEX" source="#Body2-mesh-vertices" offset="0"/>
				<input semantic="NORMAL" source="#Body2-mesh-normals" offset="1"/>
				<p>
1305 1305 1306 1306 1307 1307 
1307 1307 1308 1308 1305 1305 
</p>
			</triangles>
			<triangles count="2" material="Material217">
				<input semantic="VERTEX" source="#Body2-mesh-vertices" offset="0"/>
				<input semantic="NORMAL" source="#Body2-mesh-normals" offset="1"/>
				<p>
1309 1309 1310 1310 1311 1311 
1311 1311 1312 1312 1309 1309 
</p>
			</triangles>
			<triangles count="2" material="Material218">
				<input semantic="VERTEX" source="#Body2-mesh-vertices" offset="0"/>
				<input semantic="NORMAL" source="#Body2-mesh-normals" offset="1"/>
				<p>
1313 1313 1314 1314 1315 1315 
1313 1313 1316 1316 1314 1314 
</p>
			</triangles>
			<triangles count="2" material="Material219">
				<input semantic="VERTEX" source="#Body2-mesh-vertices" offset="0"/>
				<input semantic="NORMAL" source="#Body2-mesh-normals" offset="1"/>
				<p>
1317 1317 1318 1318 1319 1319 
1319 1319 1320 1320 1317 1317 
</p>
			</triangles>
			<triangles count="2" material="Material220">
				<input semantic="VERTEX" source="#Body2-mesh-vertices" offset="0"/>
				<input semantic="NORMAL" source="#Body2-mesh-normals" offset="1"/>
				<p>
1321 1321 1322 1322 1323 1323 
1323 1323 1324 1324 1321 1321 
</p>
			</triangles>
			<triangles count="2" material="Material221">
				<input semantic="VERTEX" source="#Body2-mesh-vertices" offset="0"/>
				<input semantic="NORMAL" source="#Body2-mesh-normals" offset="1"/>
				<p>
1325 1325 1326 1326 1327 1327 
1327 1327 1328 1328 1325 1325 
</p>
			</triangles>
			<triangles count="2" material="Material222">
				<input semantic="VERTEX" source="#Body2-mesh-vertices" offset="0"/>
				<input semantic="NORMAL" source="#Body2-mesh-normals" offset="1"/>
				<p>
1329 1329 1330 1330 1331 1331 
1329 1329 1332 1332 1330 1330 
</p>
			</triangles>
			<triangles count="2" material="Material223">
				<input semantic="VERTEX" source="#Body2-mesh-vertices" offset="0"/>
				<input semantic="NORMAL" source="#Body2-mesh-normals" offset="1"/>
				<p>
1333 1333 1334 1334 1335 1335 
1335 1335 1336 1336 1333 1333 
</p>
			</triangles>
			<triangles count="2" material="Material224">
				<input semantic="VERTEX" source="#Body2-mesh-vertices" offset="0"/>
				<input semantic="NORMAL" source="#Body2-mesh-normals" offset="1"/>
				<p>
1337 1337 1338 1338 1339 1339 
1339 1339 1340 1340 1337 1337 
</p>
			</triangles>
			<triangles count="2" material="Material225">
				<input semantic="VERTEX" source="#Body2-mesh-vertices" offset="0"/>
				<input semantic="NORMAL" source="#Body2-mesh-normals" offset="1"/>
				<p>
1341 1341 1342 1342 1343 1343 
1341 1341 1344 1344 1342 1342 
</p>
			</triangles>
			<triangles count="2" material="Material226">
				<input semantic="VERTEX" source="#Body2-mesh-vertices" offset="0"/>
				<input semantic="NORMAL" source="#Body2-mesh-normals" offset="1"/>
				<p>
1345 1345 1346 1346 1347 1347 
1345 1345 1348 1348 1346 1346 
</p>
			</triangles>
			<triangles count="2" material="Material227">
				<input semantic="VERTEX" source="#Body2-mesh-vertices" offset="0"/>
				<input semantic="NORMAL" source="#Body2-mesh-normals" offset="1"/>
				<p>
1349 1349 1350 1350 1351 1351 
1351 1351 1352 1352 1349 1349 
</p>
			</triangles>
			<triangles count="2" material="Material228">
				<input semantic="VERTEX" source="#Body2-mesh-vertices" offset="0"/>
				<input semantic="NORMAL" source="#Body2-mesh-normals" offset="1"/>
				<p>
1353 1353 1354 1354 1355 1355 
1355 1355 1356 1356 1353 1353 
</p>
			</triangles>
			<triangles count="2" material="Material229">
				<input semantic="VERTEX" source="#Body2-mesh-vertices" offset="0"/>
				<input semantic="NORMAL" source="#Body2-mesh-normals" offset="1"/>
				<p>
1357 1357 1358 1358 1359 1359 
1359 1359 1360 1360 1357 1357 
</p>
			</triangles>
			<triangles count="2" material="Material230">
				<input semantic="VERTEX" source="#Body2-mesh-vertices" offset="0"/>
				<input semantic="NORMAL" source="#Body2-mesh-normals" offset="1"/>
				<p>
1361 1361 1362 1362 1363 1363 
1363 1363 1364 1364 1361 1361 
</p>
			</triangles>
			<triangles count="2" material="Material231">
				<input semantic="VERTEX" source="#Body2-mesh-vertices" offset="0"/>
				<input semantic="NORMAL" source="#Body2-mesh-normals" offset="1"/>
				<p>
1365 1365 1366 1366 1367 1367 
1365 1365 1368 1368 1366 1366 
</p>
			</triangles>
			<triangles count="2" material="Material232">
				<input semantic="VERTEX" source="#Body2-mesh-vertices" offset="0"/>
				<input semantic="NORMAL" source="#Body2-mesh-normals" offset="1"/>
				<p>
1369 1369 1370 1370 1371 1371 
1371 1371 1372 1372 1369 1369 
</p>
			</triangles>
			<triangles count="2" material="Material233">
				<input semantic="VERTEX" source="#Body2-mesh-vertices" offset="0"/>
				<input semantic="NORMAL" source="#Body2-mesh-normals" offset="1"/>
				<p>
1373 1373 1374 1374 1375 1375 
1375 1375 1376 1376 1373 1373 
</p>
			</triangles>
			<triangles count="2" material="Material234">
				<input semantic="VERTEX" source="#Body2-mesh-vertices" offset="0"/>
				<input semantic="NORMAL" source="#Body2-mesh-normals" offset="1"/>
				<p>
1377 1377 1378 1378 1379 1379 
1379 1379 1380 1380 1377 1377 
</p>
			</triangles>
			<triangles count="2" material="Material235">
				<input semantic="VERTEX" source="#Body2-mesh-vertices" offset="0"/>
				<input semantic="NORMAL" source="#Body2-mesh-normals" offset="1"/>
				<p>
1381 1381 1382 1382 1383 1383 
1383 1383 1384 1384 1381 1381 
</p>
			</triangles>
			<triangles count="2" material="Material236">
				<input semantic="VERTEX" source="#Body2-mesh-vertices" offset="0"/>
				<input semantic="NORMAL" source="#Body2-mesh-normals" offset="1"/>
				<p>
1385 1385 1386 1386 1387 1387 
1387 1387 1388 1388 1385 1385 
</p>
			</triangles>
			<triangles count="2" material="Material237">
				<input semantic="VERTEX" source="#Body2-mesh-vertices" offset="0"/>
				<input semantic="NORMAL" source="#Body2-mesh-normals" offset="1"/>
				<p>
1389 1389 1390 1390 1391 1391 
1391 1391 1392 1392 1389 1389 
</p>
			</triangles>
			<triangles count="2" material="Material238">
				<input semantic="VERTEX" source="#Body2-mesh-vertices" offset="0"/>
				<input semantic="NORMAL" source="#Body2-mesh-normals" offset="1"/>
				<p>
1393 1393 1394 1394 1395 1395 
1395 1395 1396 1396 1393 1393 
</p>
			</triangles>
			<triangles count="2" material="Material239">
				<input semantic="VERTEX" source="#Body2-mesh-vertices" offset="0"/>
				<input semantic="NORMAL" source="#Body2-mesh-normals" offset="1"/>
				<p>
1397 1397 1398 1398 1399 1399 
1397 1397 1400 1400 1398 1398 
</p>
			</triangles>
			<triangles count="2" material="Material240">
				<input semantic="VERTEX" source="#Body2-mesh-vertices" offset="0"/>
				<input semantic="NORMAL" source="#Body2-mesh-normals" offset="1"/>
				<p>
1401 1401 1402 1402 1403 1403 
1401 1401 1404 1404 1402 1402 
</p>
			</triangles>
			<triangles count="2" material="Material241">
				<input semantic="VERTEX" source="#Body2-mesh-vertices" offset="0"/>
				<input semantic="NORMAL" source="#Body2-mesh-normals" offset="1"/>
				<p>
1405 1405 1406 1406 1407 1407 
1405 1405 1408 1408 1406 1406 
</p>
			</triangles>
			<triangles count="2" material="Material242">
				<input semantic="VERTEX" source="#Body2-mesh-vertices" offset="0"/>
				<input semantic="NORMAL" source="#Body2-mesh-normals" offset="1"/>
				<p>
1409 1409 1410 1410 1411 1411 
1411 1411 1412 1412 1409 1409 
</p>
			</triangles>
			<triangles count="2" material="Material243">
				<input semantic="VERTEX" source="#Body2-mesh-vertices" offset="0"/>
				<input semantic="NORMAL" source="#Body2-mesh-normals" offset="1"/>
				<p>
1413 1413 1414 1414 1415 1415 
1413 1413 1416 1416 1414 1414 
</p>
			</triangles>
			<triangles count="2" material="Material244">
				<input semantic="VERTEX" source="#Body2-mesh-vertices" offset="0"/>
				<input semantic="NORMAL" source="#Body2-mesh-normals" offset="1"/>
				<p>
1417 1417 1418 1418 1419 1419 
1419 1419 1420 1420 1417 1417 
</p>
			</triangles>
			<triangles count="2" material="Material245">
				<input semantic="VERTEX" source="#Body2-mesh-vertices" offset="0"/>
				<input semantic="NORMAL" source="#Body2-mesh-normals" offset="1"/>
				<p>
1421 1421 1422 1422 1423 1423 
1421 1421 1424 1424 1422 1422 
</p>
			</triangles>
			<triangles count="2" material="Material246">
				<input semantic="VERTEX" source="#Body2-mesh-vertices" offset="0"/>
				<input semantic="NORMAL" source="#Body2-mesh-normals" offset="1"/>
				<p>
1425 1425 1426 1426 1427 1427 
1425 1425 1428 1428 1426 1426 
</p>
			</triangles>
			<triangles count="2" material="Material247">
				<input semantic="VERTEX" source="#Body2-mesh-vertices" offset="0"/>
				<input semantic="NORMAL" source="#Body2-mesh-normals" offset="1"/>
				<p>
1429 1429 1430 1430 1431 1431 
1429 1429 1432 1432 1430 1430 
</p>
			</triangles>
			<triangles count="2" material="Material248">
				<input semantic="VERTEX" source="#Body2-mesh-vertices" offset="0"/>
				<input semantic="NORMAL" source="#Body2-mesh-normals" offset="1"/>
				<p>
1433 1433 1434 1434 1435 1435 
1433 1433 1436 1436 1434 1434 
</p>
			</triangles>
			<triangles count="2" material="Material249">
				<input semantic="VERTEX" source="#Body2-mesh-vertices" offset="0"/>
				<input semantic="NORMAL" source="#Body2-mesh-normals" offset="1"/>
				<p>
1437 1437 1438 1438 1439 1439 
1439 1439 1440 1440 1437 1437 
</p>
			</triangles>
			<triangles count="2" material="Material250">
				<input semantic="VERTEX" source="#Body2-mesh-vertices" offset="0"/>
				<input semantic="NORMAL" source="#Body2-mesh-normals" offset="1"/>
				<p>
1441 1441 1442 1442 1443 1443 
1441 1441 1444 1444 1442 1442 
</p>
			</triangles>
			<triangles count="2" material="Material251">
				<input semantic="VERTEX" source="#Body2-mesh-vertices" offset="0"/>
				<input semantic="NORMAL" source="#Body2-mesh-normals" offset="1"/>
				<p>
1445 1445 1446 1446 1447 1447 
1447 1447 1448 1448 1445 1445 
</p>
			</triangles>
			<triangles count="2" material="Material252">
				<input semantic="VERTEX" source="#Body2-mesh-vertices" offset="0"/>
				<input semantic="NORMAL" source="#Body2-mesh-normals" offset="1"/>
				<p>
1449 1449 1450 1450 1451 1451 
1449 1449 1452 1452 1450 1450 
</p>
			</triangles>
			<triangles count="2" material="Material253">
				<input semantic="VERTEX" source="#Body2-mesh-vertices" offset="0"/>
				<input semantic="NORMAL" source="#Body2-mesh-normals" offset="1"/>
				<p>
1453 1453 1454 1454 1455 1455 
1453 1453 1456 1456 1454 1454 
</p>
			</triangles>
			<triangles count="2" material="Material254">
				<input semantic="VERTEX" source="#Body2-mesh-vertices" offset="0"/>
				<input semantic="NORMAL" source="#Body2-mesh-normals" offset="1"/>
				<p>
1457 1457 1458 1458 1459 1459 
1459 1459 1460 1460 1457 1457 
</p>
			</triangles>
			<triangles count="2" material="Material255">
				<input semantic="VERTEX" source="#Body2-mesh-vertices" offset="0"/>
				<input semantic="NORMAL" source="#Body2-mesh-normals" offset="1"/>
				<p>
1461 1461 1462 1462 1463 1463 
1461 1461 1464 1464 1462 1462 
</p>
			</triangles>
			<triangles count="2" material="Material256">
				<input semantic="VERTEX" source="#Body2-mesh-vertices" offset="0"/>
				<input semantic="NORMAL" source="#Body2-mesh-normals" offset="1"/>
				<p>
1465 1465 1466 1466 1467 1467 
1467 1467 1468 1468 1465 1465 
</p>
			</triangles>
			<triangles count="2" material="Material257">
				<input semantic="VERTEX" source="#Body2-mesh-vertices" offset="0"/>
				<input semantic="NORMAL" source="#Body2-mesh-normals" offset="1"/>
				<p>
1469 1469 1470 1470 1471 1471 
1471 1471 1472 1472 1469 1469 
</p>
			</triangles>
			<triangles count="2" material="Material258">
				<input semantic="VERTEX" source="#Body2-mesh-vertices" offset="0"/>
				<input semantic="NORMAL" source="#Body2-mesh-normals" offset="1"/>
				<p>
1473 1473 1474 1474 1475 1475 
1475 1475 1476 1476 1473 1473 
</p>
			</triangles>
			<triangles count="2" material="Material259">
				<input semantic="VERTEX" source="#Body2-mesh-vertices" offset="0"/>
				<input semantic="NORMAL" source="#Body2-mesh-normals" offset="1"/>
				<p>
1477 1477 1478 1478 1479 1479 
1477 1477 1480 1480 1478 1478 
</p>
			</triangles>
			<triangles count="2" material="Material260">
				<input semantic="VERTEX" source="#Body2-mesh-vertices" offset="0"/>
				<input semantic="NORMAL" source="#Body2-mesh-normals" offset="1"/>
				<p>
1481 1481 1482 1482 1483 1483 
1483 1483 1484 1484 1481 1481 
</p>
			</triangles>
			<triangles count="2" material="Material261">
				<input semantic="VERTEX" source="#Body2-mesh-vertices" offset="0"/>
				<input semantic="NORMAL" source="#Body2-mesh-normals" offset="1"/>
				<p>
1485 1485 1486 1486 1487 1487 
1487 1487 1488 1488 1485 1485 
</p>
			</triangles>
			<triangles count="2" material="Material262">
				<input semantic="VERTEX" source="#Body2-mesh-vertices" offset="0"/>
				<input semantic="NORMAL" source="#Body2-mesh-normals" offset="1"/>
				<p>
1489 1489 1490 1490 1491 1491 
1489 1489 1492 1492 1490 1490 
</p>
			</triangles>
			<triangles count="2" material="Material263">
				<input semantic="VERTEX" source="#Body2-mesh-vertices" offset="0"/>
				<input semantic="NORMAL" source="#Body2-mesh-normals" offset="1"/>
				<p>
1493 1493 1494 1494 1495 1495 
1493 1493 1496 1496 1494 1494 
</p>
			</triangles>
			<triangles count="2" material="Material264">
				<input semantic="VERTEX" source="#Body2-mesh-vertices" offset="0"/>
				<input semantic="NORMAL" source="#Body2-mesh-normals" offset="1"/>
				<p>
1497 1497 1498 1498 1499 1499 
1499 1499 1500 1500 1497 1497 
</p>
			</triangles>
			<triangles count="2" material="Material265">
				<input semantic="VERTEX" source="#Body2-mesh-vertices" offset="0"/>
				<input semantic="NORMAL" source="#Body2-mesh-normals" offset="1"/>
				<p>
1501 1501 1502 1502 1503 1503 
1503 1503 1504 1504 1501 1501 
</p>
			</triangles>
			<triangles count="2" material="Material266">
				<input semantic="VERTEX" source="#Body2-mesh-vertices" offset="0"/>
				<input semantic="NORMAL" source="#Body2-mesh-normals" offset="1"/>
				<p>
1505 1505 1506 1506 1507 1507 
1505 1505 1508 1508 1506 1506 
</p>
			</triangles>
			<triangles count="2" material="Material267">
				<input semantic="VERTEX" source="#Body2-mesh-vertices" offset="0"/>
				<input semantic="NORMAL" source="#Body2-mesh-normals" offset="1"/>
				<p>
1509 1509 1510 1510 1511 1511 
1509 1509 1512 1512 1510 1510 
</p>
			</triangles>
			<triangles count="2" material="Material268">
				<input semantic="VERTEX" source="#Body2-mesh-vertices" offset="0"/>
				<input semantic="NORMAL" source="#Body2-mesh-normals" offset="1"/>
				<p>
1513 1513 1514 1514 1515 1515 
1515 1515 1516 1516 1513 1513 
</p>
			</triangles>
			<triangles count="2" material="Material269">
				<input semantic="VERTEX" source="#Body2-mesh-vertices" offset="0"/>
				<input semantic="NORMAL" source="#Body2-mesh-normals" offset="1"/>
				<p>
1517 1517 1518 1518 1519 1519 
1519 1519 1520 1520 1517 1517 
</p>
			</triangles>
			<triangles count="2" material="Material270">
				<input semantic="VERTEX" source="#Body2-mesh-vertices" offset="0"/>
				<input semantic="NORMAL" source="#Body2-mesh-normals" offset="1"/>
				<p>
1521 1521 1522 1522 1523 1523 
1521 1521 1524 1524 1522 1522 
</p>
			</triangles>
			<triangles count="2" material="Material271">
				<input semantic="VERTEX" source="#Body2-mesh-vertices" offset="0"/>
				<input semantic="NORMAL" source="#Body2-mesh-normals" offset="1"/>
				<p>
1525 1525 1526 1526 1527 1527 
1525 1525 1528 1528 1526 1526 
</p>
			</triangles>
			<triangles count="2" material="Material272">
				<input semantic="VERTEX" source="#Body2-mesh-vertices" offset="0"/>
				<input semantic="NORMAL" source="#Body2-mesh-normals" offset="1"/>
				<p>
1529 1529 1530 1530 1531 1531 
1529 1529 1532 1532 1530 1530 
</p>
			</triangles>
			<triangles count="2" material="Material273">
				<input semantic="VERTEX" source="#Body2-mesh-vertices" offset="0"/>
				<input semantic="NORMAL" source="#Body2-mesh-normals" offset="1"/>
				<p>
1533 1533 1534 1534 1535 1535 
1533 1533 1536 1536 1534 1534 
</p>
			</triangles>
			<triangles count="2" material="Material274">
				<input semantic="VERTEX" source="#Body2-mesh-vertices" offset="0"/>
				<input semantic="NORMAL" source="#Body2-mesh-normals" offset="1"/>
				<p>
1537 1537 1538 1538 1539 1539 
1539 1539 1540 1540 1537 1537 
</p>
			</triangles>
			<triangles count="2" material="Material275">
				<input semantic="VERTEX" source="#Body2-mesh-vertices" offset="0"/>
				<input semantic="NORMAL" source="#Body2-mesh-normals" offset="1"/>
				<p>
1541 1541 1542 1542 1543 1543 
1543 1543 1544 1544 1541 1541 
</p>
			</triangles>
			<triangles count="44" material="Material276">
				<input semantic="VERTEX" source="#Body2-mesh-vertices" offset="0"/>
				<input semantic="NORMAL" source="#Body2-mesh-normals" offset="1"/>
				<p>
1545 1545 1546 1546 1547 1547 
1548 1548 1549 1549 1550 1550 
1551 1551 1552 1552 1553 1553 
1554 1554 1555 1555 1556 1556 
1546 1546 1557 1557 1558 1558 
1547 1547 1559 1559 1560 1560 
1547 1547 1561 1561 1559 1559 
1562 1562 1563 1563 1564 1564 
1552 1552 1551 1551 1565 1565 
1552 1552 1565 1565 1566 1566 
1567 1567 1568 1568 1569 1569 
1553 1553 1570 1570 1549 1549 
1549 1549 1570 1570 1571 1571 
1570 1570 1553 1553 1552 1552 
1561 1561 1547 1547 1546 1546 
1572 1572 1565 1565 1573 1573 
1574 1574 1567 1567 1569 1569 
1548 1548 1575 1575 1574 1574 
1549 1549 1571 1571 1550 1550 
1548 1548 1550 1550 1575 1575 
1554 1554 1576 1576 1555 1555 
1575 1575 1577 1577 1574 1574 
1554 1554 1556 1556 1577 1577 
1577 1577 1556 1556 1574 1574 
1572 1572 1566 1566 1565 1565 
1578 1578 1550 1550 1579 1579 
1576 1576 1554 1554 1578 1578 
1555 1555 1576 1576 1580 1580 
1554 1554 1550 1550 1578 1578 
1581 1581 1582 1582 1579 1579 
1550 1550 1571 1571 1579 1579 
1566 1566 1581 1581 1571 1571 
1571 1571 1581 1581 1579 1579 
1581 1581 1566 1566 1572 1572 
1563 1563 1551 1551 1583 1583 
1583 1583 1551 1551 1553 1553 
1563 1563 1562 1562 1551 1551 
1562 1562 1564 1564 1584 1584 
1559 1559 1561 1561 1564 1564 
1584 1584 1564 1564 1561 1561 
1545 1545 1569 1569 1546 1546 
1546 1546 1569 1569 1557 1557 
1569 1569 1568 1568 1557 1557 
1556 1556 1567 1567 1574 1574 
</p>
			</triangles>
			<triangles count="2" material="Material277">
				<input semantic="VERTEX" source="#Body2-mesh-vertices" offset="0"/>
				<input semantic="NORMAL" source="#Body2-mesh-normals" offset="1"/>
				<p>
1585 1585 1586 1586 1587 1587 
1587 1587 1588 1588 1585 1585 
</p>
			</triangles>
			<triangles count="2" material="Material278">
				<input semantic="VERTEX" source="#Body2-mesh-vertices" offset="0"/>
				<input semantic="NORMAL" source="#Body2-mesh-normals" offset="1"/>
				<p>
1589 1589 1590 1590 1591 1591 
1591 1591 1592 1592 1589 1589 
</p>
			</triangles>
			<triangles count="2" material="Material279">
				<input semantic="VERTEX" source="#Body2-mesh-vertices" offset="0"/>
				<input semantic="NORMAL" source="#Body2-mesh-normals" offset="1"/>
				<p>
1593 1593 1594 1594 1595 1595 
1595 1595 1596 1596 1593 1593 
</p>
			</triangles>
			<triangles count="2" material="Material280">
				<input semantic="VERTEX" source="#Body2-mesh-vertices" offset="0"/>
				<input semantic="NORMAL" source="#Body2-mesh-normals" offset="1"/>
				<p>
1597 1597 1598 1598 1599 1599 
1599 1599 1600 1600 1597 1597 
</p>
			</triangles>
			<triangles count="38" material="Material281">
				<input semantic="VERTEX" source="#Body2-mesh-vertices" offset="0"/>
				<input semantic="NORMAL" source="#Body2-mesh-normals" offset="1"/>
				<p>
1601 1601 1602 1602 1603 1603 
1604 1604 1605 1605 1606 1606 
1606 1606 1607 1607 1604 1604 
1608 1608 1609 1609 1607 1607 
1606 1606 1608 1608 1607 1607 
1609 1609 1608 1608 1610 1610 
1611 1611 1612 1612 1601 1601 
1609 1609 1610 1610 1613 1613 
1606 1606 1605 1605 1613 1613 
1614 1614 1611 1611 1601 1601 
1601 1601 1615 1615 1616 1616 
1617 1617 1608 1608 1612 1612 
1613 1613 1605 1605 1609 1609 
1612 1612 1618 1618 1619 1619 
1620 1620 1621 1621 1612 1612 
1621 1621 1620 1620 1622 1622 
1622 1622 1603 1603 1621 1621 
1601 1601 1603 1603 1622 1622 
1601 1601 1606 1606 1602 1602 
1612 1612 1621 1621 1617 1617 
1623 1623 1619 1619 1615 1615 
1601 1601 1624 1624 1615 1615 
1601 1601 1622 1622 1624 1624 
1623 1623 1620 1620 1612 1612 
1619 1619 1623 1623 1612 1612 
1615 1615 1624 1624 1623 1623 
1606 1606 1613 1613 1625 1625 
1626 1626 1610 1610 1608 1608 
1617 1617 1626 1626 1608 1608 
1602 1602 1626 1626 1617 1617 
1626 1626 1602 1602 1625 1625 
1606 1606 1625 1625 1602 1602 
1618 1618 1627 1627 1616 1616 
1616 1616 1627 1627 1601 1601 
1612 1612 1628 1628 1618 1618 
1627 1627 1618 1618 1628 1628 
1612 1612 1611 1611 1628 1628 
1627 1627 1614 1614 1601 1601 
</p>
			</triangles>
			<triangles count="2" material="Material282">
				<input semantic="VERTEX" source="#Body2-mesh-vertices" offset="0"/>
				<input semantic="NORMAL" source="#Body2-mesh-normals" offset="1"/>
				<p>
1629 1629 1630 1630 1631 1631 
1631 1631 1632 1632 1629 1629 
</p>
			</triangles>
			<triangles count="2" material="Material283">
				<input semantic="VERTEX" source="#Body2-mesh-vertices" offset="0"/>
				<input semantic="NORMAL" source="#Body2-mesh-normals" offset="1"/>
				<p>
1633 1633 1634 1634 1635 1635 
1635 1635 1636 1636 1633 1633 
</p>
			</triangles>
			<triangles count="2" material="Material284">
				<input semantic="VERTEX" source="#Body2-mesh-vertices" offset="0"/>
				<input semantic="NORMAL" source="#Body2-mesh-normals" offset="1"/>
				<p>
1637 1637 1638 1638 1639 1639 
1639 1639 1640 1640 1637 1637 
</p>
			</triangles>
			<triangles count="2" material="Material285">
				<input semantic="VERTEX" source="#Body2-mesh-vertices" offset="0"/>
				<input semantic="NORMAL" source="#Body2-mesh-normals" offset="1"/>
				<p>
1641 1641 1642 1642 1643 1643 
1643 1643 1644 1644 1641 1641 
</p>
			</triangles>
			<triangles count="2" material="Material286">
				<input semantic="VERTEX" source="#Body2-mesh-vertices" offset="0"/>
				<input semantic="NORMAL" source="#Body2-mesh-normals" offset="1"/>
				<p>
1645 1645 1646 1646 1647 1647 
1647 1647 1648 1648 1645 1645 
</p>
			</triangles>
			<triangles count="26" material="Material287">
				<input semantic="VERTEX" source="#Body2-mesh-vertices" offset="0"/>
				<input semantic="NORMAL" source="#Body2-mesh-normals" offset="1"/>
				<p>
1649 1649 1650 1650 1651 1651 
1649 1649 1652 1652 1650 1650 
1653 1653 1652 1652 1654 1654 
1655 1655 1656 1656 1657 1657 
1650 1650 1658 1658 1657 1657 
1650 1650 1657 1657 1651 1651 
1652 1652 1649 1649 1656 1656 
1659 1659 1658 1658 1650 1650 
1652 1652 1656 1656 1655 1655 
1660 1660 1659 1659 1654 1654 
1657 1657 1658 1658 1655 1655 
1650 1650 1661 1661 1659 1659 
1652 1652 1655 1655 1660 1660 
1661 1661 1650 1650 1662 1662 
1652 1652 1660 1660 1654 1654 
1663 1663 1662 1662 1664 1664 
1659 1659 1661 1661 1654 1654 
1663 1663 1661 1661 1662 1662 
1654 1654 1665 1665 1653 1653 
1666 1666 1667 1667 1662 1662 
1665 1665 1663 1663 1668 1668 
1667 1667 1664 1664 1662 1662 
1668 1668 1666 1666 1653 1653 
1662 1662 1653 1653 1666 1666 
1665 1665 1668 1668 1653 1653 
1663 1663 1664 1664 1668 1668 
</p>
			</triangles>
			<triangles count="2" material="Material288">
				<input semantic="VERTEX" source="#Body2-mesh-vertices" offset="0"/>
				<input semantic="NORMAL" source="#Body2-mesh-normals" offset="1"/>
				<p>
1669 1669 1670 1670 1671 1671 
1671 1671 1672 1672 1669 1669 
</p>
			</triangles>
			<triangles count="2" material="Material289">
				<input semantic="VERTEX" source="#Body2-mesh-vertices" offset="0"/>
				<input semantic="NORMAL" source="#Body2-mesh-normals" offset="1"/>
				<p>
1673 1673 1674 1674 1675 1675 
1675 1675 1676 1676 1673 1673 
</p>
			</triangles>
			<triangles count="2" material="Material290">
				<input semantic="VERTEX" source="#Body2-mesh-vertices" offset="0"/>
				<input semantic="NORMAL" source="#Body2-mesh-normals" offset="1"/>
				<p>
1677 1677 1678 1678 1679 1679 
1679 1679 1680 1680 1677 1677 
</p>
			</triangles>
			<triangles count="2" material="Material291">
				<input semantic="VERTEX" source="#Body2-mesh-vertices" offset="0"/>
				<input semantic="NORMAL" source="#Body2-mesh-normals" offset="1"/>
				<p>
1681 1681 1682 1682 1683 1683 
1683 1683 1684 1684 1681 1681 
</p>
			</triangles>
			<triangles count="2" material="Material292">
				<input semantic="VERTEX" source="#Body2-mesh-vertices" offset="0"/>
				<input semantic="NORMAL" source="#Body2-mesh-normals" offset="1"/>
				<p>
1685 1685 1686 1686 1687 1687 
1687 1687 1688 1688 1685 1685 
</p>
			</triangles>
			<triangles count="2" material="Material293">
				<input semantic="VERTEX" source="#Body2-mesh-vertices" offset="0"/>
				<input semantic="NORMAL" source="#Body2-mesh-normals" offset="1"/>
				<p>
1689 1689 1690 1690 1691 1691 
1690 1690 1689 1689 1692 1692 
</p>
			</triangles>
			<triangles count="2" material="Material294">
				<input semantic="VERTEX" source="#Body2-mesh-vertices" offset="0"/>
				<input semantic="NORMAL" source="#Body2-mesh-normals" offset="1"/>
				<p>
1693 1693 1694 1694 1695 1695 
1695 1695 1696 1696 1693 1693 
</p>
			</triangles>
			<triangles count="2" material="Material295">
				<input semantic="VERTEX" source="#Body2-mesh-vertices" offset="0"/>
				<input semantic="NORMAL" source="#Body2-mesh-normals" offset="1"/>
				<p>
1697 1697 1698 1698 1699 1699 
1699 1699 1700 1700 1697 1697 
</p>
			</triangles>
			<triangles count="2" material="Material296">
				<input semantic="VERTEX" source="#Body2-mesh-vertices" offset="0"/>
				<input semantic="NORMAL" source="#Body2-mesh-normals" offset="1"/>
				<p>
1701 1701 1702 1702 1703 1703 
1703 1703 1704 1704 1701 1701 
</p>
			</triangles>
			<triangles count="2" material="Material297">
				<input semantic="VERTEX" source="#Body2-mesh-vertices" offset="0"/>
				<input semantic="NORMAL" source="#Body2-mesh-normals" offset="1"/>
				<p>
1705 1705 1706 1706 1707 1707 
1707 1707 1708 1708 1705 1705 
</p>
			</triangles>
			<triangles count="2" material="Material298">
				<input semantic="VERTEX" source="#Body2-mesh-vertices" offset="0"/>
				<input semantic="NORMAL" source="#Body2-mesh-normals" offset="1"/>
				<p>
1709 1709 1710 1710 1711 1711 
1710 1710 1709 1709 1712 1712 
</p>
			</triangles>
			<triangles count="2" material="Material299">
				<input semantic="VERTEX" source="#Body2-mesh-vertices" offset="0"/>
				<input semantic="NORMAL" source="#Body2-mesh-normals" offset="1"/>
				<p>
1713 1713 1714 1714 1715 1715 
1715 1715 1716 1716 1713 1713 
</p>
			</triangles>
			<triangles count="2" material="Material300">
				<input semantic="VERTEX" source="#Body2-mesh-vertices" offset="0"/>
				<input semantic="NORMAL" source="#Body2-mesh-normals" offset="1"/>
				<p>
1717 1717 1718 1718 1719 1719 
1719 1719 1720 1720 1717 1717 
</p>
			</triangles>
			<triangles count="2" material="Material301">
				<input semantic="VERTEX" source="#Body2-mesh-vertices" offset="0"/>
				<input semantic="NORMAL" source="#Body2-mesh-normals" offset="1"/>
				<p>
1721 1721 1722 1722 1723 1723 
1723 1723 1724 1724 1721 1721 
</p>
			</triangles>
			<triangles count="2" material="Material302">
				<input semantic="VERTEX" source="#Body2-mesh-vertices" offset="0"/>
				<input semantic="NORMAL" source="#Body2-mesh-normals" offset="1"/>
				<p>
1725 1725 1726 1726 1727 1727 
1727 1727 1728 1728 1725 1725 
</p>
			</triangles>
			<triangles count="2" material="Material303">
				<input semantic="VERTEX" source="#Body2-mesh-vertices" offset="0"/>
				<input semantic="NORMAL" source="#Body2-mesh-normals" offset="1"/>
				<p>
1729 1729 1730 1730 1731 1731 
1730 1730 1729 1729 1732 1732 
</p>
			</triangles>
			<triangles count="2" material="Material304">
				<input semantic="VERTEX" source="#Body2-mesh-vertices" offset="0"/>
				<input semantic="NORMAL" source="#Body2-mesh-normals" offset="1"/>
				<p>
1733 1733 1734 1734 1735 1735 
1735 1735 1736 1736 1733 1733 
</p>
			</triangles>
		</mesh>
	</geometry>
	<geometry id="Body3" name="Body3">
		<mesh>
			<source id="Body3-mesh-positions">
				<float_array id="Body3-mesh-positions-array" count="72">
24500 16500 5.63887e-11 
24500 11200 -100 
24500 11200 4.00178e-11 
24500 16500 -100 
33300 16500 5.63887e-11 
24500 16500 -100 
24500 16500 5.63887e-11 
33300 16500 -100 
33300 11200 4.00178e-11 
33300 16500 -100 
33300 16500 5.63887e-11 
33300 11200 -100 
24500 11200 4.00178e-11 
33300 11200 -100 
33300 11200 4.00178e-11 
24500 11200 -100 
33300 16500 5.63887e-11 
24500 11200 4.00178e-11 
33300 11200 4.00178e-11 
24500 16500 5.63887e-11 
24500 11200 -100 
33300 16500 -100 
33300 11200 -100 
24500 16500 -100 
</float_array>
				<technique_common>
					<accessor source="#Body3-mesh-positions-array" count="24" stride="3">
						<param name="X" type="float"/>
						<param name="Y" type="float"/>
						<param name="Z" type="float"/>
					</accessor>
				</technique_common>
			</source>
			<source id="Body3-mesh-normals">
				<float_array id="Body3-mesh-normals-array" count="72">
-1 -0 0 
-1 -0 0 
-1 -0 0 
-1 -0 0 
0 1 3.49148e-15 
0 1 3.49148e-15 
0 1 3.49148e-15 
0 1 3.49148e-15 
1 0 -0 
1 0 -0 
1 0 -0 
1 0 -0 
0 -1 -3.49148e-15 
0 -1 -3.49148e-15 
0 -1 -3.49148e-15 
0 -1 -3.49148e-15 
0 -3.49148e-15 1 
0 -3.49148e-15 1 
0 -3.49148e-15 1 
0 -3.49148e-15 1 
-0 3.49148e-15 -1 
-0 3.49148e-15 -1 
-0 3.49148e-15 -1 
-0 3.49148e-15 -1 
</float_array>
				<technique_common>
					<accessor source="#Body3-mesh-normals-array" count="24" stride="3">
						<param name="X" type="float"/>
						<param name="Y" type="float"/>
						<param name="Z" type="float"/>
					</accessor>
				</technique_common>
			</source>
			<vertices id="Body3-mesh-vertices">
				<input semantic="POSITION" source="#Body3-mesh-positions"/>
			</vertices>
			<triangles count="2" material="Material305">
				<input semantic="VERTEX" source="#Body3-mesh-vertices" offset="0"/>
				<input semantic="NORMAL" source="#Body3-mesh-normals" offset="1"/>
				<p>
0 0 1 1 2 2 
1 1 0 0 3 3 
</p>
			</triangles>
			<triangles count="2" material="Material306">
				<input semantic="VERTEX" source="#Body3-mesh-vertices" offset="0"/>
				<input semantic="NORMAL" source="#Body3-mesh-normals" offset="1"/>
				<p>
4 4 5 5 6 6 
5 5 4 4 7 7 
</p>
			</triangles>
			<triangles count="2" material="Material307">
				<input semantic="VERTEX" source="#Body3-mesh-vertices" offset="0"/>
				<input semantic="NORMAL" source="#Body3-mesh-normals" offset="1"/>
				<p>
8 8 9 9 10 10 
9 9 8 8 11 11 
</p>
			</triangles>
			<triangles count="2" material="Material308">
				<input semantic="VERTEX" source="#Body3-mesh-vertices" offset="0"/>
				<input semantic="NORMAL" source="#Body3-mesh-normals" offset="1"/>
				<p>
12 12 13 13 14 14 
13 13 12 12 15 15 
</p>
			</triangles>
			<triangles count="2" material="Material309">
				<input semantic="VERTEX" source="#Body3-mesh-vertices" offset="0"/>
				<input semantic="NORMAL" source="#Body3-mesh-normals" offset="1"/>
				<p>
16 16 17 17 18 18 
17 17 16 16 19 19 
</p>
			</triangles>
			<triangles count="2" material="Material310">
				<input semantic="VERTEX" source="#Body3-mesh-vertices" offset="0"/>
				<input semantic="NORMAL" source="#Body3-mesh-normals" offset="1"/>
				<p>
20 20 21 21 22 22 
20 20 23 23 21 21 
</p>
			</triangles>
		</mesh>
	</geometry>
	<geometry id="Body4" name="Body4">
		<mesh>
			<source id="Body4-mesh-positions">
				<float_array id="Body4-mesh-positions-array" count="72">
24500 27600 9.64064e-11 
24500 22300 -100 
24500 22300 7.82165e-11 
24500 27600 -100 
33400 27600 9.64064e-11 
24500 27600 -100 
24500 27600 9.64064e-11 
33400 27600 -100 
33400 22300 7.82165e-11 
33400 27600 -100 
33400 27600 9.64064e-11 
33400 22300 -100 
24500 22300 7.82165e-11 
33400 22300 -100 
33400 22300 7.82165e-11 
24500 22300 -100 
33400 27600 9.64064e-11 
24500 22300 7.82165e-11 
33400 22300 7.82165e-11 
24500 27600 9.64064e-11 
24500 22300 -100 
33400 27600 -100 
33400 22300 -100 
24500 27600 -100 
</float_array>
				<technique_common>
					<accessor source="#Body4-mesh-positions-array" count="24" stride="3">
						<param name="X" type="float"/>
						<param name="Y" type="float"/>
						<param name="Z" type="float"/>
					</accessor>
				</technique_common>
			</source>
			<source id="Body4-mesh-normals">
				<float_array id="Body4-mesh-normals-array" count="72">
-1 -0 0 
-1 -0 0 
-1 -0 0 
-1 -0 0 
0 1 3.49148e-15 
0 1 3.49148e-15 
0 1 3.49148e-15 
0 1 3.49148e-15 
1 0 -0 
1 0 -0 
1 0 -0 
1 0 -0 
0 -1 -3.49148e-15 
0 -1 -3.49148e-15 
0 -1 -3.49148e-15 
0 -1 -3.49148e-15 
0 -3.49148e-15 1 
0 -3.49148e-15 1 
0 -3.49148e-15 1 
0 -3.49148e-15 1 
-0 3.49148e-15 -1 
-0 3.49148e-15 -1 
-0 3.49148e-15 -1 
-0 3.49148e-15 -1 
</float_array>
				<technique_common>
					<accessor source="#Body4-mesh-normals-array" count="24" stride="3">
						<param name="X" type="float"/>
						<param name="Y" type="float"/>
						<param name="Z" type="float"/>
					</accessor>
				</technique_common>
			</source>
			<vertices id="Body4-mesh-vertices">
				<input semantic="POSITION" source="#Body4-mesh-positions"/>
			</vertices>
			<triangles count="2" material="Material311">
				<input semantic="VERTEX" source="#Body4-mesh-vertices" offset="0"/>
				<input semantic="NORMAL" source="#Body4-mesh-normals" offset="1"/>
				<p>
0 0 1 1 2 2 
1 1 0 0 3 3 
</p>
			</triangles>
			<triangles count="2" material="Material312">
				<input semantic="VERTEX" source="#Body4-mesh-vertices" offset="0"/>
				<input semantic="NORMAL" source="#Body4-mesh-normals" offset="1"/>
				<p>
4 4 5 5 6 6 
5 5 4 4 7 7 
</p>
			</triangles>
			<triangles count="2" material="Material313">
				<input semantic="VERTEX" source="#Body4-mesh-vertices" offset="0"/>
				<input semantic="NORMAL" source="#Body4-mesh-normals" offset="1"/>
				<p>
8 8 9 9 10 10 
9 9 8 8 11 11 
</p>
			</triangles>
			<triangles count="2" material="Material314">
				<input semantic="VERTEX" source="#Body4-mesh-vertices" offset="0"/>
				<input semantic="NORMAL" source="#Body4-mesh-normals" offset="1"/>
				<p>
12 12 13 13 14 14 
13 13 12 12 15 15 
</p>
			</triangles>
			<triangles count="2" material="Material315">
				<input semantic="VERTEX" source="#Body4-mesh-vertices" offset="0"/>
				<input semantic="NORMAL" source="#Body4-mesh-normals" offset="1"/>
				<p>
16 16 17 17 18 18 
17 17 16 16 19 19 
</p>
			</triangles>
			<triangles count="2" material="Material316">
				<input semantic="VERTEX" source="#Body4-mesh-vertices" offset="0"/>
				<input semantic="NORMAL" source="#Body4-mesh-normals" offset="1"/>
				<p>
20 20 21 21 22 22 
20 20 23 23 21 21 
</p>
			</triangles>
		</mesh>
	</geometry>
	<geometry id="Body5" name="Body5">
		<mesh>
			<source id="Body5-mesh-positions">
				<float_array id="Body5-mesh-positions-array" count="72">
16900 -400 50 
16900 -400 2450 
16900 -300 2450 
16900 -300 50 
16900 -400 2450 
21900 -400 2450 
21900 -300 2450 
16900 -300 2450 
21900 -400 2450 
21900 -300 50 
21900 -300 2450 
21900 -400 50 
21900 -400 50 
16900 -300 50 
21900 -300 50 
16900 -400 50 
16900 -300 2450 
21900 -300 2450 
21900 -300 50 
16900 -300 50 
16900 -400 2450 
21900 -400 50 
21900 -400 2450 
16900 -400 50 
</float_array>
				<technique_common>
					<accessor source="#Body5-mesh-positions-array" count="24" stride="3">
						<param name="X" type="float"/>
						<param name="Y" type="float"/>
						<param name="Z" type="float"/>
					</accessor>
				</technique_common>
			</source>
			<source id="Body5-mesh-normals">
				<float_array id="Body5-mesh-normals-array" count="72">
-1 -0 0 
-1 -0 0 
-1 -0 0 
-1 -0 0 
0 -3.49148e-15 1 
0 -3.49148e-15 1 
0 -3.49148e-15 1 
0 -3.49148e-15 1 
1 0 -0 
1 0 -0 
1 0 -0 
1 0 -0 
0 3.49148e-15 -1 
0 3.49148e-15 -1 
0 3.49148e-15 -1 
0 3.49148e-15 -1 
-0 1 3.49148e-15 
-0 1 3.49148e-15 
-0 1 3.49148e-15 
-0 1 3.49148e-15 
0 -1 -3.49148e-15 
0 -1 -3.49148e-15 
0 -1 -3.49148e-15 
0 -1 -3.49148e-15 
</float_array>
				<technique_common>
					<accessor source="#Body5-mesh-normals-array" count="24" stride="3">
						<param name="X" type="float"/>
						<param name="Y" type="float"/>
						<param name="Z" type="float"/>
					</accessor>
				</technique_common>
			</source>
			<vertices id="Body5-mesh-vertices">
				<input semantic="POSITION" source="#Body5-mesh-positions"/>
			</vertices>
			<triangles count="2" material="Material317">
				<input semantic="VERTEX" source="#Body5-mesh-vertices" offset="0"/>
				<input semantic="NORMAL" source="#Body5-mesh-normals" offset="1"/>
				<p>
0 0 1 1 2 2 
0 0 2 2 3 3 
</p>
			</triangles>
			<triangles count="2" material="Material318">
				<input semantic="VERTEX" source="#Body5-mesh-vertices" offset="0"/>
				<input semantic="NORMAL" source="#Body5-mesh-normals" offset="1"/>
				<p>
4 4 5 5 6 6 
4 4 6 6 7 7 
</p>
			</triangles>
			<triangles count="2" material="Material319">
				<input semantic="VERTEX" source="#Body5-mesh-vertices" offset="0"/>
				<input semantic="NORMAL" source="#Body5-mesh-normals" offset="1"/>
				<p>
8 8 9 9 10 10 
9 9 8 8 11 11 
</p>
			</triangles>
			<triangles count="2" material="Material320">
				<input semantic="VERTEX" source="#Body5-mesh-vertices" offset="0"/>
				<input semantic="NORMAL" source="#Body5-mesh-normals" offset="1"/>
				<p>
12 12 13 13 14 14 
13 13 12 12 15 15 
</p>
			</triangles>
			<triangles count="2" material="Material321">
				<input semantic="VERTEX" source="#Body5-mesh-vertices" offset="0"/>
				<input semantic="NORMAL" source="#Body5-mesh-normals" offset="1"/>
				<p>
16 16 17 17 18 18 
18 18 19 19 16 16 
</p>
			</triangles>
			<triangles count="2" material="Material322">
				<input semantic="VERTEX" source="#Body5-mesh-vertices" offset="0"/>
				<input semantic="NORMAL" source="#Body5-mesh-normals" offset="1"/>
				<p>
20 20 21 21 22 22 
21 21 20 20 23 23 
</p>
			</triangles>
		</mesh>
	</geometry>
	<geometry id="Body6" name="Body6">
		<mesh>
			<source id="Body6-mesh-positions">
				<float_array id="Body6-mesh-positions-array" count="72">
11300 -400 50 
11300 -400 2450 
11300 -300 2450 
11300 -300 50 
11300 -400 2450 
16300 -400 2450 
16300 -300 2450 
11300 -300 2450 
16300 -400 2450 
16300 -300 50 
16300 -300 2450 
16300 -400 50 
16300 -400 50 
11300 -300 50 
16300 -300 50 
11300 -400 50 
11300 -300 2450 
16300 -300 2450 
16300 -300 50 
11300 -300 50 
11300 -400 2450 
16300 -400 50 
16300 -400 2450 
11300 -400 50 
</float_array>
				<technique_common>
					<accessor source="#Body6-mesh-positions-array" count="24" stride="3">
						<param name="X" type="float"/>
						<param name="Y" type="float"/>
						<param name="Z" type="float"/>
					</accessor>
				</technique_common>
			</source>
			<source id="Body6-mesh-normals">
				<float_array id="Body6-mesh-normals-array" count="72">
-1 -0 0 
-1 -0 0 
-1 -0 0 
-1 -0 0 
0 -3.49148e-15 1 
0 -3.49148e-15 1 
0 -3.49148e-15 1 
0 -3.49148e-15 1 
1 0 -0 
1 0 -0 
1 0 -0 
1 0 -0 
0 3.49148e-15 -1 
0 3.49148e-15 -1 
0 3.49148e-15 -1 
0 3.49148e-15 -1 
-0 1 3.49148e-15 
-0 1 3.49148e-15 
-0 1 3.49148e-15 
-0 1 3.49148e-15 
0 -1 -3.49148e-15 
0 -1 -3.49148e-15 
0 -1 -3.49148e-15 
0 -1 -3.49148e-15 
</float_array>
				<technique_common>
					<accessor source="#Body6-mesh-normals-array" count="24" stride="3">
						<param name="X" type="float"/>
						<param name="Y" type="float"/>
						<param name="Z" type="float"/>
					</accessor>
				</technique_common>
			</source>
			<vertices id="Body6-mesh-vertices">
				<input semantic="POSITION" source="#Body6-mesh-positions"/>
			</vertices>
			<triangles count="2" material="Material323">
				<input semantic="VERTEX" source="#Body6-mesh-vertices" offset="0"/>
				<input semantic="NORMAL" source="#Body6-mesh-normals" offset="1"/>
				<p>
0 0 1 1 2 2 
0 0 2 2 3 3 
</p>
			</triangles>
			<triangles count="2" material="Material324">
				<input semantic="VERTEX" source="#Body6-mesh-vertices" offset="0"/>
				<input semantic="NORMAL" source="#Body6-mesh-normals" offset="1"/>
				<p>
4 4 5 5 6 6 
4 4 6 6 7 7 
</p>
			</triangles>
			<triangles count="2" material="Material325">
				<input semantic="VERTEX" source="#Body6-mesh-vertices" offset="0"/>
				<input semantic="NORMAL" source="#Body6-mesh-normals" offset="1"/>
				<p>
8 8 9 9 10 10 
9 9 8 8 11 11 
</p>
			</triangles>
			<triangles count="2" material="Material326">
				<input semantic="VERTEX" source="#Body6-mesh-vertices" offset="0"/>
				<input semantic="NORMAL" source="#Body6-mesh-normals" offset="1"/>
				<p>
12 12 13 13 14 14 
13 13 12 12 15 15 
</p>
			</triangles>
			<triangles count="2" material="Material327">
				<input semantic="VERTEX" source="#Body6-mesh-vertices" offset="0"/>
				<input semantic="NORMAL" source="#Body6-mesh-normals" offset="1"/>
				<p>
16 16 17 17 18 18 
18 18 19 19 16 16 
</p>
			</triangles>
			<triangles count="2" material="Material328">
				<input semantic="VERTEX" source="#Body6-mesh-vertices" offset="0"/>
				<input semantic="NORMAL" source="#Body6-mesh-normals" offset="1"/>
				<p>
20 20 21 21 22 22 
21 21 20 20 23 23 
</p>
			</triangles>
		</mesh>
	</geometry>
	<geometry id="Body7" name="Body7">
		<mesh>
			<source id="Body7-mesh-positions">
				<float_array id="Body7-mesh-positions-array" count="72">
5700 -400 50 
5700 -400 2450 
5700 -300 2450 
5700 -300 50 
5700 -400 2450 
10700 -400 2450 
10700 -300 2450 
5700 -300 2450 
10700 -400 2450 
10700 -300 50 
10700 -300 2450 
10700 -400 50 
10700 -400 50 
5700 -300 50 
10700 -300 50 
5700 -400 50 
5700 -300 2450 
10700 -300 2450 
10700 -300 50 
5700 -300 50 
5700 -400 2450 
10700 -400 50 
10700 -400 2450 
5700 -400 50 
</float_array>
				<technique_common>
					<accessor source="#Body7-mesh-positions-array" count="24" stride="3">
						<param name="X" type="float"/>
						<param name="Y" type="float"/>
						<param name="Z" type="float"/>
					</accessor>
				</technique_common>
			</source>
			<source id="Body7-mesh-normals">
				<float_array id="Body7-mesh-normals-array" count="72">
-1 -0 0 
-1 -0 0 
-1 -0 0 
-1 -0 0 
0 -3.49148e-15 1 
0 -3.49148e-15 1 
0 -3.49148e-15 1 
0 -3.49148e-15 1 
1 0 -0 
1 0 -0 
1 0 -0 
1 0 -0 
0 3.49148e-15 -1 
0 3.49148e-15 -1 
0 3.49148e-15 -1 
0 3.49148e-15 -1 
-0 1 3.49148e-15 
-0 1 3.49148e-15 
-0 1 3.49148e-15 
-0 1 3.49148e-15 
0 -1 -3.49148e-15 
0 -1 -3.49148e-15 
0 -1 -3.49148e-15 
0 -1 -3.49148e-15 
</float_array>
				<technique_common>
					<accessor source="#Body7-mesh-normals-array" count="24" stride="3">
						<param name="X" type="float"/>
						<param name="Y" type="float"/>
						<param name="Z" type="float"/>
					</accessor>
				</technique_common>
			</source>
			<vertices id="Body7-mesh-vertices">
				<input semantic="POSITION" source="#Body7-mesh-positions"/>
			</vertices>
			<triangles count="2" material="Material329">
				<input semantic="VERTEX" source="#Body7-mesh-vertices" offset="0"/>
				<input semantic="NORMAL" source="#Body7-mesh-normals" offset="1"/>
				<p>
0 0 1 1 2 2 
0 0 2 2 3 3 
</p>
			</triangles>
			<triangles count="2" material="Material330">
				<input semantic="VERTEX" source="#Body7-mesh-vertices" offset="0"/>
				<input semantic="NORMAL" source="#Body7-mesh-normals" offset="1"/>
				<p>
4 4 5 5 6 6 
4 4 6 6 7 7 
</p>
			</triangles>
			<triangles count="2" material="Material331">
				<input semantic="VERTEX" source="#Body7-mesh-vertices" offset="0"/>
				<input semantic="NORMAL" source="#Body7-mesh-normals" offset="1"/>
				<p>
8 8 9 9 10 10 
9 9 8 8 11 11 
</p>
			</triangles>
			<triangles count="2" material="Material332">
				<input semantic="VERTEX" source="#Body7-mesh-vertices" offset="0"/>
				<input semantic="NORMAL" source="#Body7-mesh-normals" offset="1"/>
				<p>
12 12 13 13 14 14 
13 13 12 12 15 15 
</p>
			</triangles>
			<triangles count="2" material="Material333">
				<input semantic="VERTEX" source="#Body7-mesh-vertices" offset="0"/>
				<input semantic="NORMAL" source="#Body7-mesh-normals" offset="1"/>
				<p>
16 16 17 17 18 18 
18 18 19 19 16 16 
</p>
			</triangles>
			<triangles count="2" material="Material334">
				<input semantic="VERTEX" source="#Body7-mesh-vertices" offset="0"/>
				<input semantic="NORMAL" source="#Body7-mesh-normals" offset="1"/>
				<p>
20 20 21 21 22 22 
21 21 20 20 23 23 
</p>
			</triangles>
		</mesh>
	</geometry>
	<geometry id="Body8" name="Body8">
		<mesh>
			<source id="Body8-mesh-positions">
				<float_array id="Body8-mesh-positions-array" count="72">
100 -400 50 
100 -400 2450 
100 -300 2450 
100 -300 50 
100 -400 2450 
5100 -400 2450 
5100 -300 2450 
100 -300 2450 
5100 -400 2450 
5100 -300 50 
5100 -300 2450 
5100 -400 50 
5100 -400 50 
100 -300 50 
5100 -300 50 
100 -400 50 
100 -300 2450 
5100 -300 2450 
5100 -300 50 
100 -300 50 
100 -400 2450 
5100 -400 50 
5100 -400 2450 
100 -400 50 
</float_array>
				<technique_common>
					<accessor source="#Body8-mesh-positions-array" count="24" stride="3">
						<param name="X" type="float"/>
						<param name="Y" type="float"/>
						<param name="Z" type="float"/>
					</accessor>
				</technique_common>
			</source>
			<source id="Body8-mesh-normals">
				<float_array id="Body8-mesh-normals-array" count="72">
-1 -0 0 
-1 -0 0 
-1 -0 0 
-1 -0 0 
0 -3.49148e-15 1 
0 -3.49148e-15 1 
0 -3.49148e-15 1 
0 -3.49148e-15 1 
1 0 -0 
1 0 -0 
1 0 -0 
1 0 -0 
0 3.49148e-15 -1 
0 3.49148e-15 -1 
0 3.49148e-15 -1 
0 3.49148e-15 -1 
-0 1 3.49148e-15 
-0 1 3.49148e-15 
-0 1 3.49148e-15 
-0 1 3.49148e-15 
0 -1 -3.49148e-15 
0 -1 -3.49148e-15 
0 -1 -3.49148e-15 
0 -1 -3.49148e-15 
</float_array>
				<technique_common>
					<accessor source="#Body8-mesh-normals-array" count="24" stride="3">
						<param name="X" type="float"/>
						<param name="Y" type="float"/>
						<param name="Z" type="float"/>
					</accessor>
				</technique_common>
			</source>
			<vertices id="Body8-mesh-vertices">
				<input semantic="POSITION" source="#Body8-mesh-positions"/>
			</vertices>
			<triangles count="2" material="Material335">
				<input semantic="VERTEX" source="#Body8-mesh-vertices" offset="0"/>
				<input semantic="NORMAL" source="#Body8-mesh-normals" offset="1"/>
				<p>
0 0 1 1 2 2 
0 0 2 2 3 3 
</p>
			</triangles>
			<triangles count="2" material="Material336">
				<input semantic="VERTEX" source="#Body8-mesh-vertices" offset="0"/>
				<input semantic="NORMAL" source="#Body8-mesh-normals" offset="1"/>
				<p>
4 4 5 5 6 6 
4 4 6 6 7 7 
</p>
			</triangles>
			<triangles count="2" material="Material337">
				<input semantic="VERTEX" source="#Body8-mesh-vertices" offset="0"/>
				<input semantic="NORMAL" source="#Body8-mesh-normals" offset="1"/>
				<p>
8 8 9 9 10 10 
9 9 8 8 11 11 
</p>
			</triangles>
			<triangles count="2" material="Material338">
				<input semantic="VERTEX" source="#Body8-mesh-vertices" offset="0"/>
				<input semantic="NORMAL" source="#Body8-mesh-normals" offset="1"/>
				<p>
12 12 13 13 14 14 
13 13 12 12 15 15 
</p>
			</triangles>
			<triangles count="2" material="Material339">
				<input semantic="VERTEX" source="#Body8-mesh-vertices" offset="0"/>
				<input semantic="NORMAL" source="#Body8-mesh-normals" offset="1"/>
				<p>
16 16 17 17 18 18 
18 18 19 19 16 16 
</p>
			</triangles>
			<triangles count="2" material="Material340">
				<input semantic="VERTEX" source="#Body8-mesh-vertices" offset="0"/>
				<input semantic="NORMAL" source="#Body8-mesh-normals" offset="1"/>
				<p>
20 20 21 21 22 22 
21 21 20 20 23 23 
</p>
			</triangles>
		</mesh>
	</geometry>
	<geometry id="Body9" name="Body9">
		<mesh>
			<source id="Body9-mesh-positions">
				<float_array id="Body9-mesh-positions-array" count="72">
22300 16100 2150 
22200 16100 50 
22200 16100 2150 
22300 16100 50 
22300 11200 50 
22200 11200 50 
22200 16100 50 
22300 16100 50 
22300 11200 50 
22300 11200 2150 
22200 11200 2150 
22200 11200 50 
22300 16100 2150 
22200 16100 2150 
22200 11200 2150 
22300 11200 2150 
22200 16100 2150 
22200 11200 50 
22200 11200 2150 
22200 16100 50 
22300 16100 2150 
22300 11200 2150 
22300 11200 50 
22300 16100 50 
</float_array>
				<technique_common>
					<accessor source="#Body9-mesh-positions-array" count="24" stride="3">
						<param name="X" type="float"/>
						<param name="Y" type="float"/>
						<param name="Z" type="float"/>
					</accessor>
				</technique_common>
			</source>
			<source id="Body9-mesh-normals">
				<float_array id="Body9-mesh-normals-array" count="72">
0 1 3.49148e-15 
0 1 3.49148e-15 
0 1 3.49148e-15 
0 1 3.49148e-15 
0 3.49148e-15 -1 
0 3.49148e-15 -1 
0 3.49148e-15 -1 
0 3.49148e-15 -1 
0 -1 -3.49148e-15 
0 -1 -3.49148e-15 
0 -1 -3.49148e-15 
0 -1 -3.49148e-15 
0 -3.49148e-15 1 
0 -3.49148e-15 1 
0 -3.49148e-15 1 
0 -3.49148e-15 1 
-1 -0 0 
-1 -0 0 
-1 -0 0 
-1 -0 0 
1 0 -0 
1 0 -0 
1 0 -0 
1 0 -0 
</float_array>
				<technique_common>
					<accessor source="#Body9-mesh-normals-array" count="24" stride="3">
						<param name="X" type="float"/>
						<param name="Y" type="float"/>
						<param name="Z" type="float"/>
					</accessor>
				</technique_common>
			</source>
			<vertices id="Body9-mesh-vertices">
				<input semantic="POSITION" source="#Body9-mesh-positions"/>
			</vertices>
			<triangles count="2" material="Material341">
				<input semantic="VERTEX" source="#Body9-mesh-vertices" offset="0"/>
				<input semantic="NORMAL" source="#Body9-mesh-normals" offset="1"/>
				<p>
0 0 1 1 2 2 
1 1 0 0 3 3 
</p>
			</triangles>
			<triangles count="2" material="Material342">
				<input semantic="VERTEX" source="#Body9-mesh-vertices" offset="0"/>
				<input semantic="NORMAL" source="#Body9-mesh-normals" offset="1"/>
				<p>
4 4 5 5 6 6 
4 4 6 6 7 7 
</p>
			</triangles>
			<triangles count="2" material="Material343">
				<input semantic="VERTEX" source="#Body9-mesh-vertices" offset="0"/>
				<input semantic="NORMAL" source="#Body9-mesh-normals" offset="1"/>
				<p>
8 8 9 9 10 10 
8 8 10 10 11 11 
</p>
			</triangles>
			<triangles count="2" material="Material344">
				<input semantic="VERTEX" source="#Body9-mesh-vertices" offset="0"/>
				<input semantic="NORMAL" source="#Body9-mesh-normals" offset="1"/>
				<p>
12 12 13 13 14 14 
12 12 14 14 15 15 
</p>
			</triangles>
			<triangles count="2" material="Material345">
				<input semantic="VERTEX" source="#Body9-mesh-vertices" offset="0"/>
				<input semantic="NORMAL" source="#Body9-mesh-normals" offset="1"/>
				<p>
16 16 17 17 18 18 
17 17 16 16 19 19 
</p>
			</triangles>
			<triangles count="2" material="Material346">
				<input semantic="VERTEX" source="#Body9-mesh-vertices" offset="0"/>
				<input semantic="NORMAL" source="#Body9-mesh-normals" offset="1"/>
				<p>
20 20 21 21 22 22 
22 22 23 23 20 20 
</p>
			</triangles>
		</mesh>
	</geometry>
	<geometry id="Body10" name="Body10">
		<mesh>
			<source id="Body10-mesh-positions">
				<float_array id="Body10-mesh-positions-array" count="72">
21400 10900 3.50155e-11 
21400 10900 2100 
21400 11000 2100 
21400 11000 3.54703e-11 
21400 10900 2100 
22000 10900 2100 
22000 11000 2100 
21400 11000 2100 
22000 10900 2100 
22000 11000 3.54703e-11 
22000 11000 2100 
22000 10900 3.50155e-11 
22000 10900 3.50155e-11 
21400 11000 3.54703e-11 
22000 11000 3.54703e-11 
21400 10900 3.50155e-11 
21400 11000 2100 
22000 11000 2100 
22000 11000 3.54703e-11 
21400 11000 3.54703e-11 
21400 10900 2100 
22000 10900 3.50155e-11 
22000 10900 2100 
21400 10900 3.50155e-11 
</float_array>
				<technique_common>
					<accessor source="#Body10-mesh-positions-array" count="24" stride="3">
						<param name="X" type="float"/>
						<param name="Y" type="float"/>
						<param name="Z" type="float"/>
					</accessor>
				</technique_common>
			</source>
			<source id="Body10-mesh-normals">
				<float_array id="Body10-mesh-normals-array" count="72">
-1 -0 0 
-1 -0 0 
-1 -0 0 
-1 -0 0 
0 -3.49148e-15 1 
0 -3.49148e-15 1 
0 -3.49148e-15 1 
0 -3.49148e-15 1 
1 0 -0 
1 0 -0 
1 0 -0 
1 0 -0 
0 3.49148e-15 -1 
0 3.49148e-15 -1 
0 3.49148e-15 -1 
0 3.49148e-15 -1 
-0 1 3.49148e-15 
-0 1 3.49148e-15 
-0 1 3.49148e-15 
-0 1 3.49148e-15 
0 -1 -3.49148e-15 
0 -1 -3.49148e-15 
0 -1 -3.49148e-15 
0 -1 -3.49148e-15 
</float_array>
				<technique_common>
					<accessor source="#Body10-mesh-normals-array" count="24" stride="3">
						<param name="X" type="float"/>
						<param name="Y" type="float"/>
						<param name="Z" type="float"/>
					</accessor>
				</technique_common>
			</source>
			<vertices id="Body10-mesh-vertices">
				<input semantic="POSITION" source="#Body10-mesh-positions"/>
			</vertices>
			<triangles count="2" material="Material347">
				<input semantic="VERTEX" source="#Body10-mesh-vertices" offset="0"/>
				<input semantic="NORMAL" source="#Body10-mesh-normals" offset="1"/>
				<p>
0 0 1 1 2 2 
0 0 2 2 3 3 
</p>
			</triangles>
			<triangles count="2" material="Material348">
				<input semantic="VERTEX" source="#Body10-mesh-vertices" offset="0"/>
				<input semantic="NORMAL" source="#Body10-mesh-normals" offset="1"/>
				<p>
4 4 5 5 6 6 
4 4 6 6 7 7 
</p>
			</triangles>
			<triangles count="2" material="Material349">
				<input semantic="VERTEX" source="#Body10-mesh-vertices" offset="0"/>
				<input semantic="NORMAL" source="#Body10-mesh-normals" offset="1"/>
				<p>
8 8 9 9 10 10 
9 9 8 8 11 11 
</p>
			</triangles>
			<triangles count="2" material="Material350">
				<input semantic="VERTEX" source="#Body10-mesh-vertices" offset="0"/>
				<input semantic="NORMAL" source="#Body10-mesh-normals" offset="1"/>
				<p>
12 12 13 13 14 14 
13 13 12 12 15 15 
</p>
			</triangles>
			<triangles count="2" material="Material351">
				<input semantic="VERTEX" source="#Body10-mesh-vertices" offset="0"/>
				<input semantic="NORMAL" source="#Body10-mesh-normals" offset="1"/>
				<p>
16 16 17 17 18 18 
18 18 19 19 16 16 
</p>
			</triangles>
			<triangles count="2" material="Material352">
				<input semantic="VERTEX" source="#Body10-mesh-vertices" offset="0"/>
				<input semantic="NORMAL" source="#Body10-mesh-normals" offset="1"/>
				<p>
20 20 21 21 22 22 
21 21 20 20 23 23 
</p>
			</triangles>
		</mesh>
	</geometry>
	<geometry id="Body11" name="Body11">
		<mesh>
			<source id="Body11-mesh-positions">
				<float_array id="Body11-mesh-positions-array" count="72">
17100 10900 3.50155e-11 
17100 10900 2100 
17100 11000 2100 
17100 11000 3.54703e-11 
17100 10900 2100 
20100 10900 2100 
20100 11000 2100 
17100 11000 2100 
20100 10900 2100 
20100 11000 3.54703e-11 
20100 11000 2100 
20100 10900 3.50155e-11 
20100 10900 3.50155e-11 
17100 11000 3.54703e-11 
20100 11000 3.54703e-11 
17100 10900 3.50155e-11 
17100 11000 2100 
20100 11000 2100 
20100 11000 3.54703e-11 
17100 11000 3.54703e-11 
17100 10900 2100 
20100 10900 3.50155e-11 
20100 10900 2100 
17100 10900 3.50155e-11 
</float_array>
				<technique_common>
					<accessor source="#Body11-mesh-positions-array" count="24" stride="3">
						<param name="X" type="float"/>
						<param name="Y" type="float"/>
						<param name="Z" type="float"/>
					</accessor>
				</technique_common>
			</source>
			<source id="Body11-mesh-normals">
				<float_array id="Body11-mesh-normals-array" count="72">
-1 -0 0 
-1 -0 0 
-1 -0 0 
-1 -0 0 
0 -3.49148e-15 1 
0 -3.49148e-15 1 
0 -3.49148e-15 1 
0 -3.49148e-15 1 
1 0 -0 
1 0 -0 
1 0 -0 
1 0 -0 
0 3.49148e-15 -1 
0 3.49148e-15 -1 
0 3.49148e-15 -1 
0 3.49148e-15 -1 
-0 1 3.49148e-15 
-0 1 3.49148e-15 
-0 1 3.49148e-15 
-0 1 3.49148e-15 
0 -1 -3.49148e-15 
0 -1 -3.49148e-15 
0 -1 -3.49148e-15 
0 -1 -3.49148e-15 
</float_array>
				<technique_common>
					<accessor source="#Body11-mesh-normals-array" count="24" stride="3">
						<param name="X" type="float"/>
						<param name="Y" type="float"/>
						<param name="Z" type="float"/>
					</accessor>
				</technique_common>
			</source>
			<vertices id="Body11-mesh-vertices">
				<input semantic="POSITION" source="#Body11-mesh-positions"/>
			</vertices>
			<triangles count="2" material="Material353">
				<input semantic="VERTEX" source="#Body11-mesh-vertices" offset="0"/>
				<input semantic="NORMAL" source="#Body11-mesh-normals" offset="1"/>
				<p>
0 0 1 1 2 2 
0 0 2 2 3 3 
</p>
			</triangles>
			<triangles count="2" material="Material354">
				<input semantic="VERTEX" source="#Body11-mesh-vertices" offset="0"/>
				<input semantic="NORMAL" source="#Body11-mesh-normals" offset="1"/>
				<p>
4 4 5 5 6 6 
4 4 6 6 7 7 
</p>
			</triangles>
			<triangles count="2" material="Material355">
				<input semantic="VERTEX" source="#Body11-mesh-vertices" offset="0"/>
				<input semantic="NORMAL" source="#Body11-mesh-normals" offset="1"/>
				<p>
8 8 9 9 10 10 
9 9 8 8 11 11 
</p>
			</triangles>
			<triangles count="2" material="Material356">
				<input semantic="VERTEX" source="#Body11-mesh-vertices" offset="0"/>
				<input semantic="NORMAL" source="#Body11-mesh-normals" offset="1"/>
				<p>
12 12 13 13 14 14 
13 13 12 12 15 15 
</p>
			</triangles>
			<triangles count="2" material="Material357">
				<input semantic="VERTEX" source="#Body11-mesh-vertices" offset="0"/>
				<input semantic="NORMAL" source="#Body11-mesh-normals" offset="1"/>
				<p>
16 16 17 17 18 18 
18 18 19 19 16 16 
</p>
			</triangles>
			<triangles count="2" material="Material358">
				<input semantic="VERTEX" source="#Body11-mesh-vertices" offset="0"/>
				<input semantic="NORMAL" source="#Body11-mesh-normals" offset="1"/>
				<p>
20 20 21 21 22 22 
21 21 20 20 23 23 
</p>
			</triangles>
		</mesh>
	</geometry>
	<geometry id="Body12" name="Body12">
		<mesh>
			<source id="Body12-mesh-positions">
				<float_array id="Body12-mesh-positions-array" count="72">
7600 10900 3.50155e-11 
7600 10900 2100 
7600 11000 2100 
7600 11000 3.86535e-11 
7600 10900 2100 
10600 10900 2100 
10600 11000 2100 
7600 11000 2100 
10600 10900 2100 
10600 11000 3.91083e-11 
10600 11000 2100 
10600 10900 3.81988e-11 
10600 10900 3.81988e-11 
7600 11000 3.86535e-11 
10600 11000 3.91083e-11 
7600 10900 3.50155e-11 
7600 11000 2100 
10600 11000 2100 
10600 11000 3.91083e-11 
7600 11000 3.86535e-11 
7600 10900 2100 
10600 10900 3.81988e-11 
10600 10900 2100 
7600 10900 3.50155e-11 
</float_array>
				<technique_common>
					<accessor source="#Body12-mesh-positions-array" count="24" stride="3">
						<param name="X" type="float"/>
						<param name="Y" type="float"/>
						<param name="Z" type="float"/>
					</accessor>
				</technique_common>
			</source>
			<source id="Body12-mesh-normals">
				<float_array id="Body12-mesh-normals-array" count="72">
-1 -0 0 
-1 -0 0 
-1 -0 0 
-1 -0 0 
0 -3.49148e-15 1 
0 -3.49148e-15 1 
0 -3.49148e-15 1 
0 -3.49148e-15 1 
1 0 -0 
1 0 -0 
1 0 -0 
1 0 -0 
0 3.49148e-15 -1 
0 3.49148e-15 -1 
0 3.49148e-15 -1 
0 3.49148e-15 -1 
-0 1 3.49148e-15 
-0 1 3.49148e-15 
-0 1 3.49148e-15 
-0 1 3.49148e-15 
0 -1 -3.49148e-15 
0 -1 -3.49148e-15 
0 -1 -3.49148e-15 
0 -1 -3.49148e-15 
</float_array>
				<technique_common>
					<accessor source="#Body12-mesh-normals-array" count="24" stride="3">
						<param name="X" type="float"/>
						<param name="Y" type="float"/>
						<param name="Z" type="float"/>
					</accessor>
				</technique_common>
			</source>
			<vertices id="Body12-mesh-vertices">
				<input semantic="POSITION" source="#Body12-mesh-positions"/>
			</vertices>
			<triangles count="2" material="Material359">
				<input semantic="VERTEX" source="#Body12-mesh-vertices" offset="0"/>
				<input semantic="NORMAL" source="#Body12-mesh-normals" offset="1"/>
				<p>
0 0 1 1 2 2 
0 0 2 2 3 3 
</p>
			</triangles>
			<triangles count="2" material="Material360">
				<input semantic="VERTEX" source="#Body12-mesh-vertices" offset="0"/>
				<input semantic="NORMAL" source="#Body12-mesh-normals" offset="1"/>
				<p>
4 4 5 5 6 6 
4 4 6 6 7 7 
</p>
			</triangles>
			<triangles count="2" material="Material361">
				<input semantic="VERTEX" source="#Body12-mesh-vertices" offset="0"/>
				<input semantic="NORMAL" source="#Body12-mesh-normals" offset="1"/>
				<p>
8 8 9 9 10 10 
9 9 8 8 11 11 
</p>
			</triangles>
			<triangles count="2" material="Material362">
				<input semantic="VERTEX" source="#Body12-mesh-vertices" offset="0"/>
				<input semantic="NORMAL" source="#Body12-mesh-normals" offset="1"/>
				<p>
12 12 13 13 14 14 
13 13 12 12 15 15 
</p>
			</triangles>
			<triangles count="2" material="Material363">
				<input semantic="VERTEX" source="#Body12-mesh-vertices" offset="0"/>
				<input semantic="NORMAL" source="#Body12-mesh-normals" offset="1"/>
				<p>
16 16 17 17 18 18 
18 18 19 19 16 16 
</p>
			</triangles>
			<triangles count="2" material="Material364">
				<input semantic="VERTEX" source="#Body12-mesh-vertices" offset="0"/>
				<input semantic="NORMAL" source="#Body12-mesh-normals" offset="1"/>
				<p>
20 20 21 21 22 22 
21 21 20 20 23 23 
</p>
			</triangles>
		</mesh>
	</geometry>
	<geometry id="Body13" name="Body13">
		<mesh>
			<source id="Body13-mesh-positions">
				<float_array id="Body13-mesh-positions-array" count="72">
5700 10900 3.50155e-11 
5700 10900 2100 
5700 11000 2100 
5700 11000 3.86535e-11 
5700 10900 2100 
6300 10900 2100 
6300 11000 2100 
5700 11000 2100 
6300 10900 2100 
6300 11000 3.91083e-11 
6300 11000 2100 
6300 10900 3.81988e-11 
6300 10900 3.81988e-11 
5700 11000 3.86535e-11 
6300 11000 3.91083e-11 
5700 10900 3.50155e-11 
5700 11000 2100 
6300 11000 2100 
6300 11000 3.91083e-11 
5700 11000 3.86535e-11 
5700 10900 2100 
6300 10900 3.81988e-11 
6300 10900 2100 
5700 10900 3.50155e-11 
</float_array>
				<technique_common>
					<accessor source="#Body13-mesh-positions-array" count="24" stride="3">
						<param name="X" type="float"/>
						<param name="Y" type="float"/>
						<param name="Z" type="float"/>
					</accessor>
				</technique_common>
			</source>
			<source id="Body13-mesh-normals">
				<float_array id="Body13-mesh-normals-array" count="72">
-1 -0 0 
-1 -0 0 
-1 -0 0 
-1 -0 0 
0 -3.49148e-15 1 
0 -3.49148e-15 1 
0 -3.49148e-15 1 
0 -3.49148e-15 1 
1 0 -0 
1 0 -0 
1 0 -0 
1 0 -0 
0 3.49148e-15 -1 
0 3.49148e-15 -1 
0 3.49148e-15 -1 
0 3.49148e-15 -1 
-0 1 3.49148e-15 
-0 1 3.49148e-15 
-0 1 3.49148e-15 
-0 1 3.49148e-15 
0 -1 -3.49148e-15 
0 -1 -3.49148e-15 
0 -1 -3.49148e-15 
0 -1 -3.49148e-15 
</float_array>
				<technique_common>
					<accessor source="#Body13-mesh-normals-array" count="24" stride="3">
						<param name="X" type="float"/>
						<param name="Y" type="float"/>
						<param name="Z" type="float"/>
					</accessor>
				</technique_common>
			</source>
			<vertices id="Body13-mesh-vertices">
				<input semantic="POSITION" source="#Body13-mesh-positions"/>
			</vertices>
			<triangles count="2" material="Material365">
				<input semantic="VERTEX" source="#Body13-mesh-vertices" offset="0"/>
				<input semantic="NORMAL" source="#Body13-mesh-normals" offset="1"/>
				<p>
0 0 1 1 2 2 
0 0 2 2 3 3 
</p>
			</triangles>
			<triangles count="2" material="Material366">
				<input semantic="VERTEX" source="#Body13-mesh-vertices" offset="0"/>
				<input semantic="NORMAL" source="#Body13-mesh-normals" offset="1"/>
				<p>
4 4 5 5 6 6 
4 4 6 6 7 7 
</p>
			</triangles>
			<triangles count="2" material="Material367">
				<input semantic="VERTEX" source="#Body13-mesh-vertices" offset="0"/>
				<input semantic="NORMAL" source="#Body13-mesh-normals" offset="1"/>
				<p>
8 8 9 9 10 10 
9 9 8 8 11 11 
</p>
			</triangles>
			<triangles count="2" material="Material368">
				<input semantic="VERTEX" source="#Body13-mesh-vertices" offset="0"/>
				<input semantic="NORMAL" source="#Body13-mesh-normals" offset="1"/>
				<p>
12 12 13 13 14 14 
13 13 12 12 15 15 
</p>
			</triangles>
			<triangles count="2" material="Material369">
				<input semantic="VERTEX" source="#Body13-mesh-vertices" offset="0"/>
				<input semantic="NORMAL" source="#Body13-mesh-normals" offset="1"/>
				<p>
16 16 17 17 18 18 
18 18 19 19 16 16 
</p>
			</triangles>
			<triangles count="2" material="Material370">
				<input semantic="VERTEX" source="#Body13-mesh-vertices" offset="0"/>
				<input semantic="NORMAL" source="#Body13-mesh-normals" offset="1"/>
				<p>
20 20 21 21 22 22 
21 21 20 20 23 23 
</p>
			</triangles>
		</mesh>
	</geometry>
	<geometry id="Body14" name="Body14">
		<mesh>
			<source id="Body14-mesh-positions">
				<float_array id="Body14-mesh-positions-array" count="72">
24300 -4400 -1.77351e-11 
24300 -4400 2100 
24400 -4400 2100 
24400 -4400 -1.77351e-11 
24400 -4400 2100 
24300 -5500 2100 
24400 -5500 2100 
24300 -4400 2100 
24300 -5500 2100 
24400 -5500 -2.13731e-11 
24400 -5500 2100 
24300 -5500 -2.13731e-11 
24400 -5500 -2.13731e-11 
24300 -4400 -1.77351e-11 
24400 -4400 -1.77351e-11 
24300 -5500 -2.13731e-11 
24400 -4400 2100 
24400 -5500 2100 
24400 -5500 -2.13731e-11 
24400 -4400 -1.77351e-11 
24300 -4400 2100 
24300 -5500 -2.13731e-11 
24300 -5500 2100 
24300 -4400 -1.77351e-11 
</float_array>
				<technique_common>
					<accessor source="#Body14-mesh-positions-array" count="24" stride="3">
						<param name="X" type="float"/>
						<param name="Y" type="float"/>
						<param name="Z" type="float"/>
					</accessor>
				</technique_common>
			</source>
			<source id="Body14-mesh-normals">
				<float_array id="Body14-mesh-normals-array" count="72">
0 1 3.49148e-15 
0 1 3.49148e-15 
0 1 3.49148e-15 
0 1 3.49148e-15 
0 -3.49148e-15 1 
0 -3.49148e-15 1 
0 -3.49148e-15 1 
0 -3.49148e-15 1 
0 -1 -3.49148e-15 
0 -1 -3.49148e-15 
0 -1 -3.49148e-15 
0 -1 -3.49148e-15 
0 3.49148e-15 -1 
0 3.49148e-15 -1 
0 3.49148e-15 -1 
0 3.49148e-15 -1 
1 0 -0 
1 0 -0 
1 0 -0 
1 0 -0 
-1 -0 0 
-1 -0 0 
-1 -0 0 
-1 -0 0 
</float_array>
				<technique_common>
					<accessor source="#Body14-mesh-normals-array" count="24" stride="3">
						<param name="X" type="float"/>
						<param name="Y" type="float"/>
						<param name="Z" type="float"/>
					</accessor>
				</technique_common>
			</source>
			<vertices id="Body14-mesh-vertices">
				<input semantic="POSITION" source="#Body14-mesh-positions"/>
			</vertices>
			<triangles count="2" material="Material371">
				<input semantic="VERTEX" source="#Body14-mesh-vertices" offset="0"/>
				<input semantic="NORMAL" source="#Body14-mesh-normals" offset="1"/>
				<p>
0 0 1 1 2 2 
0 0 2 2 3 3 
</p>
			</triangles>
			<triangles count="2" material="Material372">
				<input semantic="VERTEX" source="#Body14-mesh-vertices" offset="0"/>
				<input semantic="NORMAL" source="#Body14-mesh-normals" offset="1"/>
				<p>
4 4 5 5 6 6 
5 5 4 4 7 7 
</p>
			</triangles>
			<triangles count="2" material="Material373">
				<input semantic="VERTEX" source="#Body14-mesh-vertices" offset="0"/>
				<input semantic="NORMAL" source="#Body14-mesh-normals" offset="1"/>
				<p>
8 8 9 9 10 10 
9 9 8 8 11 11 
</p>
			</triangles>
			<triangles count="2" material="Material374">
				<input semantic="VERTEX" source="#Body14-mesh-vertices" offset="0"/>
				<input semantic="NORMAL" source="#Body14-mesh-normals" offset="1"/>
				<p>
12 12 13 13 14 14 
13 13 12 12 15 15 
</p>
			</triangles>
			<triangles count="2" material="Material375">
				<input semantic="VERTEX" source="#Body14-mesh-vertices" offset="0"/>
				<input semantic="NORMAL" source="#Body14-mesh-normals" offset="1"/>
				<p>
16 16 17 17 18 18 
18 18 19 19 16 16 
</p>
			</triangles>
			<triangles count="2" material="Material376">
				<input semantic="VERTEX" source="#Body14-mesh-vertices" offset="0"/>
				<input semantic="NORMAL" source="#Body14-mesh-normals" offset="1"/>
				<p>
20 20 21 21 22 22 
21 21 20 20 23 23 
</p>
			</triangles>
		</mesh>
	</geometry>
	<geometry id="Body15" name="Body15">
		<mesh>
			<source id="Body15-mesh-positions">
				<float_array id="Body15-mesh-positions-array" count="72">
24300 -1600 -6.73026e-11 
24300 -1600 2100 
24400 -1600 2100 
24400 -1600 -6.73026e-11 
24400 -1600 2100 
24300 -2800 2100 
24400 -2800 2100 
24300 -1600 2100 
24300 -2800 2100 
24400 -2800 -7.09406e-11 
24400 -2800 2100 
24300 -2800 -7.09406e-11 
24400 -2800 -7.09406e-11 
24300 -1600 -6.73026e-11 
24400 -1600 -6.73026e-11 
24300 -2800 -7.09406e-11 
24400 -1600 2100 
24400 -2800 2100 
24400 -2800 -7.09406e-11 
24400 -1600 -6.73026e-11 
24300 -1600 2100 
24300 -2800 -7.09406e-11 
24300 -2800 2100 
24300 -1600 -6.73026e-11 
</float_array>
				<technique_common>
					<accessor source="#Body15-mesh-positions-array" count="24" stride="3">
						<param name="X" type="float"/>
						<param name="Y" type="float"/>
						<param name="Z" type="float"/>
					</accessor>
				</technique_common>
			</source>
			<source id="Body15-mesh-normals">
				<float_array id="Body15-mesh-normals-array" count="72">
0 1 3.49148e-15 
0 1 3.49148e-15 
0 1 3.49148e-15 
0 1 3.49148e-15 
0 -3.49148e-15 1 
0 -3.49148e-15 1 
0 -3.49148e-15 1 
0 -3.49148e-15 1 
0 -1 -3.49148e-15 
0 -1 -3.49148e-15 
0 -1 -3.49148e-15 
0 -1 -3.49148e-15 
0 3.49148e-15 -1 
0 3.49148e-15 -1 
0 3.49148e-15 -1 
0 3.49148e-15 -1 
1 0 -0 
1 0 -0 
1 0 -0 
1 0 -0 
-1 -0 0 
-1 -0 0 
-1 -0 0 
-1 -0 0 
</float_array>
				<technique_common>
					<accessor source="#Body15-mesh-normals-array" count="24" stride="3">
						<param name="X" type="float"/>
						<param name="Y" type="float"/>
						<param name="Z" type="float"/>
					</accessor>
				</technique_common>
			</source>
			<vertices id="Body15-mesh-vertices">
				<input semantic="POSITION" source="#Body15-mesh-positions"/>
			</vertices>
			<triangles count="2" material="Material377">
				<input semantic="VERTEX" source="#Body15-mesh-vertices" offset="0"/>
				<input semantic="NORMAL" source="#Body15-mesh-normals" offset="1"/>
				<p>
0 0 1 1 2 2 
0 0 2 2 3 3 
</p>
			</triangles>
			<triangles count="2" material="Material378">
				<input semantic="VERTEX" source="#Body15-mesh-vertices" offset="0"/>
				<input semantic="NORMAL" source="#Body15-mesh-normals" offset="1"/>
				<p>
4 4 5 5 6 6 
5 5 4 4 7 7 
</p>
			</triangles>
			<triangles count="2" material="Material379">
				<input semantic="VERTEX" source="#Body15-mesh-vertices" offset="0"/>
				<input semantic="NORMAL" source="#Body15-mesh-normals" offset="1"/>
				<p>
8 8 9 9 10 10 
9 9 8 8 11 11 
</p>
			</triangles>
			<triangles count="2" material="Material380">
				<input semantic="VERTEX" source="#Body15-mesh-vertices" offset="0"/>
				<input semantic="NORMAL" source="#Body15-mesh-normals" offset="1"/>
				<p>
12 12 13 13 14 14 
13 13 12 12 15 15 
</p>
			</triangles>
			<triangles count="2" material="Material381">
				<input semantic="VERTEX" source="#Body15-mesh-vertices" offset="0"/>
				<input semantic="NORMAL" source="#Body15-mesh-normals" offset="1"/>
				<p>
16 16 17 17 18 18 
18 18 19 19 16 16 
</p>
			</triangles>
			<triangles count="2" material="Material382">
				<input semantic="VERTEX" source="#Body15-mesh-vertices" offset="0"/>
				<input semantic="NORMAL" source="#Body15-mesh-normals" offset="1"/>
				<p>
20 20 21 21 22 22 
21 21 20 20 23 23 
</p>
			</triangles>
		</mesh>
	</geometry>
	<geometry id="Body16" name="Body16">
		<mesh>
			<source id="Body16-mesh-positions">
				<float_array id="Body16-mesh-positions-array" count="72">
24300 1200 -3.54703e-11 
24300 1200 2100 
24400 1200 2100 
24400 1200 -3.54703e-11 
24400 1200 2100 
24300 -1.06866e-11 2100 
24400 -1.06866e-11 2100 
24300 1200 2100 
24300 -1.06866e-11 2100 
24400 -3.32603e-12 -3.91083e-11 
24400 -1.06866e-11 2100 
24300 -3.32603e-12 -3.91083e-11 
24400 -3.32603e-12 -3.91083e-11 
24300 1200 -3.54703e-11 
24400 1200 -3.54703e-11 
24300 -3.32603e-12 -3.91083e-11 
24400 1200 2100 
24400 -1.06866e-11 2100 
24400 -3.32603e-12 -3.91083e-11 
24400 1200 -3.54703e-11 
24300 1200 2100 
24300 -3.32603e-12 -3.91083e-11 
24300 -1.06866e-11 2100 
24300 1200 -3.54703e-11 
</float_array>
				<technique_common>
					<accessor source="#Body16-mesh-positions-array" count="24" stride="3">
						<param name="X" type="float"/>
						<param name="Y" type="float"/>
						<param name="Z" type="float"/>
					</accessor>
				</technique_common>
			</source>
			<source id="Body16-mesh-normals">
				<float_array id="Body16-mesh-normals-array" count="72">
0 1 3.49148e-15 
0 1 3.49148e-15 
0 1 3.49148e-15 
0 1 3.49148e-15 
0 -3.49148e-15 1 
0 -3.49148e-15 1 
0 -3.49148e-15 1 
0 -3.49148e-15 1 
0 -1 -3.49148e-15 
0 -1 -3.49148e-15 
0 -1 -3.49148e-15 
0 -1 -3.49148e-15 
0 3.49148e-15 -1 
0 3.49148e-15 -1 
0 3.49148e-15 -1 
0 3.49148e-15 -1 
1 0 -0 
1 0 -0 
1 0 -0 
1 0 -0 
-1 -0 0 
-1 -0 0 
-1 -0 0 
-1 -0 0 
</float_array>
				<technique_common>
					<accessor source="#Body16-mesh-normals-array" count="24" stride="3">
						<param name="X" type="float"/>
						<param name="Y" type="float"/>
						<param name="Z" type="float"/>
					</accessor>
				</technique_common>
			</source>
			<vertices id="Body16-mesh-vertices">
				<input semantic="POSITION" source="#Body16-mesh-positions"/>
			</vertices>
			<triangles count="2" material="Material383">
				<input semantic="VERTEX" source="#Body16-mesh-vertices" offset="0"/>
				<input semantic="NORMAL" source="#Body16-mesh-normals" offset="1"/>
				<p>
0 0 1 1 2 2 
0 0 2 2 3 3 
</p>
			</triangles>
			<triangles count="2" material="Material384">
				<input semantic="VERTEX" source="#Body16-mesh-vertices" offset="0"/>
				<input semantic="NORMAL" source="#Body16-mesh-normals" offset="1"/>
				<p>
4 4 5 5 6 6 
5 5 4 4 7 7 
</p>
			</triangles>
			<triangles count="2" material="Material385">
				<input semantic="VERTEX" source="#Body16-mesh-vertices" offset="0"/>
				<input semantic="NORMAL" source="#Body16-mesh-normals" offset="1"/>
				<p>
8 8 9 9 10 10 
9 9 8 8 11 11 
</p>
			</triangles>
			<triangles count="2" material="Material386">
				<input semantic="VERTEX" source="#Body16-mesh-vertices" offset="0"/>
				<input semantic="NORMAL" source="#Body16-mesh-normals" offset="1"/>
				<p>
12 12 13 13 14 14 
13 13 12 12 15 15 
</p>
			</triangles>
			<triangles count="2" material="Material387">
				<input semantic="VERTEX" source="#Body16-mesh-vertices" offset="0"/>
				<input semantic="NORMAL" source="#Body16-mesh-normals" offset="1"/>
				<p>
16 16 17 17 18 18 
18 18 19 19 16 16 
</p>
			</triangles>
			<triangles count="2" material="Material388">
				<input semantic="VERTEX" source="#Body16-mesh-vertices" offset="0"/>
				<input semantic="NORMAL" source="#Body16-mesh-normals" offset="1"/>
				<p>
20 20 21 21 22 22 
21 21 20 20 23 23 
</p>
			</triangles>
		</mesh>
	</geometry>
	<geometry id="Body17" name="Body17">
		<mesh>
			<source id="Body17-mesh-positions">
				<float_array id="Body17-mesh-positions-array" count="72">
24300 4000 -7.27596e-12 
24300 4000 2100 
24400 4000 2100 
24400 4000 -6.82121e-12 
24400 4000 2100 
24300 2800 2100 
24400 2800 2100 
24300 4000 2100 
24300 2800 2100 
24400 2800 -1.04592e-11 
24400 2800 2100 
24300 2800 -1.09139e-11 
24400 2800 -1.04592e-11 
24300 4000 -7.27596e-12 
24400 4000 -6.82121e-12 
24300 2800 -1.09139e-11 
24400 4000 2100 
24400 2800 2100 
24400 2800 -1.04592e-11 
24400 4000 -6.82121e-12 
24300 4000 2100 
24300 2800 -1.09139e-11 
24300 2800 2100 
24300 4000 -7.27596e-12 
</float_array>
				<technique_common>
					<accessor source="#Body17-mesh-positions-array" count="24" stride="3">
						<param name="X" type="float"/>
						<param name="Y" type="float"/>
						<param name="Z" type="float"/>
					</accessor>
				</technique_common>
			</source>
			<source id="Body17-mesh-normals">
				<float_array id="Body17-mesh-normals-array" count="72">
0 1 3.49148e-15 
0 1 3.49148e-15 
0 1 3.49148e-15 
0 1 3.49148e-15 
0 -3.49148e-15 1 
0 -3.49148e-15 1 
0 -3.49148e-15 1 
0 -3.49148e-15 1 
0 -1 -3.49148e-15 
0 -1 -3.49148e-15 
0 -1 -3.49148e-15 
0 -1 -3.49148e-15 
0 3.49148e-15 -1 
0 3.49148e-15 -1 
0 3.49148e-15 -1 
0 3.49148e-15 -1 
1 0 -0 
1 0 -0 
1 0 -0 
1 0 -0 
-1 -0 0 
-1 -0 0 
-1 -0 0 
-1 -0 0 
</float_array>
				<technique_common>
					<accessor source="#Body17-mesh-normals-array" count="24" stride="3">
						<param name="X" type="float"/>
						<param name="Y" type="float"/>
						<param name="Z" type="float"/>
					</accessor>
				</technique_common>
			</source>
			<vertices id="Body17-mesh-vertices">
				<input semantic="POSITION" source="#Body17-mesh-positions"/>
			</vertices>
			<triangles count="2" material="Material389">
				<input semantic="VERTEX" source="#Body17-mesh-vertices" offset="0"/>
				<input semantic="NORMAL" source="#Body17-mesh-normals" offset="1"/>
				<p>
0 0 1 1 2 2 
0 0 2 2 3 3 
</p>
			</triangles>
			<triangles count="2" material="Material390">
				<input semantic="VERTEX" source="#Body17-mesh-vertices" offset="0"/>
				<input semantic="NORMAL" source="#Body17-mesh-normals" offset="1"/>
				<p>
4 4 5 5 6 6 
5 5 4 4 7 7 
</p>
			</triangles>
			<triangles count="2" material="Material391">
				<input semantic="VERTEX" source="#Body17-mesh-vertices" offset="0"/>
				<input semantic="NORMAL" source="#Body17-mesh-normals" offset="1"/>
				<p>
8 8 9 9 10 10 
9 9 8 8 11 11 
</p>
			</triangles>
			<triangles count="2" material="Material392">
				<input semantic="VERTEX" source="#Body17-mesh-vertices" offset="0"/>
				<input semantic="NORMAL" source="#Body17-mesh-normals" offset="1"/>
				<p>
12 12 13 13 14 14 
13 13 12 12 15 15 
</p>
			</triangles>
			<triangles count="2" material="Material393">
				<input semantic="VERTEX" source="#Body17-mesh-vertices" offset="0"/>
				<input semantic="NORMAL" source="#Body17-mesh-normals" offset="1"/>
				<p>
16 16 17 17 18 18 
18 18 19 19 16 16 
</p>
			</triangles>
			<triangles count="2" material="Material394">
				<input semantic="VERTEX" source="#Body17-mesh-vertices" offset="0"/>
				<input semantic="NORMAL" source="#Body17-mesh-normals" offset="1"/>
				<p>
20 20 21 21 22 22 
21 21 20 20 23 23 
</p>
			</triangles>
		</mesh>
	</geometry>
	<geometry id="Body18" name="Body18">
		<mesh>
			<source id="Body18-mesh-positions">
				<float_array id="Body18-mesh-positions-array" count="72">
24300 6800 2.13731e-11 
24300 6800 2100 
24400 6800 2100 
24400 6800 2.13731e-11 
24400 6800 2100 
24300 5600 2100 
24400 5600 2100 
24300 6800 2100 
24300 5600 2100 
24400 5600 1.77351e-11 
24400 5600 2100 
24300 5600 1.77351e-11 
24400 5600 1.77351e-11 
24300 6800 2.13731e-11 
24400 6800 2.13731e-11 
24300 5600 1.77351e-11 
24400 6800 2100 
24400 5600 2100 
24400 5600 1.77351e-11 
24400 6800 2.13731e-11 
24300 6800 2100 
24300 5600 1.77351e-11 
24300 5600 2100 
24300 6800 2.13731e-11 
</float_array>
				<technique_common>
					<accessor source="#Body18-mesh-positions-array" count="24" stride="3">
						<param name="X" type="float"/>
						<param name="Y" type="float"/>
						<param name="Z" type="float"/>
					</accessor>
				</technique_common>
			</source>
			<source id="Body18-mesh-normals">
				<float_array id="Body18-mesh-normals-array" count="72">
0 1 3.49148e-15 
0 1 3.49148e-15 
0 1 3.49148e-15 
0 1 3.49148e-15 
0 -3.49148e-15 1 
0 -3.49148e-15 1 
0 -3.49148e-15 1 
0 -3.49148e-15 1 
0 -1 -3.49148e-15 
0 -1 -3.49148e-15 
0 -1 -3.49148e-15 
0 -1 -3.49148e-15 
0 3.49148e-15 -1 
0 3.49148e-15 -1 
0 3.49148e-15 -1 
0 3.49148e-15 -1 
1 0 -0 
1 0 -0 
1 0 -0 
1 0 -0 
-1 -0 0 
-1 -0 0 
-1 -0 0 
-1 -0 0 
</float_array>
				<technique_common>
					<accessor source="#Body18-mesh-normals-array" count="24" stride="3">
						<param name="X" type="float"/>
						<param name="Y" type="float"/>
						<param name="Z" type="float"/>
					</accessor>
				</technique_common>
			</source>
			<vertices id="Body18-mesh-vertices">
				<input semantic="POSITION" source="#Body18-mesh-positions"/>
			</vertices>
			<triangles count="2" material="Material395">
				<input semantic="VERTEX" source="#Body18-mesh-vertices" offset="0"/>
				<input semantic="NORMAL" source="#Body18-mesh-normals" offset="1"/>
				<p>
0 0 1 1 2 2 
0 0 2 2 3 3 
</p>
			</triangles>
			<triangles count="2" material="Material396">
				<input semantic="VERTEX" source="#Body18-mesh-vertices" offset="0"/>
				<input semantic="NORMAL" source="#Body18-mesh-normals" offset="1"/>
				<p>
4 4 5 5 6 6 
5 5 4 4 7 7 
</p>
			</triangles>
			<triangles count="2" material="Material397">
				<input semantic="VERTEX" source="#Body18-mesh-vertices" offset="0"/>
				<input semantic="NORMAL" source="#Body18-mesh-normals" offset="1"/>
				<p>
8 8 9 9 10 10 
9 9 8 8 11 11 
</p>
			</triangles>
			<triangles count="2" material="Material398">
				<input semantic="VERTEX" source="#Body18-mesh-vertices" offset="0"/>
				<input semantic="NORMAL" source="#Body18-mesh-normals" offset="1"/>
				<p>
12 12 13 13 14 14 
13 13 12 12 15 15 
</p>
			</triangles>
			<triangles count="2" material="Material399">
				<input semantic="VERTEX" source="#Body18-mesh-vertices" offset="0"/>
				<input semantic="NORMAL" source="#Body18-mesh-normals" offset="1"/>
				<p>
16 16 17 17 18 18 
18 18 19 19 16 16 
</p>
			</triangles>
			<triangles count="2" material="Material400">
				<input semantic="VERTEX" source="#Body18-mesh-vertices" offset="0"/>
				<input semantic="NORMAL" source="#Body18-mesh-normals" offset="1"/>
				<p>
20 20 21 21 22 22 
21 21 20 20 23 23 
</p>
			</triangles>
		</mesh>
	</geometry>
	<geometry id="Body19" name="Body19">
		<mesh>
			<source id="Body19-mesh-positions">
				<float_array id="Body19-mesh-positions-array" count="72">
24300 9500 3.18323e-11 
24300 9500 2100 
24400 9500 2100 
24400 9500 3.18323e-11 
24400 9500 2100 
24300 8400 2100 
24400 8400 2100 
24300 9500 2100 
24300 8400 2100 
24400 8400 2.81943e-11 
24400 8400 2100 
24300 8400 2.81943e-11 
24400 8400 2.81943e-11 
24300 9500 3.18323e-11 
24400 9500 3.18323e-11 
24300 8400 2.81943e-11 
24400 9500 2100 
24400 8400 2100 
24400 8400 2.81943e-11 
24400 9500 3.18323e-11 
24300 9500 2100 
24300 8400 2.81943e-11 
24300 8400 2100 
24300 9500 3.18323e-11 
</float_array>
				<technique_common>
					<accessor source="#Body19-mesh-positions-array" count="24" stride="3">
						<param name="X" type="float"/>
						<param name="Y" type="float"/>
						<param name="Z" type="float"/>
					</accessor>
				</technique_common>
			</source>
			<source id="Body19-mesh-normals">
				<float_array id="Body19-mesh-normals-array" count="72">
0 1 3.49148e-15 
0 1 3.49148e-15 
0 1 3.49148e-15 
0 1 3.49148e-15 
0 -3.49148e-15 1 
0 -3.49148e-15 1 
0 -3.49148e-15 1 
0 -3.49148e-15 1 
0 -1 -3.49148e-15 
0 -1 -3.49148e-15 
0 -1 -3.49148e-15 
0 -1 -3.49148e-15 
0 3.49148e-15 -1 
0 3.49148e-15 -1 
0 3.49148e-15 -1 
0 3.49148e-15 -1 
1 0 -0 
1 0 -0 
1 0 -0 
1 0 -0 
-1 -0 0 
-1 -0 0 
-1 -0 0 
-1 -0 0 
</float_array>
				<technique_common>
					<accessor source="#Body19-mesh-normals-array" count="24" stride="3">
						<param name="X" type="float"/>
						<param name="Y" type="float"/>
						<param name="Z" type="float"/>
					</accessor>
				</technique_common>
			</source>
			<vertices id="Body19-mesh-vertices">
				<input semantic="POSITION" source="#Body19-mesh-positions"/>
			</vertices>
			<triangles count="2" material="Material401">
				<input semantic="VERTEX" source="#Body19-mesh-vertices" offset="0"/>
				<input semantic="NORMAL" source="#Body19-mesh-normals" offset="1"/>
				<p>
0 0 1 1 2 2 
0 0 2 2 3 3 
</p>
			</triangles>
			<triangles count="2" material="Material402">
				<input semantic="VERTEX" source="#Body19-mesh-vertices" offset="0"/>
				<input semantic="NORMAL" source="#Body19-mesh-normals" offset="1"/>
				<p>
4 4 5 5 6 6 
5 5 4 4 7 7 
</p>
			</triangles>
			<triangles count="2" material="Material403">
				<input semantic="VERTEX" source="#Body19-mesh-vertices" offset="0"/>
				<input semantic="NORMAL" source="#Body19-mesh-normals" offset="1"/>
				<p>
8 8 9 9 10 10 
9 9 8 8 11 11 
</p>
			</triangles>
			<triangles count="2" material="Material404">
				<input semantic="VERTEX" source="#Body19-mesh-vertices" offset="0"/>
				<input semantic="NORMAL" source="#Body19-mesh-normals" offset="1"/>
				<p>
12 12 13 13 14 14 
13 13 12 12 15 15 
</p>
			</triangles>
			<triangles count="2" material="Material405">
				<input semantic="VERTEX" source="#Body19-mesh-vertices" offset="0"/>
				<input semantic="NORMAL" source="#Body19-mesh-normals" offset="1"/>
				<p>
16 16 17 17 18 18 
18 18 19 19 16 16 
</p>
			</triangles>
			<triangles count="2" material="Material406">
				<input semantic="VERTEX" source="#Body19-mesh-vertices" offset="0"/>
				<input semantic="NORMAL" source="#Body19-mesh-normals" offset="1"/>
				<p>
20 20 21 21 22 22 
21 21 20 20 23 23 
</p>
			</triangles>
		</mesh>
	</geometry>
	<geometry id="Body20" name="Body20">
		<mesh>
			<source id="Body20-mesh-positions">
				<float_array id="Body20-mesh-positions-array" count="72">
40000 16700 5.68434e-11 
40000 16700 2100 
40000 16600 2100 
40000 16600 5.68434e-11 
40000 16700 2100 
39200 16600 2100 
40000 16600 2100 
39200 16700 2100 
39200 16700 2100 
39200 16600 5.68434e-11 
39200 16600 2100 
39200 16700 5.72982e-11 
39200 16700 5.72982e-11 
40000 16700 5.68434e-11 
40000 16600 5.68434e-11 
39200 16600 5.68434e-11 
40000 16600 2100 
39200 16600 2100 
39200 16600 5.68434e-11 
40000 16600 5.68434e-11 
40000 16700 2100 
39200 16700 5.72982e-11 
39200 16700 2100 
40000 16700 5.68434e-11 
</float_array>
				<technique_common>
					<accessor source="#Body20-mesh-positions-array" count="24" stride="3">
						<param name="X" type="float"/>
						<param name="Y" type="float"/>
						<param name="Z" type="float"/>
					</accessor>
				</technique_common>
			</source>
			<source id="Body20-mesh-normals">
				<float_array id="Body20-mesh-normals-array" count="72">
1 0 -0 
1 0 -0 
1 0 -0 
1 0 -0 
0 -3.49148e-15 1 
0 -3.49148e-15 1 
0 -3.49148e-15 1 
0 -3.49148e-15 1 
-1 -0 0 
-1 -0 0 
-1 -0 0 
-1 -0 0 
-0 3.49148e-15 -1 
-0 3.49148e-15 -1 
-0 3.49148e-15 -1 
-0 3.49148e-15 -1 
-0 -1 -3.49148e-15 
-0 -1 -3.49148e-15 
-0 -1 -3.49148e-15 
-0 -1 -3.49148e-15 
0 1 3.49148e-15 
0 1 3.49148e-15 
0 1 3.49148e-15 
0 1 3.49148e-15 
</float_array>
				<technique_common>
					<accessor source="#Body20-mesh-normals-array" count="24" stride="3">
						<param name="X" type="float"/>
						<param name="Y" type="float"/>
						<param name="Z" type="float"/>
					</accessor>
				</technique_common>
			</source>
			<vertices id="Body20-mesh-vertices">
				<input semantic="POSITION" source="#Body20-mesh-positions"/>
			</vertices>
			<triangles count="2" material="Material407">
				<input semantic="VERTEX" source="#Body20-mesh-vertices" offset="0"/>
				<input semantic="NORMAL" source="#Body20-mesh-normals" offset="1"/>
				<p>
0 0 1 1 2 2 
0 0 2 2 3 3 
</p>
			</triangles>
			<triangles count="2" material="Material408">
				<input semantic="VERTEX" source="#Body20-mesh-vertices" offset="0"/>
				<input semantic="NORMAL" source="#Body20-mesh-normals" offset="1"/>
				<p>
4 4 5 5 6 6 
5 5 4 4 7 7 
</p>
			</triangles>
			<triangles count="2" material="Material409">
				<input semantic="VERTEX" source="#Body20-mesh-vertices" offset="0"/>
				<input semantic="NORMAL" source="#Body20-mesh-normals" offset="1"/>
				<p>
8 8 9 9 10 10 
9 9 8 8 11 11 
</p>
			</triangles>
			<triangles count="2" material="Material410">
				<input semantic="VERTEX" source="#Body20-mesh-vertices" offset="0"/>
				<input semantic="NORMAL" source="#Body20-mesh-normals" offset="1"/>
				<p>
12 12 13 13 14 14 
12 12 14 14 15 15 
</p>
			</triangles>
			<triangles count="2" material="Material411">
				<input semantic="VERTEX" source="#Body20-mesh-vertices" offset="0"/>
				<input semantic="NORMAL" source="#Body20-mesh-normals" offset="1"/>
				<p>
16 16 17 17 18 18 
18 18 19 19 16 16 
</p>
			</triangles>
			<triangles count="2" material="Material412">
				<input semantic="VERTEX" source="#Body20-mesh-vertices" offset="0"/>
				<input semantic="NORMAL" source="#Body20-mesh-normals" offset="1"/>
				<p>
20 20 21 21 22 22 
21 21 20 20 23 23 
</p>
			</triangles>
		</mesh>
	</geometry>
	<geometry id="Body21" name="Body21">
		<mesh>
			<source id="Body21-mesh-positions">
				<float_array id="Body21-mesh-positions-array" count="72">
44300 16700 5.68434e-11 
44300 16700 2100 
44300 16600 2100 
44300 16600 5.68434e-11 
44300 16700 2100 
41300 16600 2100 
44300 16600 2100 
41300 16700 2100 
41300 16700 2100 
41300 16600 5.68434e-11 
41300 16600 2100 
41300 16700 5.72982e-11 
41300 16700 5.72982e-11 
44300 16700 5.68434e-11 
44300 16600 5.68434e-11 
41300 16600 5.68434e-11 
44300 16600 2100 
41300 16600 2100 
41300 16600 5.68434e-11 
44300 16600 5.68434e-11 
44300 16700 2100 
41300 16700 5.72982e-11 
41300 16700 2100 
44300 16700 5.68434e-11 
</float_array>
				<technique_common>
					<accessor source="#Body21-mesh-positions-array" count="24" stride="3">
						<param name="X" type="float"/>
						<param name="Y" type="float"/>
						<param name="Z" type="float"/>
					</accessor>
				</technique_common>
			</source>
			<source id="Body21-mesh-normals">
				<float_array id="Body21-mesh-normals-array" count="72">
1 0 -0 
1 0 -0 
1 0 -0 
1 0 -0 
0 -3.49148e-15 1 
0 -3.49148e-15 1 
0 -3.49148e-15 1 
0 -3.49148e-15 1 
-1 -0 0 
-1 -0 0 
-1 -0 0 
-1 -0 0 
-0 3.49148e-15 -1 
-0 3.49148e-15 -1 
-0 3.49148e-15 -1 
-0 3.49148e-15 -1 
-0 -1 -3.49148e-15 
-0 -1 -3.49148e-15 
-0 -1 -3.49148e-15 
-0 -1 -3.49148e-15 
0 1 3.49148e-15 
0 1 3.49148e-15 
0 1 3.49148e-15 
0 1 3.49148e-15 
</float_array>
				<technique_common>
					<accessor source="#Body21-mesh-normals-array" count="24" stride="3">
						<param name="X" type="float"/>
						<param name="Y" type="float"/>
						<param name="Z" type="float"/>
					</accessor>
				</technique_common>
			</source>
			<vertices id="Body21-mesh-vertices">
				<input semantic="POSITION" source="#Body21-mesh-positions"/>
			</vertices>
			<triangles count="2" material="Material413">
				<input semantic="VERTEX" source="#Body21-mesh-vertices" offset="0"/>
				<input semantic="NORMAL" source="#Body21-mesh-normals" offset="1"/>
				<p>
0 0 1 1 2 2 
0 0 2 2 3 3 
</p>
			</triangles>
			<triangles count="2" material="Material414">
				<input semantic="VERTEX" source="#Body21-mesh-vertices" offset="0"/>
				<input semantic="NORMAL" source="#Body21-mesh-normals" offset="1"/>
				<p>
4 4 5 5 6 6 
5 5 4 4 7 7 
</p>
			</triangles>
			<triangles count="2" material="Material415">
				<input semantic="VERTEX" source="#Body21-mesh-vertices" offset="0"/>
				<input semantic="NORMAL" source="#Body21-mesh-normals" offset="1"/>
				<p>
8 8 9 9 10 10 
9 9 8 8 11 11 
</p>
			</triangles>
			<triangles count="2" material="Material416">
				<input semantic="VERTEX" source="#Body21-mesh-vertices" offset="0"/>
				<input semantic="NORMAL" source="#Body21-mesh-normals" offset="1"/>
				<p>
12 12 13 13 14 14 
12 12 14 14 15 15 
</p>
			</triangles>
			<triangles count="2" material="Material417">
				<input semantic="VERTEX" source="#Body21-mesh-vertices" offset="0"/>
				<input semantic="NORMAL" source="#Body21-mesh-normals" offset="1"/>
				<p>
16 16 17 17 18 18 
18 18 19 19 16 16 
</p>
			</triangles>
			<triangles count="2" material="Material418">
				<input semantic="VERTEX" source="#Body21-mesh-vertices" offset="0"/>
				<input semantic="NORMAL" source="#Body21-mesh-normals" offset="1"/>
				<p>
20 20 21 21 22 22 
21 21 20 20 23 23 
</p>
			</triangles>
		</mesh>
	</geometry>
	<geometry id="Body22" name="Body22">
		<mesh>
			<source id="Body22-mesh-positions">
				<float_array id="Body22-mesh-positions-array" count="72">
24600 16700 2100 
24600 16600 5.68434e-11 
24600 16600 2100 
24600 16700 5.72982e-11 
24600 16700 5.72982e-11 
26100 16700 5.71926e-11 
26100 16600 5.68434e-11 
24600 16600 5.68434e-11 
26100 16700 5.71926e-11 
26100 16700 2100 
26100 16600 2100 
26100 16600 5.68434e-11 
26100 16700 2100 
24600 16600 2100 
26100 16600 2100 
24600 16700 2100 
24600 16600 2100 
26100 16600 5.68434e-11 
26100 16600 2100 
24600 16600 5.68434e-11 
24600 16700 2100 
26100 16700 2100 
26100 16700 5.71926e-11 
24600 16700 5.72982e-11 
</float_array>
				<technique_common>
					<accessor source="#Body22-mesh-positions-array" count="24" stride="3">
						<param name="X" type="float"/>
						<param name="Y" type="float"/>
						<param name="Z" type="float"/>
					</accessor>
				</technique_common>
			</source>
			<source id="Body22-mesh-normals">
				<float_array id="Body22-mesh-normals-array" count="72">
-1 -0 0 
-1 -0 0 
-1 -0 0 
-1 -0 0 
0 3.49148e-15 -1 
0 3.49148e-15 -1 
0 3.49148e-15 -1 
0 3.49148e-15 -1 
1 0 -0 
1 0 -0 
1 0 -0 
1 0 -0 
0 -3.49148e-15 1 
0 -3.49148e-15 1 
0 -3.49148e-15 1 
0 -3.49148e-15 1 
0 -1 -3.49148e-15 
0 -1 -3.49148e-15 
0 -1 -3.49148e-15 
0 -1 -3.49148e-15 
-0 1 3.49148e-15 
-0 1 3.49148e-15 
-0 1 3.49148e-15 
-0 1 3.49148e-15 
</float_array>
				<technique_common>
					<accessor source="#Body22-mesh-normals-array" count="24" stride="3">
						<param name="X" type="float"/>
						<param name="Y" type="float"/>
						<param name="Z" type="float"/>
					</accessor>
				</technique_common>
			</source>
			<vertices id="Body22-mesh-vertices">
				<input semantic="POSITION" source="#Body22-mesh-positions"/>
			</vertices>
			<triangles count="2" material="Material419">
				<input semantic="VERTEX" source="#Body22-mesh-vertices" offset="0"/>
				<input semantic="NORMAL" source="#Body22-mesh-normals" offset="1"/>
				<p>
0 0 1 1 2 2 
1 1 0 0 3 3 
</p>
			</triangles>
			<triangles count="2" material="Material420">
				<input semantic="VERTEX" source="#Body22-mesh-vertices" offset="0"/>
				<input semantic="NORMAL" source="#Body22-mesh-normals" offset="1"/>
				<p>
4 4 5 5 6 6 
4 4 6 6 7 7 
</p>
			</triangles>
			<triangles count="2" material="Material421">
				<input semantic="VERTEX" source="#Body22-mesh-vertices" offset="0"/>
				<input semantic="NORMAL" source="#Body22-mesh-normals" offset="1"/>
				<p>
8 8 9 9 10 10 
8 8 10 10 11 11 
</p>
			</triangles>
			<triangles count="2" material="Material422">
				<input semantic="VERTEX" source="#Body22-mesh-vertices" offset="0"/>
				<input semantic="NORMAL" source="#Body22-mesh-normals" offset="1"/>
				<p>
12 12 13 13 14 14 
13 13 12 12 15 15 
</p>
			</triangles>
			<triangles count="2" material="Material423">
				<input semantic="VERTEX" source="#Body22-mesh-vertices" offset="0"/>
				<input semantic="NORMAL" source="#Body22-mesh-normals" offset="1"/>
				<p>
16 16 17 17 18 18 
17 17 16 16 19 19 
</p>
			</triangles>
			<triangles count="2" material="Material424">
				<input semantic="VERTEX" source="#Body22-mesh-vertices" offset="0"/>
				<input semantic="NORMAL" source="#Body22-mesh-normals" offset="1"/>
				<p>
20 20 21 21 22 22 
22 22 23 23 20 20 
</p>
			</triangles>
		</mesh>
	</geometry>
	<geometry id="Body23" name="Body23">
		<mesh>
			<source id="Body23-mesh-positions">
				<float_array id="Body23-mesh-positions-array" count="72">
24600 22100 7.41238e-11 
24600 22100 2100 
24600 22200 2100 
24600 22200 7.45786e-11 
24600 22100 2100 
26100 22100 2100 
26100 22200 2100 
24600 22200 2100 
26100 22100 2100 
26100 22200 7.45786e-11 
26100 22200 2100 
26100 22100 7.41238e-11 
26100 22100 7.41238e-11 
24600 22200 7.45786e-11 
26100 22200 7.45786e-11 
24600 22100 7.41238e-11 
24600 22200 2100 
26100 22200 2100 
26100 22200 7.45786e-11 
24600 22200 7.45786e-11 
24600 22100 2100 
26100 22100 7.41238e-11 
26100 22100 2100 
24600 22100 7.41238e-11 
</float_array>
				<technique_common>
					<accessor source="#Body23-mesh-positions-array" count="24" stride="3">
						<param name="X" type="float"/>
						<param name="Y" type="float"/>
						<param name="Z" type="float"/>
					</accessor>
				</technique_common>
			</source>
			<source id="Body23-mesh-normals">
				<float_array id="Body23-mesh-normals-array" count="72">
-1 -0 0 
-1 -0 0 
-1 -0 0 
-1 -0 0 
0 -3.49148e-15 1 
0 -3.49148e-15 1 
0 -3.49148e-15 1 
0 -3.49148e-15 1 
1 0 -0 
1 0 -0 
1 0 -0 
1 0 -0 
0 3.49148e-15 -1 
0 3.49148e-15 -1 
0 3.49148e-15 -1 
0 3.49148e-15 -1 
-0 1 3.49148e-15 
-0 1 3.49148e-15 
-0 1 3.49148e-15 
-0 1 3.49148e-15 
0 -1 -3.49148e-15 
0 -1 -3.49148e-15 
0 -1 -3.49148e-15 
0 -1 -3.49148e-15 
</float_array>
				<technique_common>
					<accessor source="#Body23-mesh-normals-array" count="24" stride="3">
						<param name="X" type="float"/>
						<param name="Y" type="float"/>
						<param name="Z" type="float"/>
					</accessor>
				</technique_common>
			</source>
			<vertices id="Body23-mesh-vertices">
				<input semantic="POSITION" source="#Body23-mesh-positions"/>
			</vertices>
			<triangles count="2" material="Material425">
				<input semantic="VERTEX" source="#Body23-mesh-vertices" offset="0"/>
				<input semantic="NORMAL" source="#Body23-mesh-normals" offset="1"/>
				<p>
0 0 1 1 2 2 
0 0 2 2 3 3 
</p>
			</triangles>
			<triangles count="2" material="Material426">
				<input semantic="VERTEX" source="#Body23-mesh-vertices" offset="0"/>
				<input semantic="NORMAL" source="#Body23-mesh-normals" offset="1"/>
				<p>
4 4 5 5 6 6 
4 4 6 6 7 7 
</p>
			</triangles>
			<triangles count="2" material="Material427">
				<input semantic="VERTEX" source="#Body23-mesh-vertices" offset="0"/>
				<input semantic="NORMAL" source="#Body23-mesh-normals" offset="1"/>
				<p>
8 8 9 9 10 10 
9 9 8 8 11 11 
</p>
			</triangles>
			<triangles count="2" material="Material428">
				<input semantic="VERTEX" source="#Body23-mesh-vertices" offset="0"/>
				<input semantic="NORMAL" source="#Body23-mesh-normals" offset="1"/>
				<p>
12 12 13 13 14 14 
13 13 12 12 15 15 
</p>
			</triangles>
			<triangles count="2" material="Material429">
				<input semantic="VERTEX" source="#Body23-mesh-vertices" offset="0"/>
				<input semantic="NORMAL" source="#Body23-mesh-normals" offset="1"/>
				<p>
16 16 17 17 18 18 
18 18 19 19 16 16 
</p>
			</triangles>
			<triangles count="2" material="Material430">
				<input semantic="VERTEX" source="#Body23-mesh-vertices" offset="0"/>
				<input semantic="NORMAL" source="#Body23-mesh-normals" offset="1"/>
				<p>
20 20 21 21 22 22 
21 21 20 20 23 23 
</p>
			</triangles>
		</mesh>
	</geometry>
	<geometry id="Body24" name="Body24">
		<mesh>
			<source id="Body24-mesh-positions">
				<float_array id="Body24-mesh-positions-array" count="72">
22900 28000 50 
22900 28000 2450 
22900 27900 2450 
22900 27900 50 
22900 28000 2450 
22500 27900 2450 
22900 27900 2450 
22500 28000 2450 
22500 28000 2450 
22500 27900 50 
22500 27900 2450 
22500 28000 50 
22500 28000 50 
22900 28000 50 
22900 27900 50 
22500 27900 50 
22900 27900 50 
22900 27900 2450 
22500 27900 2450 
22500 27900 50 
22500 28000 2450 
22900 28000 50 
22500 28000 50 
22900 28000 2450 
</float_array>
				<technique_common>
					<accessor source="#Body24-mesh-positions-array" count="24" stride="3">
						<param name="X" type="float"/>
						<param name="Y" type="float"/>
						<param name="Z" type="float"/>
					</accessor>
				</technique_common>
			</source>
			<source id="Body24-mesh-normals">
				<float_array id="Body24-mesh-normals-array" count="72">
1 0 -0 
1 0 -0 
1 0 -0 
1 0 -0 
0 -3.49148e-15 1 
0 -3.49148e-15 1 
0 -3.49148e-15 1 
0 -3.49148e-15 1 
-1 -0 0 
-1 -0 0 
-1 -0 0 
-1 -0 0 
-0 3.49148e-15 -1 
-0 3.49148e-15 -1 
-0 3.49148e-15 -1 
-0 3.49148e-15 -1 
0 -1 -3.49148e-15 
0 -1 -3.49148e-15 
0 -1 -3.49148e-15 
0 -1 -3.49148e-15 
-0 1 3.49148e-15 
-0 1 3.49148e-15 
-0 1 3.49148e-15 
-0 1 3.49148e-15 
</float_array>
				<technique_common>
					<accessor source="#Body24-mesh-normals-array" count="24" stride="3">
						<param name="X" type="float"/>
						<param name="Y" type="float"/>
						<param name="Z" type="float"/>
					</accessor>
				</technique_common>
			</source>
			<vertices id="Body24-mesh-vertices">
				<input semantic="POSITION" source="#Body24-mesh-positions"/>
			</vertices>
			<triangles count="2" material="Material431">
				<input semantic="VERTEX" source="#Body24-mesh-vertices" offset="0"/>
				<input semantic="NORMAL" source="#Body24-mesh-normals" offset="1"/>
				<p>
0 0 1 1 2 2 
0 0 2 2 3 3 
</p>
			</triangles>
			<triangles count="2" material="Material432">
				<input semantic="VERTEX" source="#Body24-mesh-vertices" offset="0"/>
				<input semantic="NORMAL" source="#Body24-mesh-normals" offset="1"/>
				<p>
4 4 5 5 6 6 
5 5 4 4 7 7 
</p>
			</triangles>
			<triangles count="2" material="Material433">
				<input semantic="VERTEX" source="#Body24-mesh-vertices" offset="0"/>
				<input semantic="NORMAL" source="#Body24-mesh-normals" offset="1"/>
				<p>
8 8 9 9 10 10 
9 9 8 8 11 11 
</p>
			</triangles>
			<triangles count="2" material="Material434">
				<input semantic="VERTEX" source="#Body24-mesh-vertices" offset="0"/>
				<input semantic="NORMAL" source="#Body24-mesh-normals" offset="1"/>
				<p>
12 12 13 13 14 14 
12 12 14 14 15 15 
</p>
			</triangles>
			<triangles count="2" material="Material435">
				<input semantic="VERTEX" source="#Body24-mesh-vertices" offset="0"/>
				<input semantic="NORMAL" source="#Body24-mesh-normals" offset="1"/>
				<p>
16 16 17 17 18 18 
16 16 18 18 19 19 
</p>
			</triangles>
			<triangles count="2" material="Material436">
				<input semantic="VERTEX" source="#Body24-mesh-vertices" offset="0"/>
				<input semantic="NORMAL" source="#Body24-mesh-normals" offset="1"/>
				<p>
20 20 21 21 22 22 
20 20 23 23 21 21 
</p>
			</triangles>
		</mesh>
	</geometry>
	<geometry id="Body25" name="Body25">
		<mesh>
			<source id="Body25-mesh-positions">
				<float_array id="Body25-mesh-positions-array" count="72">
24100 28000 50 
24100 28000 2450 
24100 27900 2450 
24100 27900 50 
24100 28000 2450 
23000 27900 2450 
24100 27900 2450 
23000 28000 2450 
23000 28000 2450 
23000 27900 50 
23000 27900 2450 
23000 28000 50 
23000 28000 50 
24100 28000 50 
24100 27900 50 
23000 27900 50 
24100 27900 2450 
23000 27900 2450 
23000 27900 50 
24100 27900 50 
24100 28000 2450 
23000 28000 50 
23000 28000 2450 
24100 28000 50 
</float_array>
				<technique_common>
					<accessor source="#Body25-mesh-positions-array" count="24" stride="3">
						<param name="X" type="float"/>
						<param name="Y" type="float"/>
						<param name="Z" type="float"/>
					</accessor>
				</technique_common>
			</source>
			<source id="Body25-mesh-normals">
				<float_array id="Body25-mesh-normals-array" count="72">
1 0 -0 
1 0 -0 
1 0 -0 
1 0 -0 
0 -3.49148e-15 1 
0 -3.49148e-15 1 
0 -3.49148e-15 1 
0 -3.49148e-15 1 
-1 -0 0 
-1 -0 0 
-1 -0 0 
-1 -0 0 
-0 3.49148e-15 -1 
-0 3.49148e-15 -1 
-0 3.49148e-15 -1 
-0 3.49148e-15 -1 
-0 -1 -3.49148e-15 
-0 -1 -3.49148e-15 
-0 -1 -3.49148e-15 
-0 -1 -3.49148e-15 
0 1 3.49148e-15 
0 1 3.49148e-15 
0 1 3.49148e-15 
0 1 3.49148e-15 
</float_array>
				<technique_common>
					<accessor source="#Body25-mesh-normals-array" count="24" stride="3">
						<param name="X" type="float"/>
						<param name="Y" type="float"/>
						<param name="Z" type="float"/>
					</accessor>
				</technique_common>
			</source>
			<vertices id="Body25-mesh-vertices">
				<input semantic="POSITION" source="#Body25-mesh-positions"/>
			</vertices>
			<triangles count="2" material="Material437">
				<input semantic="VERTEX" source="#Body25-mesh-vertices" offset="0"/>
				<input semantic="NORMAL" source="#Body25-mesh-normals" offset="1"/>
				<p>
0 0 1 1 2 2 
0 0 2 2 3 3 
</p>
			</triangles>
			<triangles count="2" material="Material438">
				<input semantic="VERTEX" source="#Body25-mesh-vertices" offset="0"/>
				<input semantic="NORMAL" source="#Body25-mesh-normals" offset="1"/>
				<p>
4 4 5 5 6 6 
5 5 4 4 7 7 
</p>
			</triangles>
			<triangles count="2" material="Material439">
				<input semantic="VERTEX" source="#Body25-mesh-vertices" offset="0"/>
				<input semantic="NORMAL" source="#Body25-mesh-normals" offset="1"/>
				<p>
8 8 9 9 10 10 
9 9 8 8 11 11 
</p>
			</triangles>
			<triangles count="2" material="Material440">
				<input semantic="VERTEX" source="#Body25-mesh-vertices" offset="0"/>
				<input semantic="NORMAL" source="#Body25-mesh-normals" offset="1"/>
				<p>
12 12 13 13 14 14 
12 12 14 14 15 15 
</p>
			</triangles>
			<triangles count="2" material="Material441">
				<input semantic="VERTEX" source="#Body25-mesh-vertices" offset="0"/>
				<input semantic="NORMAL" source="#Body25-mesh-normals" offset="1"/>
				<p>
16 16 17 17 18 18 
18 18 19 19 16 16 
</p>
			</triangles>
			<triangles count="2" material="Material442">
				<input semantic="VERTEX" source="#Body25-mesh-vertices" offset="0"/>
				<input semantic="NORMAL" source="#Body25-mesh-normals" offset="1"/>
				<p>
20 20 21 21 22 22 
21 21 20 20 23 23 
</p>
			</triangles>
		</mesh>
	</geometry>
	<geometry id="Body26" name="Body26">
		<mesh>
			<source id="Body26-mesh-positions">
				<float_array id="Body26-mesh-positions-array" count="72">
27400 28000 50 
27400 28000 2450 
27400 27900 2450 
27400 27900 50 
27400 28000 2450 
24600 27900 2450 
27400 27900 2450 
24600 28000 2450 
24600 28000 2450 
24600 27900 50 
24600 27900 2450 
24600 28000 50 
24600 28000 50 
27400 28000 50 
27400 27900 50 
24600 27900 50 
27400 27900 2450 
24600 27900 2450 
24600 27900 50 
27400 27900 50 
27400 28000 2450 
24600 28000 50 
24600 28000 2450 
27400 28000 50 
</float_array>
				<technique_common>
					<accessor source="#Body26-mesh-positions-array" count="24" stride="3">
						<param name="X" type="float"/>
						<param name="Y" type="float"/>
						<param name="Z" type="float"/>
					</accessor>
				</technique_common>
			</source>
			<source id="Body26-mesh-normals">
				<float_array id="Body26-mesh-normals-array" count="72">
1 0 -0 
1 0 -0 
1 0 -0 
1 0 -0 
0 -3.49148e-15 1 
0 -3.49148e-15 1 
0 -3.49148e-15 1 
0 -3.49148e-15 1 
-1 -0 0 
-1 -0 0 
-1 -0 0 
-1 -0 0 
-0 3.49148e-15 -1 
-0 3.49148e-15 -1 
-0 3.49148e-15 -1 
-0 3.49148e-15 -1 
-0 -1 -3.49148e-15 
-0 -1 -3.49148e-15 
-0 -1 -3.49148e-15 
-0 -1 -3.49148e-15 
0 1 3.49148e-15 
0 1 3.49148e-15 
0 1 3.49148e-15 
0 1 3.49148e-15 
</float_array>
				<technique_common>
					<accessor source="#Body26-mesh-normals-array" count="24" stride="3">
						<param name="X" type="float"/>
						<param name="Y" type="float"/>
						<param name="Z" type="float"/>
					</accessor>
				</technique_common>
			</source>
			<vertices id="Body26-mesh-vertices">
				<input semantic="POSITION" source="#Body26-mesh-positions"/>
			</vertices>
			<triangles count="2" material="Material443">
				<input semantic="VERTEX" source="#Body26-mesh-vertices" offset="0"/>
				<input semantic="NORMAL" source="#Body26-mesh-normals" offset="1"/>
				<p>
0 0 1 1 2 2 
0 0 2 2 3 3 
</p>
			</triangles>
			<triangles count="2" material="Material444">
				<input semantic="VERTEX" source="#Body26-mesh-vertices" offset="0"/>
				<input semantic="NORMAL" source="#Body26-mesh-normals" offset="1"/>
				<p>
4 4 5 5 6 6 
5 5 4 4 7 7 
</p>
			</triangles>
			<triangles count="2" material="Material445">
				<input semantic="VERTEX" source="#Body26-mesh-vertices" offset="0"/>
				<input semantic="NORMAL" source="#Body26-mesh-normals" offset="1"/>
				<p>
8 8 9 9 10 10 
9 9 8 8 11 11 
</p>
			</triangles>
			<triangles count="2" material="Material446">
				<input semantic="VERTEX" source="#Body26-mesh-vertices" offset="0"/>
				<input semantic="NORMAL" source="#Body26-mesh-normals" offset="1"/>
				<p>
12 12 13 13 14 14 
12 12 14 14 15 15 
</p>
			</triangles>
			<triangles count="2" material="Material447">
				<input semantic="VERTEX" source="#Body26-mesh-vertices" offset="0"/>
				<input semantic="NORMAL" source="#Body26-mesh-normals" offset="1"/>
				<p>
16 16 17 17 18 18 
18 18 19 19 16 16 
</p>
			</triangles>
			<triangles count="2" material="Material448">
				<input semantic="VERTEX" source="#Body26-mesh-vertices" offset="0"/>
				<input semantic="NORMAL" source="#Body26-mesh-normals" offset="1"/>
				<p>
20 20 21 21 22 22 
21 21 20 20 23 23 
</p>
			</triangles>
		</mesh>
	</geometry>
	<geometry id="Body27" name="Body27">
		<mesh>
			<source id="Body27-mesh-positions">
				<float_array id="Body27-mesh-positions-array" count="72">
33300 28000 50 
33300 28000 2450 
33300 27900 2450 
33300 27900 50 
33300 28000 2450 
28000 27900 2450 
33300 27900 2450 
28000 28000 2450 
28000 28000 2450 
28000 27900 50 
28000 27900 2450 
28000 28000 50 
28000 28000 50 
33300 28000 50 
33300 27900 50 
28000 27900 50 
33300 27900 50 
33300 27900 2450 
28000 27900 2450 
28000 27900 50 
28000 28000 2450 
33300 28000 50 
28000 28000 50 
33300 28000 2450 
</float_array>
				<technique_common>
					<accessor source="#Body27-mesh-positions-array" count="24" stride="3">
						<param name="X" type="float"/>
						<param name="Y" type="float"/>
						<param name="Z" type="float"/>
					</accessor>
				</technique_common>
			</source>
			<source id="Body27-mesh-normals">
				<float_array id="Body27-mesh-normals-array" count="72">
1 0 -0 
1 0 -0 
1 0 -0 
1 0 -0 
0 -3.49148e-15 1 
0 -3.49148e-15 1 
0 -3.49148e-15 1 
0 -3.49148e-15 1 
-1 -0 0 
-1 -0 0 
-1 -0 0 
-1 -0 0 
-0 3.49148e-15 -1 
-0 3.49148e-15 -1 
-0 3.49148e-15 -1 
-0 3.49148e-15 -1 
0 -1 -3.49148e-15 
0 -1 -3.49148e-15 
0 -1 -3.49148e-15 
0 -1 -3.49148e-15 
-0 1 3.49148e-15 
-0 1 3.49148e-15 
-0 1 3.49148e-15 
-0 1 3.49148e-15 
</float_array>
				<technique_common>
					<accessor source="#Body27-mesh-normals-array" count="24" stride="3">
						<param name="X" type="float"/>
						<param name="Y" type="float"/>
						<param name="Z" type="float"/>
					</accessor>
				</technique_common>
			</source>
			<vertices id="Body27-mesh-vertices">
				<input semantic="POSITION" source="#Body27-mesh-positions"/>
			</vertices>
			<triangles count="2" material="Material449">
				<input semantic="VERTEX" source="#Body27-mesh-vertices" offset="0"/>
				<input semantic="NORMAL" source="#Body27-mesh-normals" offset="1"/>
				<p>
0 0 1 1 2 2 
0 0 2 2 3 3 
</p>
			</triangles>
			<triangles count="2" material="Material450">
				<input semantic="VERTEX" source="#Body27-mesh-vertices" offset="0"/>
				<input semantic="NORMAL" source="#Body27-mesh-normals" offset="1"/>
				<p>
4 4 5 5 6 6 
5 5 4 4 7 7 
</p>
			</triangles>
			<triangles count="2" material="Material451">
				<input semantic="VERTEX" source="#Body27-mesh-vertices" offset="0"/>
				<input semantic="NORMAL" source="#Body27-mesh-normals" offset="1"/>
				<p>
8 8 9 9 10 10 
9 9 8 8 11 11 
</p>
			</triangles>
			<triangles count="2" material="Material452">
				<input semantic="VERTEX" source="#Body27-mesh-vertices" offset="0"/>
				<input semantic="NORMAL" source="#Body27-mesh-normals" offset="1"/>
				<p>
12 12 13 13 14 14 
12 12 14 14 15 15 
</p>
			</triangles>
			<triangles count="2" material="Material453">
				<input semantic="VERTEX" source="#Body27-mesh-vertices" offset="0"/>
				<input semantic="NORMAL" source="#Body27-mesh-normals" offset="1"/>
				<p>
16 16 17 17 18 18 
16 16 18 18 19 19 
</p>
			</triangles>
			<triangles count="2" material="Material454">
				<input semantic="VERTEX" source="#Body27-mesh-vertices" offset="0"/>
				<input semantic="NORMAL" source="#Body27-mesh-normals" offset="1"/>
				<p>
20 20 21 21 22 22 
20 20 23 23 21 21 
</p>
			</triangles>
		</mesh>
	</geometry>
	<geometry id="Body28" name="Body28">
		<mesh>
			<source id="Body28-mesh-positions">
				<float_array id="Body28-mesh-positions-array" count="72">
38800 28000 50 
38800 28000 2450 
38800 27900 2450 
38800 27900 50 
38800 28000 2450 
33700 27900 2450 
38800 27900 2450 
33700 28000 2450 
33700 28000 2450 
33700 27900 50 
33700 27900 2450 
33700 28000 50 
33700 28000 50 
38800 28000 50 
38800 27900 50 
33700 27900 50 
38800 27900 2450 
33700 27900 2450 
33700 27900 50 
38800 27900 50 
38800 28000 2450 
33700 28000 50 
33700 28000 2450 
38800 28000 50 
</float_array>
				<technique_common>
					<accessor source="#Body28-mesh-positions-array" count="24" stride="3">
						<param name="X" type="float"/>
						<param name="Y" type="float"/>
						<param name="Z" type="float"/>
					</accessor>
				</technique_common>
			</source>
			<source id="Body28-mesh-normals">
				<float_array id="Body28-mesh-normals-array" count="72">
1 0 -0 
1 0 -0 
1 0 -0 
1 0 -0 
0 -3.49148e-15 1 
0 -3.49148e-15 1 
0 -3.49148e-15 1 
0 -3.49148e-15 1 
-1 -0 0 
-1 -0 0 
-1 -0 0 
-1 -0 0 
-0 3.49148e-15 -1 
-0 3.49148e-15 -1 
-0 3.49148e-15 -1 
-0 3.49148e-15 -1 
-0 -1 -3.49148e-15 
-0 -1 -3.49148e-15 
-0 -1 -3.49148e-15 
-0 -1 -3.49148e-15 
0 1 3.49148e-15 
0 1 3.49148e-15 
0 1 3.49148e-15 
0 1 3.49148e-15 
</float_array>
				<technique_common>
					<accessor source="#Body28-mesh-normals-array" count="24" stride="3">
						<param name="X" type="float"/>
						<param name="Y" type="float"/>
						<param name="Z" type="float"/>
					</accessor>
				</technique_common>
			</source>
			<vertices id="Body28-mesh-vertices">
				<input semantic="POSITION" source="#Body28-mesh-positions"/>
			</vertices>
			<triangles count="2" material="Material455">
				<input semantic="VERTEX" source="#Body28-mesh-vertices" offset="0"/>
				<input semantic="NORMAL" source="#Body28-mesh-normals" offset="1"/>
				<p>
0 0 1 1 2 2 
0 0 2 2 3 3 
</p>
			</triangles>
			<triangles count="2" material="Material456">
				<input semantic="VERTEX" source="#Body28-mesh-vertices" offset="0"/>
				<input semantic="NORMAL" source="#Body28-mesh-normals" offset="1"/>
				<p>
4 4 5 5 6 6 
5 5 4 4 7 7 
</p>
			</triangles>
			<triangles count="2" material="Material457">
				<input semantic="VERTEX" source="#Body28-mesh-vertices" offset="0"/>
				<input semantic="NORMAL" source="#Body28-mesh-normals" offset="1"/>
				<p>
8 8 9 9 10 10 
9 9 8 8 11 11 
</p>
			</triangles>
			<triangles count="2" material="Material458">
				<input semantic="VERTEX" source="#Body28-mesh-vertices" offset="0"/>
				<input semantic="NORMAL" source="#Body28-mesh-normals" offset="1"/>
				<p>
12 12 13 13 14 14 
12 12 14 14 15 15 
</p>
			</triangles>
			<triangles count="2" material="Material459">
				<input semantic="VERTEX" source="#Body28-mesh-vertices" offset="0"/>
				<input semantic="NORMAL" source="#Body28-mesh-normals" offset="1"/>
				<p>
16 16 17 17 18 18 
18 18 19 19 16 16 
</p>
			</triangles>
			<triangles count="2" material="Material460">
				<input semantic="VERTEX" source="#Body28-mesh-vertices" offset="0"/>
				<input semantic="NORMAL" source="#Body28-mesh-normals" offset="1"/>
				<p>
20 20 21 21 22 22 
21 21 20 20 23 23 
</p>
			</triangles>
		</mesh>
	</geometry>
	<geometry id="Body29" name="Body29">
		<mesh>
			<source id="Body29-mesh-positions">
				<float_array id="Body29-mesh-positions-array" count="72">
44300 28000 50 
44300 28000 2450 
44300 27900 2450 
44300 27900 50 
44300 28000 2450 
39400 27900 2450 
44300 27900 2450 
39400 28000 2450 
39400 28000 2450 
39400 27900 50 
39400 27900 2450 
39400 28000 50 
39400 28000 50 
44300 28000 50 
44300 27900 50 
39400 27900 50 
44300 27900 2450 
39400 27900 2450 
39400 27900 50 
44300 27900 50 
44300 28000 2450 
39400 28000 50 
39400 28000 2450 
44300 28000 50 
</float_array>
				<technique_common>
					<accessor source="#Body29-mesh-positions-array" count="24" stride="3">
						<param name="X" type="float"/>
						<param name="Y" type="float"/>
						<param name="Z" type="float"/>
					</accessor>
				</technique_common>
			</source>
			<source id="Body29-mesh-normals">
				<float_array id="Body29-mesh-normals-array" count="72">
1 0 -0 
1 0 -0 
1 0 -0 
1 0 -0 
0 -3.49148e-15 1 
0 -3.49148e-15 1 
0 -3.49148e-15 1 
0 -3.49148e-15 1 
-1 -0 0 
-1 -0 0 
-1 -0 0 
-1 -0 0 
-0 3.49148e-15 -1 
-0 3.49148e-15 -1 
-0 3.49148e-15 -1 
-0 3.49148e-15 -1 
-0 -1 -3.49148e-15 
-0 -1 -3.49148e-15 
-0 -1 -3.49148e-15 
-0 -1 -3.49148e-15 
0 1 3.49148e-15 
0 1 3.49148e-15 
0 1 3.49148e-15 
0 1 3.49148e-15 
</float_array>
				<technique_common>
					<accessor source="#Body29-mesh-normals-array" count="24" stride="3">
						<param name="X" type="float"/>
						<param name="Y" type="float"/>
						<param name="Z" type="float"/>
					</accessor>
				</technique_common>
			</source>
			<vertices id="Body29-mesh-vertices">
				<input semantic="POSITION" source="#Body29-mesh-positions"/>
			</vertices>
			<triangles count="2" material="Material461">
				<input semantic="VERTEX" source="#Body29-mesh-vertices" offset="0"/>
				<input semantic="NORMAL" source="#Body29-mesh-normals" offset="1"/>
				<p>
0 0 1 1 2 2 
0 0 2 2 3 3 
</p>
			</triangles>
			<triangles count="2" material="Material462">
				<input semantic="VERTEX" source="#Body29-mesh-vertices" offset="0"/>
				<input semantic="NORMAL" source="#Body29-mesh-normals" offset="1"/>
				<p>
4 4 5 5 6 6 
5 5 4 4 7 7 
</p>
			</triangles>
			<triangles count="2" material="Material463">
				<input semantic="VERTEX" source="#Body29-mesh-vertices" offset="0"/>
				<input semantic="NORMAL" source="#Body29-mesh-normals" offset="1"/>
				<p>
8 8 9 9 10 10 
9 9 8 8 11 11 
</p>
			</triangles>
			<triangles count="2" material="Material464">
				<input semantic="VERTEX" source="#Body29-mesh-vertices" offset="0"/>
				<input semantic="NORMAL" source="#Body29-mesh-normals" offset="1"/>
				<p>
12 12 13 13 14 14 
12 12 14 14 15 15 
</p>
			</triangles>
			<triangles count="2" material="Material465">
				<input semantic="VERTEX" source="#Body29-mesh-vertices" offset="0"/>
				<input semantic="NORMAL" source="#Body29-mesh-normals" offset="1"/>
				<p>
16 16 17 17 18 18 
18 18 19 19 16 16 
</p>
			</triangles>
			<triangles count="2" material="Material466">
				<input semantic="VERTEX" source="#Body29-mesh-vertices" offset="0"/>
				<input semantic="NORMAL" source="#Body29-mesh-normals" offset="1"/>
				<p>
20 20 21 21 22 22 
21 21 20 20 23 23 
</p>
			</triangles>
		</mesh>
	</geometry>
</library_geometries>
<library_effects>
	<effect id="Material0-effect">
		<profile_COMMON>
			<technique sid="common">
				<phong>
					<diffuse>
						<color sid="diffuse">
1 1 1 1 </color>
					</diffuse>
				</phong>
			</technique>
		</profile_COMMON>
	</effect>
	<effect id="Material1-effect">
		<profile_COMMON>
			<technique sid="common">
				<phong>
					<diffuse>
						<color sid="diffuse">
1 1 1 1 </color>
					</diffuse>
				</phong>
			</technique>
		</profile_COMMON>
	</effect>
	<effect id="Material2-effect">
		<profile_COMMON>
			<technique sid="common">
				<phong>
					<diffuse>
						<color sid="diffuse">
1 1 1 1 </color>
					</diffuse>
				</phong>
			</technique>
		</profile_COMMON>
	</effect>
	<effect id="Material3-effect">
		<profile_COMMON>
			<technique sid="common">
				<phong>
					<diffuse>
						<color sid="diffuse">
1 1 1 1 </color>
					</diffuse>
				</phong>
			</technique>
		</profile_COMMON>
	</effect>
	<effect id="Material4-effect">
		<profile_COMMON>
			<technique sid="common">
				<phong>
					<diffuse>
						<color sid="diffuse">
1 1 1 1 </color>
					</diffuse>
				</phong>
			</technique>
		</profile_COMMON>
	</effect>
	<effect id="Material5-effect">
		<profile_COMMON>
			<technique sid="common">
				<phong>
					<diffuse>
						<color sid="diffuse">
1 1 1 1 </color>
					</diffuse>
				</phong>
			</technique>
		</profile_COMMON>
	</effect>
	<effect id="Material6-effect">
		<profile_COMMON>
			<technique sid="common">
				<phong>
					<diffuse>
						<color sid="diffuse">
1 1 1 1 </color>
					</diffuse>
				</phong>
			</technique>
		</profile_COMMON>
	</effect>
	<effect id="Material7-effect">
		<profile_COMMON>
			<technique sid="common">
				<phong>
					<diffuse>
						<color sid="diffuse">
1 1 1 1 </color>
					</diffuse>
				</phong>
			</technique>
		</profile_COMMON>
	</effect>
	<effect id="Material8-effect">
		<profile_COMMON>
			<technique sid="common">
				<phong>
					<diffuse>
						<color sid="diffuse">
1 1 1 1 </color>
					</diffuse>
				</phong>
			</technique>
		</profile_COMMON>
	</effect>
	<effect id="Material9-effect">
		<profile_COMMON>
			<technique sid="common">
				<phong>
					<diffuse>
						<color sid="diffuse">
1 1 1 1 </color>
					</diffuse>
				</phong>
			</technique>
		</profile_COMMON>
	</effect>
	<effect id="Material10-effect">
		<profile_COMMON>
			<technique sid="common">
				<phong>
					<diffuse>
						<color sid="diffuse">
1 1 1 1 </color>
					</diffuse>
				</phong>
			</technique>
		</profile_COMMON>
	</effect>
	<effect id="Material11-effect">
		<profile_COMMON>
			<technique sid="common">
				<phong>
					<diffuse>
						<color sid="diffuse">
1 1 1 1 </color>
					</diffuse>
				</phong>
			</technique>
		</profile_COMMON>
	</effect>
	<effect id="Material12-effect">
		<profile_COMMON>
			<technique sid="common">
				<phong>
					<diffuse>
						<color sid="diffuse">
1 1 1 1 </color>
					</diffuse>
				</phong>
			</technique>
		</profile_COMMON>
	</effect>
	<effect id="Material13-effect">
		<profile_COMMON>
			<technique sid="common">
				<phong>
					<diffuse>
						<color sid="diffuse">
1 1 1 1 </color>
					</diffuse>
				</phong>
			</technique>
		</profile_COMMON>
	</effect>
	<effect id="Material14-effect">
		<profile_COMMON>
			<technique sid="common">
				<phong>
					<diffuse>
						<color sid="diffuse">
1 1 1 1 </color>
					</diffuse>
				</phong>
			</technique>
		</profile_COMMON>
	</effect>
	<effect id="Material15-effect">
		<profile_COMMON>
			<technique sid="common">
				<phong>
					<diffuse>
						<color sid="diffuse">
1 1 1 1 </color>
					</diffuse>
				</phong>
			</technique>
		</profile_COMMON>
	</effect>
	<effect id="Material16-effect">
		<profile_COMMON>
			<technique sid="common">
				<phong>
					<diffuse>
						<color sid="diffuse">
1 1 1 1 </color>
					</diffuse>
				</phong>
			</technique>
		</profile_COMMON>
	</effect>
	<effect id="Material17-effect">
		<profile_COMMON>
			<technique sid="common">
				<phong>
					<diffuse>
						<color sid="diffuse">
1 1 1 1 </color>
					</diffuse>
				</phong>
			</technique>
		</profile_COMMON>
	</effect>
	<effect id="Material18-effect">
		<profile_COMMON>
			<technique sid="common">
				<phong>
					<diffuse>
						<color sid="diffuse">
1 1 1 1 </color>
					</diffuse>
				</phong>
			</technique>
		</profile_COMMON>
	</effect>
	<effect id="Material19-effect">
		<profile_COMMON>
			<technique sid="common">
				<phong>
					<diffuse>
						<color sid="diffuse">
1 1 1 1 </color>
					</diffuse>
				</phong>
			</technique>
		</profile_COMMON>
	</effect>
	<effect id="Material20-effect">
		<profile_COMMON>
			<technique sid="common">
				<phong>
					<diffuse>
						<color sid="diffuse">
1 1 1 1 </color>
					</diffuse>
				</phong>
			</technique>
		</profile_COMMON>
	</effect>
	<effect id="Material21-effect">
		<profile_COMMON>
			<technique sid="common">
				<phong>
					<diffuse>
						<color sid="diffuse">
1 1 1 1 </color>
					</diffuse>
				</phong>
			</technique>
		</profile_COMMON>
	</effect>
	<effect id="Material22-effect">
		<profile_COMMON>
			<technique sid="common">
				<phong>
					<diffuse>
						<color sid="diffuse">
0.968627 0.968627 0.968627 1 </color>
					</diffuse>
				</phong>
			</technique>
		</profile_COMMON>
	</effect>
	<effect id="Material23-effect">
		<profile_COMMON>
			<technique sid="common">
				<phong>
					<diffuse>
						<color sid="diffuse">
0.968627 0.968627 0.968627 1 </color>
					</diffuse>
				</phong>
			</technique>
		</profile_COMMON>
	</effect>
	<effect id="Material24-effect">
		<profile_COMMON>
			<technique sid="common">
				<phong>
					<diffuse>
						<color sid="diffuse">
0.968627 0.968627 0.968627 1 </color>
					</diffuse>
				</phong>
			</technique>
		</profile_COMMON>
	</effect>
	<effect id="Material25-effect">
		<profile_COMMON>
			<technique sid="common">
				<phong>
					<diffuse>
						<color sid="diffuse">
0.968627 0.968627 0.968627 1 </color>
					</diffuse>
				</phong>
			</technique>
		</profile_COMMON>
	</effect>
	<effect id="Material26-effect">
		<profile_COMMON>
			<technique sid="common">
				<phong>
					<diffuse>
						<color sid="diffuse">
0.968627 0.968627 0.968627 1 </color>
					</diffuse>
				</phong>
			</technique>
		</profile_COMMON>
	</effect>
	<effect id="Material27-effect">
		<profile_COMMON>
			<technique sid="common">
				<phong>
					<diffuse>
						<color sid="diffuse">
0.968627 0.968627 0.968627 1 </color>
					</diffuse>
				</phong>
			</technique>
		</profile_COMMON>
	</effect>
	<effect id="Material28-effect">
		<profile_COMMON>
			<technique sid="common">
				<phong>
					<diffuse>
						<color sid="diffuse">
0.968627 0.968627 0.968627 1 </color>
					</diffuse>
				</phong>
			</technique>
		</profile_COMMON>
	</effect>
	<effect id="Material29-effect">
		<profile_COMMON>
			<technique sid="common">
				<phong>
					<diffuse>
						<color sid="diffuse">
0.968627 0.968627 0.968627 1 </color>
					</diffuse>
				</phong>
			</technique>
		</profile_COMMON>
	</effect>
	<effect id="Material30-effect">
		<profile_COMMON>
			<technique sid="common">
				<phong>
					<diffuse>
						<color sid="diffuse">
0.968627 0.968627 0.968627 1 </color>
					</diffuse>
				</phong>
			</technique>
		</profile_COMMON>
	</effect>
	<effect id="Material31-effect">
		<profile_COMMON>
			<technique sid="common">
				<phong>
					<diffuse>
						<color sid="diffuse">
0.968627 0.968627 0.968627 1 </color>
					</diffuse>
				</phong>
			</technique>
		</profile_COMMON>
	</effect>
	<effect id="Material32-effect">
		<profile_COMMON>
			<technique sid="common">
				<phong>
					<diffuse>
						<color sid="diffuse">
0.968627 0.968627 0.968627 1 </color>
					</diffuse>
				</phong>
			</technique>
		</profile_COMMON>
	</effect>
	<effect id="Material33-effect">
		<profile_COMMON>
			<technique sid="common">
				<phong>
					<diffuse>
						<color sid="diffuse">
0.968627 0.968627 0.968627 1 </color>
					</diffuse>
				</phong>
			</technique>
		</profile_COMMON>
	</effect>
	<effect id="Material34-effect">
		<profile_COMMON>
			<technique sid="common">
				<phong>
					<diffuse>
						<color sid="diffuse">
0.968627 0.968627 0.968627 1 </color>
					</diffuse>
				</phong>
			</technique>
		</profile_COMMON>
	</effect>
	<effect id="Material35-effect">
		<profile_COMMON>
			<technique sid="common">
				<phong>
					<diffuse>
						<color sid="diffuse">
0.968627 0.968627 0.968627 1 </color>
					</diffuse>
				</phong>
			</technique>
		</profile_COMMON>
	</effect>
	<effect id="Material36-effect">
		<profile_COMMON>
			<technique sid="common">
				<phong>
					<diffuse>
						<color sid="diffuse">
0.968627 0.968627 0.968627 1 </color>
					</diffuse>
				</phong>
			</technique>
		</profile_COMMON>
	</effect>
	<effect id="Material37-effect">
		<profile_COMMON>
			<technique sid="common">
				<phong>
					<diffuse>
						<color sid="diffuse">
0.968627 0.968627 0.968627 1 </color>
					</diffuse>
				</phong>
			</technique>
		</profile_COMMON>
	</effect>
	<effect id="Material38-effect">
		<profile_COMMON>
			<technique sid="common">
				<phong>
					<diffuse>
						<color sid="diffuse">
0.968627 0.968627 0.968627 1 </color>
					</diffuse>
				</phong>
			</technique>
		</profile_COMMON>
	</effect>
	<effect id="Material39-effect">
		<profile_COMMON>
			<technique sid="common">
				<phong>
					<diffuse>
						<color sid="diffuse">
0.968627 0.968627 0.968627 1 </color>
					</diffuse>
				</phong>
			</technique>
		</profile_COMMON>
	</effect>
	<effect id="Material40-effect">
		<profile_COMMON>
			<technique sid="common">
				<phong>
					<diffuse>
						<color sid="diffuse">
0.968627 0.968627 0.968627 1 </color>
					</diffuse>
				</phong>
			</technique>
		</profile_COMMON>
	</effect>
	<effect id="Material41-effect">
		<profile_COMMON>
			<technique sid="common">
				<phong>
					<diffuse>
						<color sid="diffuse">
0.968627 0.968627 0.968627 1 </color>
					</diffuse>
				</phong>
			</technique>
		</profile_COMMON>
	</effect>
	<effect id="Material42-effect">
		<profile_COMMON>
			<technique sid="common">
				<phong>
					<diffuse>
						<color sid="diffuse">
0.968627 0.968627 0.968627 1 </color>
					</diffuse>
				</phong>
			</technique>
		</profile_COMMON>
	</effect>
	<effect id="Material43-effect">
		<profile_COMMON>
			<technique sid="common">
				<phong>
					<diffuse>
						<color sid="diffuse">
0.968627 0.968627 0.968627 1 </color>
					</diffuse>
				</phong>
			</technique>
		</profile_COMMON>
	</effect>
	<effect id="Material44-effect">
		<profile_COMMON>
			<technique sid="common">
				<phong>
					<diffuse>
						<color sid="diffuse">
0.968627 0.968627 0.968627 1 </color>
					</diffuse>
				</phong>
			</technique>
		</profile_COMMON>
	</effect>
	<effect id="Material45-effect">
		<profile_COMMON>
			<technique sid="common">
				<phong>
					<diffuse>
						<color sid="diffuse">
0.968627 0.968627 0.968627 1 </color>
					</diffuse>
				</phong>
			</technique>
		</profile_COMMON>
	</effect>
	<effect id="Material46-effect">
		<profile_COMMON>
			<technique sid="common">
				<phong>
					<diffuse>
						<color sid="diffuse">
0.968627 0.968627 0.968627 1 </color>
					</diffuse>
				</phong>
			</technique>
		</profile_COMMON>
	</effect>
	<effect id="Material47-effect">
		<profile_COMMON>
			<technique sid="common">
				<phong>
					<diffuse>
						<color sid="diffuse">
0.968627 0.968627 0.968627 1 </color>
					</diffuse>
				</phong>
			</technique>
		</profile_COMMON>
	</effect>
	<effect id="Material48-effect">
		<profile_COMMON>
			<technique sid="common">
				<phong>
					<diffuse>
						<color sid="diffuse">
0.968627 0.968627 0.968627 1 </color>
					</diffuse>
				</phong>
			</technique>
		</profile_COMMON>
	</effect>
	<effect id="Material49-effect">
		<profile_COMMON>
			<technique sid="common">
				<phong>
					<diffuse>
						<color sid="diffuse">
0.968627 0.968627 0.968627 1 </color>
					</diffuse>
				</phong>
			</technique>
		</profile_COMMON>
	</effect>
	<effect id="Material50-effect">
		<profile_COMMON>
			<technique sid="common">
				<phong>
					<diffuse>
						<color sid="diffuse">
0.968627 0.968627 0.968627 1 </color>
					</diffuse>
				</phong>
			</technique>
		</profile_COMMON>
	</effect>
	<effect id="Material51-effect">
		<profile_COMMON>
			<technique sid="common">
				<phong>
					<diffuse>
						<color sid="diffuse">
0.968627 0.968627 0.968627 1 </color>
					</diffuse>
				</phong>
			</technique>
		</profile_COMMON>
	</effect>
	<effect id="Material52-effect">
		<profile_COMMON>
			<technique sid="common">
				<phong>
					<diffuse>
						<color sid="diffuse">
0.968627 0.968627 0.968627 1 </color>
					</diffuse>
				</phong>
			</technique>
		</profile_COMMON>
	</effect>
	<effect id="Material53-effect">
		<profile_COMMON>
			<technique sid="common">
				<phong>
					<diffuse>
						<color sid="diffuse">
0.968627 0.968627 0.968627 1 </color>
					</diffuse>
				</phong>
			</technique>
		</profile_COMMON>
	</effect>
	<effect id="Material54-effect">
		<profile_COMMON>
			<technique sid="common">
				<phong>
					<diffuse>
						<color sid="diffuse">
0.968627 0.968627 0.968627 1 </color>
					</diffuse>
				</phong>
			</technique>
		</profile_COMMON>
	</effect>
	<effect id="Material55-effect">
		<profile_COMMON>
			<technique sid="common">
				<phong>
					<diffuse>
						<color sid="diffuse">
0.968627 0.968627 0.968627 1 </color>
					</diffuse>
				</phong>
			</technique>
		</profile_COMMON>
	</effect>
	<effect id="Material56-effect">
		<profile_COMMON>
			<technique sid="common">
				<phong>
					<diffuse>
						<color sid="diffuse">
0.968627 0.968627 0.968627 1 </color>
					</diffuse>
				</phong>
			</technique>
		</profile_COMMON>
	</effect>
	<effect id="Material57-effect">
		<profile_COMMON>
			<technique sid="common">
				<phong>
					<diffuse>
						<color sid="diffuse">
0.968627 0.968627 0.968627 1 </color>
					</diffuse>
				</phong>
			</technique>
		</profile_COMMON>
	</effect>
	<effect id="Material58-effect">
		<profile_COMMON>
			<technique sid="common">
				<phong>
					<diffuse>
						<color sid="diffuse">
0.968627 0.968627 0.968627 1 </color>
					</diffuse>
				</phong>
			</technique>
		</profile_COMMON>
	</effect>
	<effect id="Material59-effect">
		<profile_COMMON>
			<technique sid="common">
				<phong>
					<diffuse>
						<color sid="diffuse">
0.968627 0.968627 0.968627 1 </color>
					</diffuse>
				</phong>
			</technique>
		</profile_COMMON>
	</effect>
	<effect id="Material60-effect">
		<profile_COMMON>
			<technique sid="common">
				<phong>
					<diffuse>
						<color sid="diffuse">
0.968627 0.968627 0.968627 1 </color>
					</diffuse>
				</phong>
			</technique>
		</profile_COMMON>
	</effect>
	<effect id="Material61-effect">
		<profile_COMMON>
			<technique sid="common">
				<phong>
					<diffuse>
						<color sid="diffuse">
0.968627 0.968627 0.968627 1 </color>
					</diffuse>
				</phong>
			</technique>
		</profile_COMMON>
	</effect>
	<effect id="Material62-effect">
		<profile_COMMON>
			<technique sid="common">
				<phong>
					<diffuse>
						<color sid="diffuse">
0.968627 0.968627 0.968627 1 </color>
					</diffuse>
				</phong>
			</technique>
		</profile_COMMON>
	</effect>
	<effect id="Material63-effect">
		<profile_COMMON>
			<technique sid="common">
				<phong>
					<diffuse>
						<color sid="diffuse">
0.968627 0.968627 0.968627 1 </color>
					</diffuse>
				</phong>
			</technique>
		</profile_COMMON>
	</effect>
	<effect id="Material64-effect">
		<profile_COMMON>
			<technique sid="common">
				<phong>
					<diffuse>
						<color sid="diffuse">
0.968627 0.968627 0.968627 1 </color>
					</diffuse>
				</phong>
			</technique>
		</profile_COMMON>
	</effect>
	<effect id="Material65-effect">
		<profile_COMMON>
			<technique sid="common">
				<phong>
					<diffuse>
						<color sid="diffuse">
0.968627 0.968627 0.968627 1 </color>
					</diffuse>
				</phong>
			</technique>
		</profile_COMMON>
	</effect>
	<effect id="Material66-effect">
		<profile_COMMON>
			<technique sid="common">
				<phong>
					<diffuse>
						<color sid="diffuse">
0.968627 0.968627 0.968627 1 </color>
					</diffuse>
				</phong>
			</technique>
		</profile_COMMON>
	</effect>
	<effect id="Material67-effect">
		<profile_COMMON>
			<technique sid="common">
				<phong>
					<diffuse>
						<color sid="diffuse">
0.968627 0.968627 0.968627 1 </color>
					</diffuse>
				</phong>
			</technique>
		</profile_COMMON>
	</effect>
	<effect id="Material68-effect">
		<profile_COMMON>
			<technique sid="common">
				<phong>
					<diffuse>
						<color sid="diffuse">
0.968627 0.968627 0.968627 1 </color>
					</diffuse>
				</phong>
			</technique>
		</profile_COMMON>
	</effect>
	<effect id="Material69-effect">
		<profile_COMMON>
			<technique sid="common">
				<phong>
					<diffuse>
						<color sid="diffuse">
0.968627 0.968627 0.968627 1 </color>
					</diffuse>
				</phong>
			</technique>
		</profile_COMMON>
	</effect>
	<effect id="Material70-effect">
		<profile_COMMON>
			<technique sid="common">
				<phong>
					<diffuse>
						<color sid="diffuse">
0.968627 0.968627 0.968627 1 </color>
					</diffuse>
				</phong>
			</technique>
		</profile_COMMON>
	</effect>
	<effect id="Material71-effect">
		<profile_COMMON>
			<technique sid="common">
				<phong>
					<diffuse>
						<color sid="diffuse">
0.968627 0.968627 0.968627 1 </color>
					</diffuse>
				</phong>
			</technique>
		</profile_COMMON>
	</effect>
	<effect id="Material72-effect">
		<profile_COMMON>
			<technique sid="common">
				<phong>
					<diffuse>
						<color sid="diffuse">
0.968627 0.968627 0.968627 1 </color>
					</diffuse>
				</phong>
			</technique>
		</profile_COMMON>
	</effect>
	<effect id="Material73-effect">
		<profile_COMMON>
			<technique sid="common">
				<phong>
					<diffuse>
						<color sid="diffuse">
0.968627 0.968627 0.968627 1 </color>
					</diffuse>
				</phong>
			</technique>
		</profile_COMMON>
	</effect>
	<effect id="Material74-effect">
		<profile_COMMON>
			<technique sid="common">
				<phong>
					<diffuse>
						<color sid="diffuse">
0.968627 0.968627 0.968627 1 </color>
					</diffuse>
				</phong>
			</technique>
		</profile_COMMON>
	</effect>
	<effect id="Material75-effect">
		<profile_COMMON>
			<technique sid="common">
				<phong>
					<diffuse>
						<color sid="diffuse">
0.968627 0.968627 0.968627 1 </color>
					</diffuse>
				</phong>
			</technique>
		</profile_COMMON>
	</effect>
	<effect id="Material76-effect">
		<profile_COMMON>
			<technique sid="common">
				<phong>
					<diffuse>
						<color sid="diffuse">
0.968627 0.968627 0.968627 1 </color>
					</diffuse>
				</phong>
			</technique>
		</profile_COMMON>
	</effect>
	<effect id="Material77-effect">
		<profile_COMMON>
			<technique sid="common">
				<phong>
					<diffuse>
						<color sid="diffuse">
0.968627 0.968627 0.968627 1 </color>
					</diffuse>
				</phong>
			</technique>
		</profile_COMMON>
	</effect>
	<effect id="Material78-effect">
		<profile_COMMON>
			<technique sid="common">
				<phong>
					<diffuse>
						<color sid="diffuse">
0.968627 0.968627 0.968627 1 </color>
					</diffuse>
				</phong>
			</technique>
		</profile_COMMON>
	</effect>
	<effect id="Material79-effect">
		<profile_COMMON>
			<technique sid="common">
				<phong>
					<diffuse>
						<color sid="diffuse">
0.968627 0.968627 0.968627 1 </color>
					</diffuse>
				</phong>
			</technique>
		</profile_COMMON>
	</effect>
	<effect id="Material80-effect">
		<profile_COMMON>
			<technique sid="common">
				<phong>
					<diffuse>
						<color sid="diffuse">
0.968627 0.968627 0.968627 1 </color>
					</diffuse>
				</phong>
			</technique>
		</profile_COMMON>
	</effect>
	<effect id="Material81-effect">
		<profile_COMMON>
			<technique sid="common">
				<phong>
					<diffuse>
						<color sid="diffuse">
0.968627 0.968627 0.968627 1 </color>
					</diffuse>
				</phong>
			</technique>
		</profile_COMMON>
	</effect>
	<effect id="Material82-effect">
		<profile_COMMON>
			<technique sid="common">
				<phong>
					<diffuse>
						<color sid="diffuse">
0.968627 0.968627 0.968627 1 </color>
					</diffuse>
				</phong>
			</technique>
		</profile_COMMON>
	</effect>
	<effect id="Material83-effect">
		<profile_COMMON>
			<technique sid="common">
				<phong>
					<diffuse>
						<color sid="diffuse">
0.968627 0.968627 0.968627 1 </color>
					</diffuse>
				</phong>
			</technique>
		</profile_COMMON>
	</effect>
	<effect id="Material84-effect">
		<profile_COMMON>
			<technique sid="common">
				<phong>
					<diffuse>
						<color sid="diffuse">
0.968627 0.968627 0.968627 1 </color>
					</diffuse>
				</phong>
			</technique>
		</profile_COMMON>
	</effect>
	<effect id="Material85-effect">
		<profile_COMMON>
			<technique sid="common">
				<phong>
					<diffuse>
						<color sid="diffuse">
0.968627 0.968627 0.968627 1 </color>
					</diffuse>
				</phong>
			</technique>
		</profile_COMMON>
	</effect>
	<effect id="Material86-effect">
		<profile_COMMON>
			<technique sid="common">
				<phong>
					<diffuse>
						<color sid="diffuse">
0.968627 0.968627 0.968627 1 </color>
					</diffuse>
				</phong>
			</technique>
		</profile_COMMON>
	</effect>
	<effect id="Material87-effect">
		<profile_COMMON>
			<technique sid="common">
				<phong>
					<diffuse>
						<color sid="diffuse">
0.968627 0.968627 0.968627 1 </color>
					</diffuse>
				</phong>
			</technique>
		</profile_COMMON>
	</effect>
	<effect id="Material88-effect">
		<profile_COMMON>
			<technique sid="common">
				<phong>
					<diffuse>
						<color sid="diffuse">
0.968627 0.968627 0.968627 1 </color>
					</diffuse>
				</phong>
			</technique>
		</profile_COMMON>
	</effect>
	<effect id="Material89-effect">
		<profile_COMMON>
			<technique sid="common">
				<phong>
					<diffuse>
						<color sid="diffuse">
0.968627 0.968627 0.968627 1 </color>
					</diffuse>
				</phong>
			</technique>
		</profile_COMMON>
	</effect>
	<effect id="Material90-effect">
		<profile_COMMON>
			<technique sid="common">
				<phong>
					<diffuse>
						<color sid="diffuse">
0.968627 0.968627 0.968627 1 </color>
					</diffuse>
				</phong>
			</technique>
		</profile_COMMON>
	</effect>
	<effect id="Material91-effect">
		<profile_COMMON>
			<technique sid="common">
				<phong>
					<diffuse>
						<color sid="diffuse">
0.968627 0.968627 0.968627 1 </color>
					</diffuse>
				</phong>
			</technique>
		</profile_COMMON>
	</effect>
	<effect id="Material92-effect">
		<profile_COMMON>
			<technique sid="common">
				<phong>
					<diffuse>
						<color sid="diffuse">
0.968627 0.968627 0.968627 1 </color>
					</diffuse>
				</phong>
			</technique>
		</profile_COMMON>
	</effect>
	<effect id="Material93-effect">
		<profile_COMMON>
			<technique sid="common">
				<phong>
					<diffuse>
						<color sid="diffuse">
0.968627 0.968627 0.968627 1 </color>
					</diffuse>
				</phong>
			</technique>
		</profile_COMMON>
	</effect>
	<effect id="Material94-effect">
		<profile_COMMON>
			<technique sid="common">
				<phong>
					<diffuse>
						<color sid="diffuse">
0.968627 0.968627 0.968627 1 </color>
					</diffuse>
				</phong>
			</technique>
		</profile_COMMON>
	</effect>
	<effect id="Material95-effect">
		<profile_COMMON>
			<technique sid="common">
				<phong>
					<diffuse>
						<color sid="diffuse">
0.968627 0.968627 0.968627 1 </color>
					</diffuse>
				</phong>
			</technique>
		</profile_COMMON>
	</effect>
	<effect id="Material96-effect">
		<profile_COMMON>
			<technique sid="common">
				<phong>
					<diffuse>
						<color sid="diffuse">
0.968627 0.968627 0.968627 1 </color>
					</diffuse>
				</phong>
			</technique>
		</profile_COMMON>
	</effect>
	<effect id="Material97-effect">
		<profile_COMMON>
			<technique sid="common">
				<phong>
					<diffuse>
						<color sid="diffuse">
0.968627 0.968627 0.968627 1 </color>
					</diffuse>
				</phong>
			</technique>
		</profile_COMMON>
	</effect>
	<effect id="Material98-effect">
		<profile_COMMON>
			<technique sid="common">
				<phong>
					<diffuse>
						<color sid="diffuse">
0.968627 0.968627 0.968627 1 </color>
					</diffuse>
				</phong>
			</technique>
		</profile_COMMON>
	</effect>
	<effect id="Material99-effect">
		<profile_COMMON>
			<technique sid="common">
				<phong>
					<diffuse>
						<color sid="diffuse">
0.968627 0.968627 0.968627 1 </color>
					</diffuse>
				</phong>
			</technique>
		</profile_COMMON>
	</effect>
	<effect id="Material100-effect">
		<profile_COMMON>
			<technique sid="common">
				<phong>
					<diffuse>
						<color sid="diffuse">
0.968627 0.968627 0.968627 1 </color>
					</diffuse>
				</phong>
			</technique>
		</profile_COMMON>
	</effect>
	<effect id="Material101-effect">
		<profile_COMMON>
			<technique sid="common">
				<phong>
					<diffuse>
						<color sid="diffuse">
0.968627 0.968627 0.968627 1 </color>
					</diffuse>
				</phong>
			</technique>
		</profile_COMMON>
	</effect>
	<effect id="Material102-effect">
		<profile_COMMON>
			<technique sid="common">
				<phong>
					<diffuse>
						<color sid="diffuse">
0.968627 0.968627 0.968627 1 </color>
					</diffuse>
				</phong>
			</technique>
		</profile_COMMON>
	</effect>
	<effect id="Material103-effect">
		<profile_COMMON>
			<technique sid="common">
				<phong>
					<diffuse>
						<color sid="diffuse">
0.968627 0.968627 0.968627 1 </color>
					</diffuse>
				</phong>
			</technique>
		</profile_COMMON>
	</effect>
	<effect id="Material104-effect">
		<profile_COMMON>
			<technique sid="common">
				<phong>
					<diffuse>
						<color sid="diffuse">
0.968627 0.968627 0.968627 1 </color>
					</diffuse>
				</phong>
			</technique>
		</profile_COMMON>
	</effect>
	<effect id="Material105-effect">
		<profile_COMMON>
			<technique sid="common">
				<phong>
					<diffuse>
						<color sid="diffuse">
0.968627 0.968627 0.968627 1 </color>
					</diffuse>
				</phong>
			</technique>
		</profile_COMMON>
	</effect>
	<effect id="Material106-effect">
		<profile_COMMON>
			<technique sid="common">
				<phong>
					<diffuse>
						<color sid="diffuse">
0.968627 0.968627 0.968627 1 </color>
					</diffuse>
				</phong>
			</technique>
		</profile_COMMON>
	</effect>
	<effect id="Material107-effect">
		<profile_COMMON>
			<technique sid="common">
				<phong>
					<diffuse>
						<color sid="diffuse">
0.968627 0.968627 0.968627 1 </color>
					</diffuse>
				</phong>
			</technique>
		</profile_COMMON>
	</effect>
	<effect id="Material108-effect">
		<profile_COMMON>
			<technique sid="common">
				<phong>
					<diffuse>
						<color sid="diffuse">
0.968627 0.968627 0.968627 1 </color>
					</diffuse>
				</phong>
			</technique>
		</profile_COMMON>
	</effect>
	<effect id="Material109-effect">
		<profile_COMMON>
			<technique sid="common">
				<phong>
					<diffuse>
						<color sid="diffuse">
0.968627 0.968627 0.968627 1 </color>
					</diffuse>
				</phong>
			</technique>
		</profile_COMMON>
	</effect>
	<effect id="Material110-effect">
		<profile_COMMON>
			<technique sid="common">
				<phong>
					<diffuse>
						<color sid="diffuse">
0.968627 0.968627 0.968627 1 </color>
					</diffuse>
				</phong>
			</technique>
		</profile_COMMON>
	</effect>
	<effect id="Material111-effect">
		<profile_COMMON>
			<technique sid="common">
				<phong>
					<diffuse>
						<color sid="diffuse">
0.968627 0.968627 0.968627 1 </color>
					</diffuse>
				</phong>
			</technique>
		</profile_COMMON>
	</effect>
	<effect id="Material112-effect">
		<profile_COMMON>
			<technique sid="common">
				<phong>
					<diffuse>
						<color sid="diffuse">
0.968627 0.968627 0.968627 1 </color>
					</diffuse>
				</phong>
			</technique>
		</profile_COMMON>
	</effect>
	<effect id="Material113-effect">
		<profile_COMMON>
			<technique sid="common">
				<phong>
					<diffuse>
						<color sid="diffuse">
0.968627 0.968627 0.968627 1 </color>
					</diffuse>
				</phong>
			</technique>
		</profile_COMMON>
	</effect>
	<effect id="Material114-effect">
		<profile_COMMON>
			<technique sid="common">
				<phong>
					<diffuse>
						<color sid="diffuse">
0.968627 0.968627 0.968627 1 </color>
					</diffuse>
				</phong>
			</technique>
		</profile_COMMON>
	</effect>
	<effect id="Material115-effect">
		<profile_COMMON>
			<technique sid="common">
				<phong>
					<diffuse>
						<color sid="diffuse">
0.968627 0.968627 0.968627 1 </color>
					</diffuse>
				</phong>
			</technique>
		</profile_COMMON>
	</effect>
	<effect id="Material116-effect">
		<profile_COMMON>
			<technique sid="common">
				<phong>
					<diffuse>
						<color sid="diffuse">
0.968627 0.968627 0.968627 1 </color>
					</diffuse>
				</phong>
			</technique>
		</profile_COMMON>
	</effect>
	<effect id="Material117-effect">
		<profile_COMMON>
			<technique sid="common">
				<phong>
					<diffuse>
						<color sid="diffuse">
0.968627 0.968627 0.968627 1 </color>
					</diffuse>
				</phong>
			</technique>
		</profile_COMMON>
	</effect>
	<effect id="Material118-effect">
		<profile_COMMON>
			<technique sid="common">
				<phong>
					<diffuse>
						<color sid="diffuse">
0.968627 0.968627 0.968627 1 </color>
					</diffuse>
				</phong>
			</technique>
		</profile_COMMON>
	</effect>
	<effect id="Material119-effect">
		<profile_COMMON>
			<technique sid="common">
				<phong>
					<diffuse>
						<color sid="diffuse">
0.968627 0.968627 0.968627 1 </color>
					</diffuse>
				</phong>
			</technique>
		</profile_COMMON>
	</effect>
	<effect id="Material120-effect">
		<profile_COMMON>
			<technique sid="common">
				<phong>
					<diffuse>
						<color sid="diffuse">
0.968627 0.968627 0.968627 1 </color>
					</diffuse>
				</phong>
			</technique>
		</profile_COMMON>
	</effect>
	<effect id="Material121-effect">
		<profile_COMMON>
			<technique sid="common">
				<phong>
					<diffuse>
						<color sid="diffuse">
0.968627 0.968627 0.968627 1 </color>
					</diffuse>
				</phong>
			</technique>
		</profile_COMMON>
	</effect>
	<effect id="Material122-effect">
		<profile_COMMON>
			<technique sid="common">
				<phong>
					<diffuse>
						<color sid="diffuse">
0.968627 0.968627 0.968627 1 </color>
					</diffuse>
				</phong>
			</technique>
		</profile_COMMON>
	</effect>
	<effect id="Material123-effect">
		<profile_COMMON>
			<technique sid="common">
				<phong>
					<diffuse>
						<color sid="diffuse">
0.968627 0.968627 0.968627 1 </color>
					</diffuse>
				</phong>
			</technique>
		</profile_COMMON>
	</effect>
	<effect id="Material124-effect">
		<profile_COMMON>
			<technique sid="common">
				<phong>
					<diffuse>
						<color sid="diffuse">
0.968627 0.968627 0.968627 1 </color>
					</diffuse>
				</phong>
			</technique>
		</profile_COMMON>
	</effect>
	<effect id="Material125-effect">
		<profile_COMMON>
			<technique sid="common">
				<phong>
					<diffuse>
						<color sid="diffuse">
0.968627 0.968627 0.968627 1 </color>
					</diffuse>
				</phong>
			</technique>
		</profile_COMMON>
	</effect>
	<effect id="Material126-effect">
		<profile_COMMON>
			<technique sid="common">
				<phong>
					<diffuse>
						<color sid="diffuse">
0.968627 0.968627 0.968627 1 </color>
					</diffuse>
				</phong>
			</technique>
		</profile_COMMON>
	</effect>
	<effect id="Material127-effect">
		<profile_COMMON>
			<technique sid="common">
				<phong>
					<diffuse>
						<color sid="diffuse">
0.968627 0.968627 0.968627 1 </color>
					</diffuse>
				</phong>
			</technique>
		</profile_COMMON>
	</effect>
	<effect id="Material128-effect">
		<profile_COMMON>
			<technique sid="common">
				<phong>
					<diffuse>
						<color sid="diffuse">
0.968627 0.968627 0.968627 1 </color>
					</diffuse>
				</phong>
			</technique>
		</profile_COMMON>
	</effect>
	<effect id="Material129-effect">
		<profile_COMMON>
			<technique sid="common">
				<phong>
					<diffuse>
						<color sid="diffuse">
0.968627 0.968627 0.968627 1 </color>
					</diffuse>
				</phong>
			</technique>
		</profile_COMMON>
	</effect>
	<effect id="Material130-effect">
		<profile_COMMON>
			<technique sid="common">
				<phong>
					<diffuse>
						<color sid="diffuse">
0.968627 0.968627 0.968627 1 </color>
					</diffuse>
				</phong>
			</technique>
		</profile_COMMON>
	</effect>
	<effect id="Material131-effect">
		<profile_COMMON>
			<technique sid="common">
				<phong>
					<diffuse>
						<color sid="diffuse">
0.968627 0.968627 0.968627 1 </color>
					</diffuse>
				</phong>
			</technique>
		</profile_COMMON>
	</effect>
	<effect id="Material132-effect">
		<profile_COMMON>
			<technique sid="common">
				<phong>
					<diffuse>
						<color sid="diffuse">
0.968627 0.968627 0.968627 1 </color>
					</diffuse>
				</phong>
			</technique>
		</profile_COMMON>
	</effect>
	<effect id="Material133-effect">
		<profile_COMMON>
			<technique sid="common">
				<phong>
					<diffuse>
						<color sid="diffuse">
0.968627 0.968627 0.968627 1 </color>
					</diffuse>
				</phong>
			</technique>
		</profile_COMMON>
	</effect>
	<effect id="Material134-effect">
		<profile_COMMON>
			<technique sid="common">
				<phong>
					<diffuse>
						<color sid="diffuse">
0.968627 0.968627 0.968627 1 </color>
					</diffuse>
				</phong>
			</technique>
		</profile_COMMON>
	</effect>
	<effect id="Material135-effect">
		<profile_COMMON>
			<technique sid="common">
				<phong>
					<diffuse>
						<color sid="diffuse">
0.968627 0.968627 0.968627 1 </color>
					</diffuse>
				</phong>
			</technique>
		</profile_COMMON>
	</effect>
	<effect id="Material136-effect">
		<profile_COMMON>
			<technique sid="common">
				<phong>
					<diffuse>
						<color sid="diffuse">
0.968627 0.968627 0.968627 1 </color>
					</diffuse>
				</phong>
			</technique>
		</profile_COMMON>
	</effect>
	<effect id="Material137-effect">
		<profile_COMMON>
			<technique sid="common">
				<phong>
					<diffuse>
						<color sid="diffuse">
0.968627 0.968627 0.968627 1 </color>
					</diffuse>
				</phong>
			</technique>
		</profile_COMMON>
	</effect>
	<effect id="Material138-effect">
		<profile_COMMON>
			<technique sid="common">
				<phong>
					<diffuse>
						<color sid="diffuse">
0.968627 0.968627 0.968627 1 </color>
					</diffuse>
				</phong>
			</technique>
		</profile_COMMON>
	</effect>
	<effect id="Material139-effect">
		<profile_COMMON>
			<technique sid="common">
				<phong>
					<diffuse>
						<color sid="diffuse">
0.968627 0.968627 0.968627 1 </color>
					</diffuse>
				</phong>
			</technique>
		</profile_COMMON>
	</effect>
	<effect id="Material140-effect">
		<profile_COMMON>
			<technique sid="common">
				<phong>
					<diffuse>
						<color sid="diffuse">
0.968627 0.968627 0.968627 1 </color>
					</diffuse>
				</phong>
			</technique>
		</profile_COMMON>
	</effect>
	<effect id="Material141-effect">
		<profile_COMMON>
			<technique sid="common">
				<phong>
					<diffuse>
						<color sid="diffuse">
0.968627 0.968627 0.968627 1 </color>
					</diffuse>
				</phong>
			</technique>
		</profile_COMMON>
	</effect>
	<effect id="Material142-effect">
		<profile_COMMON>
			<technique sid="common">
				<phong>
					<diffuse>
						<color sid="diffuse">
0.968627 0.968627 0.968627 1 </color>
					</diffuse>
				</phong>
			</technique>
		</profile_COMMON>
	</effect>
	<effect id="Material143-effect">
		<profile_COMMON>
			<technique sid="common">
				<phong>
					<diffuse>
						<color sid="diffuse">
0.968627 0.968627 0.968627 1 </color>
					</diffuse>
				</phong>
			</technique>
		</profile_COMMON>
	</effect>
	<effect id="Material144-effect">
		<profile_COMMON>
			<technique sid="common">
				<phong>
					<diffuse>
						<color sid="diffuse">
0.968627 0.968627 0.968627 1 </color>
					</diffuse>
				</phong>
			</technique>
		</profile_COMMON>
	</effect>
	<effect id="Material145-effect">
		<profile_COMMON>
			<technique sid="common">
				<phong>
					<diffuse>
						<color sid="diffuse">
0.968627 0.968627 0.968627 1 </color>
					</diffuse>
				</phong>
			</technique>
		</profile_COMMON>
	</effect>
	<effect id="Material146-effect">
		<profile_COMMON>
			<technique sid="common">
				<phong>
					<diffuse>
						<color sid="diffuse">
0.968627 0.968627 0.968627 1 </color>
					</diffuse>
				</phong>
			</technique>
		</profile_COMMON>
	</effect>
	<effect id="Material147-effect">
		<profile_COMMON>
			<technique sid="common">
				<phong>
					<diffuse>
						<color sid="diffuse">
0.968627 0.968627 0.968627 1 </color>
					</diffuse>
				</phong>
			</technique>
		</profile_COMMON>
	</effect>
	<effect id="Material148-effect">
		<profile_COMMON>
			<technique sid="common">
				<phong>
					<diffuse>
						<color sid="diffuse">
0.968627 0.968627 0.968627 1 </color>
					</diffuse>
				</phong>
			</technique>
		</profile_COMMON>
	</effect>
	<effect id="Material149-effect">
		<profile_COMMON>
			<technique sid="common">
				<phong>
					<diffuse>
						<color sid="diffuse">
0.968627 0.968627 0.968627 1 </color>
					</diffuse>
				</phong>
			</technique>
		</profile_COMMON>
	</effect>
	<effect id="Material150-effect">
		<profile_COMMON>
			<technique sid="common">
				<phong>
					<diffuse>
						<color sid="diffuse">
0.968627 0.968627 0.968627 1 </color>
					</diffuse>
				</phong>
			</technique>
		</profile_COMMON>
	</effect>
	<effect id="Material151-effect">
		<profile_COMMON>
			<technique sid="common">
				<phong>
					<diffuse>
						<color sid="diffuse">
0.968627 0.968627 0.968627 1 </color>
					</diffuse>
				</phong>
			</technique>
		</profile_COMMON>
	</effect>
	<effect id="Material152-effect">
		<profile_COMMON>
			<technique sid="common">
				<phong>
					<diffuse>
						<color sid="diffuse">
0.968627 0.968627 0.968627 1 </color>
					</diffuse>
				</phong>
			</technique>
		</profile_COMMON>
	</effect>
	<effect id="Material153-effect">
		<profile_COMMON>
			<technique sid="common">
				<phong>
					<diffuse>
						<color sid="diffuse">
0.968627 0.968627 0.968627 1 </color>
					</diffuse>
				</phong>
			</technique>
		</profile_COMMON>
	</effect>
	<effect id="Material154-effect">
		<profile_COMMON>
			<technique sid="common">
				<phong>
					<diffuse>
						<color sid="diffuse">
0.968627 0.968627 0.968627 1 </color>
					</diffuse>
				</phong>
			</technique>
		</profile_COMMON>
	</effect>
	<effect id="Material155-effect">
		<profile_COMMON>
			<technique sid="common">
				<phong>
					<diffuse>
						<color sid="diffuse">
0.968627 0.968627 0.968627 1 </color>
					</diffuse>
				</phong>
			</technique>
		</profile_COMMON>
	</effect>
	<effect id="Material156-effect">
		<profile_COMMON>
			<technique sid="common">
				<phong>
					<diffuse>
						<color sid="diffuse">
0.968627 0.968627 0.968627 1 </color>
					</diffuse>
				</phong>
			</technique>
		</profile_COMMON>
	</effect>
	<effect id="Material157-effect">
		<profile_COMMON>
			<technique sid="common">
				<phong>
					<diffuse>
						<color sid="diffuse">
0.968627 0.968627 0.968627 1 </color>
					</diffuse>
				</phong>
			</technique>
		</profile_COMMON>
	</effect>
	<effect id="Material158-effect">
		<profile_COMMON>
			<technique sid="common">
				<phong>
					<diffuse>
						<color sid="diffuse">
0.968627 0.968627 0.968627 1 </color>
					</diffuse>
				</phong>
			</technique>
		</profile_COMMON>
	</effect>
	<effect id="Material159-effect">
		<profile_COMMON>
			<technique sid="common">
				<phong>
					<diffuse>
						<color sid="diffuse">
0.968627 0.968627 0.968627 1 </color>
					</diffuse>
				</phong>
			</technique>
		</profile_COMMON>
	</effect>
	<effect id="Material160-effect">
		<profile_COMMON>
			<technique sid="common">
				<phong>
					<diffuse>
						<color sid="diffuse">
0.968627 0.968627 0.968627 1 </color>
					</diffuse>
				</phong>
			</technique>
		</profile_COMMON>
	</effect>
	<effect id="Material161-effect">
		<profile_COMMON>
			<technique sid="common">
				<phong>
					<diffuse>
						<color sid="diffuse">
0.968627 0.968627 0.968627 1 </color>
					</diffuse>
				</phong>
			</technique>
		</profile_COMMON>
	</effect>
	<effect id="Material162-effect">
		<profile_COMMON>
			<technique sid="common">
				<phong>
					<diffuse>
						<color sid="diffuse">
0.968627 0.968627 0.968627 1 </color>
					</diffuse>
				</phong>
			</technique>
		</profile_COMMON>
	</effect>
	<effect id="Material163-effect">
		<profile_COMMON>
			<technique sid="common">
				<phong>
					<diffuse>
						<color sid="diffuse">
0.968627 0.968627 0.968627 1 </color>
					</diffuse>
				</phong>
			</technique>
		</profile_COMMON>
	</effect>
	<effect id="Material164-effect">
		<profile_COMMON>
			<technique sid="common">
				<phong>
					<diffuse>
						<color sid="diffuse">
0.968627 0.968627 0.968627 1 </color>
					</diffuse>
				</phong>
			</technique>
		</profile_COMMON>
	</effect>
	<effect id="Material165-effect">
		<profile_COMMON>
			<technique sid="common">
				<phong>
					<diffuse>
						<color sid="diffuse">
0.968627 0.968627 0.968627 1 </color>
					</diffuse>
				</phong>
			</technique>
		</profile_COMMON>
	</effect>
	<effect id="Material166-effect">
		<profile_COMMON>
			<technique sid="common">
				<phong>
					<diffuse>
						<color sid="diffuse">
0.968627 0.968627 0.968627 1 </color>
					</diffuse>
				</phong>
			</technique>
		</profile_COMMON>
	</effect>
	<effect id="Material167-effect">
		<profile_COMMON>
			<technique sid="common">
				<phong>
					<diffuse>
						<color sid="diffuse">
0.968627 0.968627 0.968627 1 </color>
					</diffuse>
				</phong>
			</technique>
		</profile_COMMON>
	</effect>
	<effect id="Material168-effect">
		<profile_COMMON>
			<technique sid="common">
				<phong>
					<diffuse>
						<color sid="diffuse">
0.968627 0.968627 0.968627 1 </color>
					</diffuse>
				</phong>
			</technique>
		</profile_COMMON>
	</effect>
	<effect id="Material169-effect">
		<profile_COMMON>
			<technique sid="common">
				<phong>
					<diffuse>
						<color sid="diffuse">
0.968627 0.968627 0.968627 1 </color>
					</diffuse>
				</phong>
			</technique>
		</profile_COMMON>
	</effect>
	<effect id="Material170-effect">
		<profile_COMMON>
			<technique sid="common">
				<phong>
					<diffuse>
						<color sid="diffuse">
0.968627 0.968627 0.968627 1 </color>
					</diffuse>
				</phong>
			</technique>
		</profile_COMMON>
	</effect>
	<effect id="Material171-effect">
		<profile_COMMON>
			<technique sid="common">
				<phong>
					<diffuse>
						<color sid="diffuse">
0.968627 0.968627 0.968627 1 </color>
					</diffuse>
				</phong>
			</technique>
		</profile_COMMON>
	</effect>
	<effect id="Material172-effect">
		<profile_COMMON>
			<technique sid="common">
				<phong>
					<diffuse>
						<color sid="diffuse">
0.968627 0.968627 0.968627 1 </color>
					</diffuse>
				</phong>
			</technique>
		</profile_COMMON>
	</effect>
	<effect id="Material173-effect">
		<profile_COMMON>
			<technique sid="common">
				<phong>
					<diffuse>
						<color sid="diffuse">
0.968627 0.968627 0.968627 1 </color>
					</diffuse>
				</phong>
			</technique>
		</profile_COMMON>
	</effect>
	<effect id="Material174-effect">
		<profile_COMMON>
			<technique sid="common">
				<phong>
					<diffuse>
						<color sid="diffuse">
0.968627 0.968627 0.968627 1 </color>
					</diffuse>
				</phong>
			</technique>
		</profile_COMMON>
	</effect>
	<effect id="Material175-effect">
		<profile_COMMON>
			<technique sid="common">
				<phong>
					<diffuse>
						<color sid="diffuse">
0.968627 0.968627 0.968627 1 </color>
					</diffuse>
				</phong>
			</technique>
		</profile_COMMON>
	</effect>
	<effect id="Material176-effect">
		<profile_COMMON>
			<technique sid="common">
				<phong>
					<diffuse>
						<color sid="diffuse">
0.968627 0.968627 0.968627 1 </color>
					</diffuse>
				</phong>
			</technique>
		</profile_COMMON>
	</effect>
	<effect id="Material177-effect">
		<profile_COMMON>
			<technique sid="common">
				<phong>
					<diffuse>
						<color sid="diffuse">
0.968627 0.968627 0.968627 1 </color>
					</diffuse>
				</phong>
			</technique>
		</profile_COMMON>
	</effect>
	<effect id="Material178-effect">
		<profile_COMMON>
			<technique sid="common">
				<phong>
					<diffuse>
						<color sid="diffuse">
0.968627 0.968627 0.968627 1 </color>
					</diffuse>
				</phong>
			</technique>
		</profile_COMMON>
	</effect>
	<effect id="Material179-effect">
		<profile_COMMON>
			<technique sid="common">
				<phong>
					<diffuse>
						<color sid="diffuse">
0.968627 0.968627 0.968627 1 </color>
					</diffuse>
				</phong>
			</technique>
		</profile_COMMON>
	</effect>
	<effect id="Material180-effect">
		<profile_COMMON>
			<technique sid="common">
				<phong>
					<diffuse>
						<color sid="diffuse">
0.968627 0.968627 0.968627 1 </color>
					</diffuse>
				</phong>
			</technique>
		</profile_COMMON>
	</effect>
	<effect id="Material181-effect">
		<profile_COMMON>
			<technique sid="common">
				<phong>
					<diffuse>
						<color sid="diffuse">
0.968627 0.968627 0.968627 1 </color>
					</diffuse>
				</phong>
			</technique>
		</profile_COMMON>
	</effect>
	<effect id="Material182-effect">
		<profile_COMMON>
			<technique sid="common">
				<phong>
					<diffuse>
						<color sid="diffuse">
0.968627 0.968627 0.968627 1 </color>
					</diffuse>
				</phong>
			</technique>
		</profile_COMMON>
	</effect>
	<effect id="Material183-effect">
		<profile_COMMON>
			<technique sid="common">
				<phong>
					<diffuse>
						<color sid="diffuse">
0.968627 0.968627 0.968627 1 </color>
					</diffuse>
				</phong>
			</technique>
		</profile_COMMON>
	</effect>
	<effect id="Material184-effect">
		<profile_COMMON>
			<technique sid="common">
				<phong>
					<diffuse>
						<color sid="diffuse">
0.968627 0.968627 0.968627 1 </color>
					</diffuse>
				</phong>
			</technique>
		</profile_COMMON>
	</effect>
	<effect id="Material185-effect">
		<profile_COMMON>
			<technique sid="common">
				<phong>
					<diffuse>
						<color sid="diffuse">
0.968627 0.968627 0.968627 1 </color>
					</diffuse>
				</phong>
			</technique>
		</profile_COMMON>
	</effect>
	<effect id="Material186-effect">
		<profile_COMMON>
			<technique sid="common">
				<phong>
					<diffuse>
						<color sid="diffuse">
0.968627 0.968627 0.968627 1 </color>
					</diffuse>
				</phong>
			</technique>
		</profile_COMMON>
	</effect>
	<effect id="Material187-effect">
		<profile_COMMON>
			<technique sid="common">
				<phong>
					<diffuse>
						<color sid="diffuse">
0.968627 0.968627 0.968627 1 </color>
					</diffuse>
				</phong>
			</technique>
		</profile_COMMON>
	</effect>
	<effect id="Material188-effect">
		<profile_COMMON>
			<technique sid="common">
				<phong>
					<diffuse>
						<color sid="diffuse">
0.968627 0.968627 0.968627 1 </color>
					</diffuse>
				</phong>
			</technique>
		</profile_COMMON>
	</effect>
	<effect id="Material189-effect">
		<profile_COMMON>
			<technique sid="common">
				<phong>
					<diffuse>
						<color sid="diffuse">
0.968627 0.968627 0.968627 1 </color>
					</diffuse>
				</phong>
			</technique>
		</profile_COMMON>
	</effect>
	<effect id="Material190-effect">
		<profile_COMMON>
			<technique sid="common">
				<phong>
					<diffuse>
						<color sid="diffuse">
0.968627 0.968627 0.968627 1 </color>
					</diffuse>
				</phong>
			</technique>
		</profile_COMMON>
	</effect>
	<effect id="Material191-effect">
		<profile_COMMON>
			<technique sid="common">
				<phong>
					<diffuse>
						<color sid="diffuse">
0.968627 0.968627 0.968627 1 </color>
					</diffuse>
				</phong>
			</technique>
		</profile_COMMON>
	</effect>
	<effect id="Material192-effect">
		<profile_COMMON>
			<technique sid="common">
				<phong>
					<diffuse>
						<color sid="diffuse">
0.968627 0.968627 0.968627 1 </color>
					</diffuse>
				</phong>
			</technique>
		</profile_COMMON>
	</effect>
	<effect id="Material193-effect">
		<profile_COMMON>
			<technique sid="common">
				<phong>
					<diffuse>
						<color sid="diffuse">
0.968627 0.968627 0.968627 1 </color>
					</diffuse>
				</phong>
			</technique>
		</profile_COMMON>
	</effect>
	<effect id="Material194-effect">
		<profile_COMMON>
			<technique sid="common">
				<phong>
					<diffuse>
						<color sid="diffuse">
0.968627 0.968627 0.968627 1 </color>
					</diffuse>
				</phong>
			</technique>
		</profile_COMMON>
	</effect>
	<effect id="Material195-effect">
		<profile_COMMON>
			<technique sid="common">
				<phong>
					<diffuse>
						<color sid="diffuse">
0.968627 0.968627 0.968627 1 </color>
					</diffuse>
				</phong>
			</technique>
		</profile_COMMON>
	</effect>
	<effect id="Material196-effect">
		<profile_COMMON>
			<technique sid="common">
				<phong>
					<diffuse>
						<color sid="diffuse">
0.968627 0.968627 0.968627 1 </color>
					</diffuse>
				</phong>
			</technique>
		</profile_COMMON>
	</effect>
	<effect id="Material197-effect">
		<profile_COMMON>
			<technique sid="common">
				<phong>
					<diffuse>
						<color sid="diffuse">
0.968627 0.968627 0.968627 1 </color>
					</diffuse>
				</phong>
			</technique>
		</profile_COMMON>
	</effect>
	<effect id="Material198-effect">
		<profile_COMMON>
			<technique sid="common">
				<phong>
					<diffuse>
						<color sid="diffuse">
0.968627 0.968627 0.968627 1 </color>
					</diffuse>
				</phong>
			</technique>
		</profile_COMMON>
	</effect>
	<effect id="Material199-effect">
		<profile_COMMON>
			<technique sid="common">
				<phong>
					<diffuse>
						<color sid="diffuse">
0.968627 0.968627 0.968627 1 </color>
					</diffuse>
				</phong>
			</technique>
		</profile_COMMON>
	</effect>
	<effect id="Material200-effect">
		<profile_COMMON>
			<technique sid="common">
				<phong>
					<diffuse>
						<color sid="diffuse">
0.968627 0.968627 0.968627 1 </color>
					</diffuse>
				</phong>
			</technique>
		</profile_COMMON>
	</effect>
	<effect id="Material201-effect">
		<profile_COMMON>
			<technique sid="common">
				<phong>
					<diffuse>
						<color sid="diffuse">
0.968627 0.968627 0.968627 1 </color>
					</diffuse>
				</phong>
			</technique>
		</profile_COMMON>
	</effect>
	<effect id="Material202-effect">
		<profile_COMMON>
			<technique sid="common">
				<phong>
					<diffuse>
						<color sid="diffuse">
0.968627 0.968627 0.968627 1 </color>
					</diffuse>
				</phong>
			</technique>
		</profile_COMMON>
	</effect>
	<effect id="Material203-effect">
		<profile_COMMON>
			<technique sid="common">
				<phong>
					<diffuse>
						<color sid="diffuse">
0.968627 0.968627 0.968627 1 </color>
					</diffuse>
				</phong>
			</technique>
		</profile_COMMON>
	</effect>
	<effect id="Material204-effect">
		<profile_COMMON>
			<technique sid="common">
				<phong>
					<diffuse>
						<color sid="diffuse">
0.968627 0.968627 0.968627 1 </color>
					</diffuse>
				</phong>
			</technique>
		</profile_COMMON>
	</effect>
	<effect id="Material205-effect">
		<profile_COMMON>
			<technique sid="common">
				<phong>
					<diffuse>
						<color sid="diffuse">
0.968627 0.968627 0.968627 1 </color>
					</diffuse>
				</phong>
			</technique>
		</profile_COMMON>
	</effect>
	<effect id="Material206-effect">
		<profile_COMMON>
			<technique sid="common">
				<phong>
					<diffuse>
						<color sid="diffuse">
0.968627 0.968627 0.968627 1 </color>
					</diffuse>
				</phong>
			</technique>
		</profile_COMMON>
	</effect>
	<effect id="Material207-effect">
		<profile_COMMON>
			<technique sid="common">
				<phong>
					<diffuse>
						<color sid="diffuse">
0.968627 0.968627 0.968627 1 </color>
					</diffuse>
				</phong>
			</technique>
		</profile_COMMON>
	</effect>
	<effect id="Material208-effect">
		<profile_COMMON>
			<technique sid="common">
				<phong>
					<diffuse>
						<color sid="diffuse">
0.968627 0.968627 0.968627 1 </color>
					</diffuse>
				</phong>
			</technique>
		</profile_COMMON>
	</effect>
	<effect id="Material209-effect">
		<profile_COMMON>
			<technique sid="common">
				<phong>
					<diffuse>
						<color sid="diffuse">
0.968627 0.968627 0.968627 1 </color>
					</diffuse>
				</phong>
			</technique>
		</profile_COMMON>
	</effect>
	<effect id="Material210-effect">
		<profile_COMMON>
			<technique sid="common">
				<phong>
					<diffuse>
						<color sid="diffuse">
0.968627 0.968627 0.968627 1 </color>
					</diffuse>
				</phong>
			</technique>
		</profile_COMMON>
	</effect>
	<effect id="Material211-effect">
		<profile_COMMON>
			<technique sid="common">
				<phong>
					<diffuse>
						<color sid="diffuse">
0.968627 0.968627 0.968627 1 </color>
					</diffuse>
				</phong>
			</technique>
		</profile_COMMON>
	</effect>
	<effect id="Material212-effect">
		<profile_COMMON>
			<technique sid="common">
				<phong>
					<diffuse>
						<color sid="diffuse">
0.968627 0.968627 0.968627 1 </color>
					</diffuse>
				</phong>
			</technique>
		</profile_COMMON>
	</effect>
	<effect id="Material213-effect">
		<profile_COMMON>
			<technique sid="common">
				<phong>
					<diffuse>
						<color sid="diffuse">
0.968627 0.968627 0.968627 1 </color>
					</diffuse>
				</phong>
			</technique>
		</profile_COMMON>
	</effect>
	<effect id="Material214-effect">
		<profile_COMMON>
			<technique sid="common">
				<phong>
					<diffuse>
						<color sid="diffuse">
0.968627 0.968627 0.968627 1 </color>
					</diffuse>
				</phong>
			</technique>
		</profile_COMMON>
	</effect>
	<effect id="Material215-effect">
		<profile_COMMON>
			<technique sid="common">
				<phong>
					<diffuse>
						<color sid="diffuse">
0.968627 0.968627 0.968627 1 </color>
					</diffuse>
				</phong>
			</technique>
		</profile_COMMON>
	</effect>
	<effect id="Material216-effect">
		<profile_COMMON>
			<technique sid="common">
				<phong>
					<diffuse>
						<color sid="diffuse">
0.968627 0.968627 0.968627 1 </color>
					</diffuse>
				</phong>
			</technique>
		</profile_COMMON>
	</effect>
	<effect id="Material217-effect">
		<profile_COMMON>
			<technique sid="common">
				<phong>
					<diffuse>
						<color sid="diffuse">
0.968627 0.968627 0.968627 1 </color>
					</diffuse>
				</phong>
			</technique>
		</profile_COMMON>
	</effect>
	<effect id="Material218-effect">
		<profile_COMMON>
			<technique sid="common">
				<phong>
					<diffuse>
						<color sid="diffuse">
0.968627 0.968627 0.968627 1 </color>
					</diffuse>
				</phong>
			</technique>
		</profile_COMMON>
	</effect>
	<effect id="Material219-effect">
		<profile_COMMON>
			<technique sid="common">
				<phong>
					<diffuse>
						<color sid="diffuse">
0.968627 0.968627 0.968627 1 </color>
					</diffuse>
				</phong>
			</technique>
		</profile_COMMON>
	</effect>
	<effect id="Material220-effect">
		<profile_COMMON>
			<technique sid="common">
				<phong>
					<diffuse>
						<color sid="diffuse">
0.968627 0.968627 0.968627 1 </color>
					</diffuse>
				</phong>
			</technique>
		</profile_COMMON>
	</effect>
	<effect id="Material221-effect">
		<profile_COMMON>
			<technique sid="common">
				<phong>
					<diffuse>
						<color sid="diffuse">
0.968627 0.968627 0.968627 1 </color>
					</diffuse>
				</phong>
			</technique>
		</profile_COMMON>
	</effect>
	<effect id="Material222-effect">
		<profile_COMMON>
			<technique sid="common">
				<phong>
					<diffuse>
						<color sid="diffuse">
0.968627 0.968627 0.968627 1 </color>
					</diffuse>
				</phong>
			</technique>
		</profile_COMMON>
	</effect>
	<effect id="Material223-effect">
		<profile_COMMON>
			<technique sid="common">
				<phong>
					<diffuse>
						<color sid="diffuse">
0.968627 0.968627 0.968627 1 </color>
					</diffuse>
				</phong>
			</technique>
		</profile_COMMON>
	</effect>
	<effect id="Material224-effect">
		<profile_COMMON>
			<technique sid="common">
				<phong>
					<diffuse>
						<color sid="diffuse">
0.968627 0.968627 0.968627 1 </color>
					</diffuse>
				</phong>
			</technique>
		</profile_COMMON>
	</effect>
	<effect id="Material225-effect">
		<profile_COMMON>
			<technique sid="common">
				<phong>
					<diffuse>
						<color sid="diffuse">
0.968627 0.968627 0.968627 1 </color>
					</diffuse>
				</phong>
			</technique>
		</profile_COMMON>
	</effect>
	<effect id="Material226-effect">
		<profile_COMMON>
			<technique sid="common">
				<phong>
					<diffuse>
						<color sid="diffuse">
0.968627 0.968627 0.968627 1 </color>
					</diffuse>
				</phong>
			</technique>
		</profile_COMMON>
	</effect>
	<effect id="Material227-effect">
		<profile_COMMON>
			<technique sid="common">
				<phong>
					<diffuse>
						<color sid="diffuse">
0.968627 0.968627 0.968627 1 </color>
					</diffuse>
				</phong>
			</technique>
		</profile_COMMON>
	</effect>
	<effect id="Material228-effect">
		<profile_COMMON>
			<technique sid="common">
				<phong>
					<diffuse>
						<color sid="diffuse">
0.968627 0.968627 0.968627 1 </color>
					</diffuse>
				</phong>
			</technique>
		</profile_COMMON>
	</effect>
	<effect id="Material229-effect">
		<profile_COMMON>
			<technique sid="common">
				<phong>
					<diffuse>
						<color sid="diffuse">
0.968627 0.968627 0.968627 1 </color>
					</diffuse>
				</phong>
			</technique>
		</profile_COMMON>
	</effect>
	<effect id="Material230-effect">
		<profile_COMMON>
			<technique sid="common">
				<phong>
					<diffuse>
						<color sid="diffuse">
0.968627 0.968627 0.968627 1 </color>
					</diffuse>
				</phong>
			</technique>
		</profile_COMMON>
	</effect>
	<effect id="Material231-effect">
		<profile_COMMON>
			<technique sid="common">
				<phong>
					<diffuse>
						<color sid="diffuse">
0.968627 0.968627 0.968627 1 </color>
					</diffuse>
				</phong>
			</technique>
		</profile_COMMON>
	</effect>
	<effect id="Material232-effect">
		<profile_COMMON>
			<technique sid="common">
				<phong>
					<diffuse>
						<color sid="diffuse">
0.968627 0.968627 0.968627 1 </color>
					</diffuse>
				</phong>
			</technique>
		</profile_COMMON>
	</effect>
	<effect id="Material233-effect">
		<profile_COMMON>
			<technique sid="common">
				<phong>
					<diffuse>
						<color sid="diffuse">
0.968627 0.968627 0.968627 1 </color>
					</diffuse>
				</phong>
			</technique>
		</profile_COMMON>
	</effect>
	<effect id="Material234-effect">
		<profile_COMMON>
			<technique sid="common">
				<phong>
					<diffuse>
						<color sid="diffuse">
0.968627 0.968627 0.968627 1 </color>
					</diffuse>
				</phong>
			</technique>
		</profile_COMMON>
	</effect>
	<effect id="Material235-effect">
		<profile_COMMON>
			<technique sid="common">
				<phong>
					<diffuse>
						<color sid="diffuse">
0.968627 0.968627 0.968627 1 </color>
					</diffuse>
				</phong>
			</technique>
		</profile_COMMON>
	</effect>
	<effect id="Material236-effect">
		<profile_COMMON>
			<technique sid="common">
				<phong>
					<diffuse>
						<color sid="diffuse">
0.968627 0.968627 0.968627 1 </color>
					</diffuse>
				</phong>
			</technique>
		</profile_COMMON>
	</effect>
	<effect id="Material237-effect">
		<profile_COMMON>
			<technique sid="common">
				<phong>
					<diffuse>
						<color sid="diffuse">
0.968627 0.968627 0.968627 1 </color>
					</diffuse>
				</phong>
			</technique>
		</profile_COMMON>
	</effect>
	<effect id="Material238-effect">
		<profile_COMMON>
			<technique sid="common">
				<phong>
					<diffuse>
						<color sid="diffuse">
0.968627 0.968627 0.968627 1 </color>
					</diffuse>
				</phong>
			</technique>
		</profile_COMMON>
	</effect>
	<effect id="Material239-effect">
		<profile_COMMON>
			<technique sid="common">
				<phong>
					<diffuse>
						<color sid="diffuse">
0.968627 0.968627 0.968627 1 </color>
					</diffuse>
				</phong>
			</technique>
		</profile_COMMON>
	</effect>
	<effect id="Material240-effect">
		<profile_COMMON>
			<technique sid="common">
				<phong>
					<diffuse>
						<color sid="diffuse">
0.968627 0.968627 0.968627 1 </color>
					</diffuse>
				</phong>
			</technique>
		</profile_COMMON>
	</effect>
	<effect id="Material241-effect">
		<profile_COMMON>
			<technique sid="common">
				<phong>
					<diffuse>
						<color sid="diffuse">
0.968627 0.968627 0.968627 1 </color>
					</diffuse>
				</phong>
			</technique>
		</profile_COMMON>
	</effect>
	<effect id="Material242-effect">
		<profile_COMMON>
			<technique sid="common">
				<phong>
					<diffuse>
						<color sid="diffuse">
0.968627 0.968627 0.968627 1 </color>
					</diffuse>
				</phong>
			</technique>
		</profile_COMMON>
	</effect>
	<effect id="Material243-effect">
		<profile_COMMON>
			<technique sid="common">
				<phong>
					<diffuse>
						<color sid="diffuse">
0.968627 0.968627 0.968627 1 </color>
					</diffuse>
				</phong>
			</technique>
		</profile_COMMON>
	</effect>
	<effect id="Material244-effect">
		<profile_COMMON>
			<technique sid="common">
				<phong>
					<diffuse>
						<color sid="diffuse">
0.968627 0.968627 0.968627 1 </color>
					</diffuse>
				</phong>
			</technique>
		</profile_COMMON>
	</effect>
	<effect id="Material245-effect">
		<profile_COMMON>
			<technique sid="common">
				<phong>
					<diffuse>
						<color sid="diffuse">
0.968627 0.968627 0.968627 1 </color>
					</diffuse>
				</phong>
			</technique>
		</profile_COMMON>
	</effect>
	<effect id="Material246-effect">
		<profile_COMMON>
			<technique sid="common">
				<phong>
					<diffuse>
						<color sid="diffuse">
0.968627 0.968627 0.968627 1 </color>
					</diffuse>
				</phong>
			</technique>
		</profile_COMMON>
	</effect>
	<effect id="Material247-effect">
		<profile_COMMON>
			<technique sid="common">
				<phong>
					<diffuse>
						<color sid="diffuse">
0.968627 0.968627 0.968627 1 </color>
					</diffuse>
				</phong>
			</technique>
		</profile_COMMON>
	</effect>
	<effect id="Material248-effect">
		<profile_COMMON>
			<technique sid="common">
				<phong>
					<diffuse>
						<color sid="diffuse">
0.968627 0.968627 0.968627 1 </color>
					</diffuse>
				</phong>
			</technique>
		</profile_COMMON>
	</effect>
	<effect id="Material249-effect">
		<profile_COMMON>
			<technique sid="common">
				<phong>
					<diffuse>
						<color sid="diffuse">
0.968627 0.968627 0.968627 1 </color>
					</diffuse>
				</phong>
			</technique>
		</profile_COMMON>
	</effect>
	<effect id="Material250-effect">
		<profile_COMMON>
			<technique sid="common">
				<phong>
					<diffuse>
						<color sid="diffuse">
0.968627 0.968627 0.968627 1 </color>
					</diffuse>
				</phong>
			</technique>
		</profile_COMMON>
	</effect>
	<effect id="Material251-effect">
		<profile_COMMON>
			<technique sid="common">
				<phong>
					<diffuse>
						<color sid="diffuse">
0.968627 0.968627 0.968627 1 </color>
					</diffuse>
				</phong>
			</technique>
		</profile_COMMON>
	</effect>
	<effect id="Material252-effect">
		<profile_COMMON>
			<technique sid="common">
				<phong>
					<diffuse>
						<color sid="diffuse">
0.968627 0.968627 0.968627 1 </color>
					</diffuse>
				</phong>
			</technique>
		</profile_COMMON>
	</effect>
	<effect id="Material253-effect">
		<profile_COMMON>
			<technique sid="common">
				<phong>
					<diffuse>
						<color sid="diffuse">
0.968627 0.968627 0.968627 1 </color>
					</diffuse>
				</phong>
			</technique>
		</profile_COMMON>
	</effect>
	<effect id="Material254-effect">
		<profile_COMMON>
			<technique sid="common">
				<phong>
					<diffuse>
						<color sid="diffuse">
0.968627 0.968627 0.968627 1 </color>
					</diffuse>
				</phong>
			</technique>
		</profile_COMMON>
	</effect>
	<effect id="Material255-effect">
		<profile_COMMON>
			<technique sid="common">
				<phong>
					<diffuse>
						<color sid="diffuse">
0.968627 0.968627 0.968627 1 </color>
					</diffuse>
				</phong>
			</technique>
		</profile_COMMON>
	</effect>
	<effect id="Material256-effect">
		<profile_COMMON>
			<technique sid="common">
				<phong>
					<diffuse>
						<color sid="diffuse">
0.968627 0.968627 0.968627 1 </color>
					</diffuse>
				</phong>
			</technique>
		</profile_COMMON>
	</effect>
	<effect id="Material257-effect">
		<profile_COMMON>
			<technique sid="common">
				<phong>
					<diffuse>
						<color sid="diffuse">
0.968627 0.968627 0.968627 1 </color>
					</diffuse>
				</phong>
			</technique>
		</profile_COMMON>
	</effect>
	<effect id="Material258-effect">
		<profile_COMMON>
			<technique sid="common">
				<phong>
					<diffuse>
						<color sid="diffuse">
0.968627 0.968627 0.968627 1 </color>
					</diffuse>
				</phong>
			</technique>
		</profile_COMMON>
	</effect>
	<effect id="Material259-effect">
		<profile_COMMON>
			<technique sid="common">
				<phong>
					<diffuse>
						<color sid="diffuse">
0.968627 0.968627 0.968627 1 </color>
					</diffuse>
				</phong>
			</technique>
		</profile_COMMON>
	</effect>
	<effect id="Material260-effect">
		<profile_COMMON>
			<technique sid="common">
				<phong>
					<diffuse>
						<color sid="diffuse">
0.968627 0.968627 0.968627 1 </color>
					</diffuse>
				</phong>
			</technique>
		</profile_COMMON>
	</effect>
	<effect id="Material261-effect">
		<profile_COMMON>
			<technique sid="common">
				<phong>
					<diffuse>
						<color sid="diffuse">
0.968627 0.968627 0.968627 1 </color>
					</diffuse>
				</phong>
			</technique>
		</profile_COMMON>
	</effect>
	<effect id="Material262-effect">
		<profile_COMMON>
			<technique sid="common">
				<phong>
					<diffuse>
						<color sid="diffuse">
0.968627 0.968627 0.968627 1 </color>
					</diffuse>
				</phong>
			</technique>
		</profile_COMMON>
	</effect>
	<effect id="Material263-effect">
		<profile_COMMON>
			<technique sid="common">
				<phong>
					<diffuse>
						<color sid="diffuse">
0.968627 0.968627 0.968627 1 </color>
					</diffuse>
				</phong>
			</technique>
		</profile_COMMON>
	</effect>
	<effect id="Material264-effect">
		<profile_COMMON>
			<technique sid="common">
				<phong>
					<diffuse>
						<color sid="diffuse">
0.968627 0.968627 0.968627 1 </color>
					</diffuse>
				</phong>
			</technique>
		</profile_COMMON>
	</effect>
	<effect id="Material265-effect">
		<profile_COMMON>
			<technique sid="common">
				<phong>
					<diffuse>
						<color sid="diffuse">
0.968627 0.968627 0.968627 1 </color>
					</diffuse>
				</phong>
			</technique>
		</profile_COMMON>
	</effect>
	<effect id="Material266-effect">
		<profile_COMMON>
			<technique sid="common">
				<phong>
					<diffuse>
						<color sid="diffuse">
0.968627 0.968627 0.968627 1 </color>
					</diffuse>
				</phong>
			</technique>
		</profile_COMMON>
	</effect>
	<effect id="Material267-effect">
		<profile_COMMON>
			<technique sid="common">
				<phong>
					<diffuse>
						<color sid="diffuse">
0.968627 0.968627 0.968627 1 </color>
					</diffuse>
				</phong>
			</technique>
		</profile_COMMON>
	</effect>
	<effect id="Material268-effect">
		<profile_COMMON>
			<technique sid="common">
				<phong>
					<diffuse>
						<color sid="diffuse">
0.968627 0.968627 0.968627 1 </color>
					</diffuse>
				</phong>
			</technique>
		</profile_COMMON>
	</effect>
	<effect id="Material269-effect">
		<profile_COMMON>
			<technique sid="common">
				<phong>
					<diffuse>
						<color sid="diffuse">
0.968627 0.968627 0.968627 1 </color>
					</diffuse>
				</phong>
			</technique>
		</profile_COMMON>
	</effect>
	<effect id="Material270-effect">
		<profile_COMMON>
			<technique sid="common">
				<phong>
					<diffuse>
						<color sid="diffuse">
0.968627 0.968627 0.968627 1 </color>
					</diffuse>
				</phong>
			</technique>
		</profile_COMMON>
	</effect>
	<effect id="Material271-effect">
		<profile_COMMON>
			<technique sid="common">
				<phong>
					<diffuse>
						<color sid="diffuse">
0.968627 0.968627 0.968627 1 </color>
					</diffuse>
				</phong>
			</technique>
		</profile_COMMON>
	</effect>
	<effect id="Material272-effect">
		<profile_COMMON>
			<technique sid="common">
				<phong>
					<diffuse>
						<color sid="diffuse">
0.968627 0.968627 0.968627 1 </color>
					</diffuse>
				</phong>
			</technique>
		</profile_COMMON>
	</effect>
	<effect id="Material273-effect">
		<profile_COMMON>
			<technique sid="common">
				<phong>
					<diffuse>
						<color sid="diffuse">
0.968627 0.968627 0.968627 1 </color>
					</diffuse>
				</phong>
			</technique>
		</profile_COMMON>
	</effect>
	<effect id="Material274-effect">
		<profile_COMMON>
			<technique sid="common">
				<phong>
					<diffuse>
						<color sid="diffuse">
0.968627 0.968627 0.968627 1 </color>
					</diffuse>
				</phong>
			</technique>
		</profile_COMMON>
	</effect>
	<effect id="Material275-effect">
		<profile_COMMON>
			<technique sid="common">
				<phong>
					<diffuse>
						<color sid="diffuse">
0.968627 0.968627 0.968627 1 </color>
					</diffuse>
				</phong>
			</technique>
		</profile_COMMON>
	</effect>
	<effect id="Material276-effect">
		<profile_COMMON>
			<technique sid="common">
				<phong>
					<diffuse>
						<color sid="diffuse">
0.968627 0.968627 0.968627 1 </color>
					</diffuse>
				</phong>
			</technique>
		</profile_COMMON>
	</effect>
	<effect id="Material277-effect">
		<profile_COMMON>
			<technique sid="common">
				<phong>
					<diffuse>
						<color sid="diffuse">
0.968627 0.968627 0.968627 1 </color>
					</diffuse>
				</phong>
			</technique>
		</profile_COMMON>
	</effect>
	<effect id="Material278-effect">
		<profile_COMMON>
			<technique sid="common">
				<phong>
					<diffuse>
						<color sid="diffuse">
0.968627 0.968627 0.968627 1 </color>
					</diffuse>
				</phong>
			</technique>
		</profile_COMMON>
	</effect>
	<effect id="Material279-effect">
		<profile_COMMON>
			<technique sid="common">
				<phong>
					<diffuse>
						<color sid="diffuse">
0.968627 0.968627 0.968627 1 </color>
					</diffuse>
				</phong>
			</technique>
		</profile_COMMON>
	</effect>
	<effect id="Material280-effect">
		<profile_COMMON>
			<technique sid="common">
				<phong>
					<diffuse>
						<color sid="diffuse">
0.968627 0.968627 0.968627 1 </color>
					</diffuse>
				</phong>
			</technique>
		</profile_COMMON>
	</effect>
	<effect id="Material281-effect">
		<profile_COMMON>
			<technique sid="common">
				<phong>
					<diffuse>
						<color sid="diffuse">
0.968627 0.968627 0.968627 1 </color>
					</diffuse>
				</phong>
			</technique>
		</profile_COMMON>
	</effect>
	<effect id="Material282-effect">
		<profile_COMMON>
			<technique sid="common">
				<phong>
					<diffuse>
						<color sid="diffuse">
0.968627 0.968627 0.968627 1 </color>
					</diffuse>
				</phong>
			</technique>
		</profile_COMMON>
	</effect>
	<effect id="Material283-effect">
		<profile_COMMON>
			<technique sid="common">
				<phong>
					<diffuse>
						<color sid="diffuse">
0.968627 0.968627 0.968627 1 </color>
					</diffuse>
				</phong>
			</technique>
		</profile_COMMON>
	</effect>
	<effect id="Material284-effect">
		<profile_COMMON>
			<technique sid="common">
				<phong>
					<diffuse>
						<color sid="diffuse">
0.968627 0.968627 0.968627 1 </color>
					</diffuse>
				</phong>
			</technique>
		</profile_COMMON>
	</effect>
	<effect id="Material285-effect">
		<profile_COMMON>
			<technique sid="common">
				<phong>
					<diffuse>
						<color sid="diffuse">
0.968627 0.968627 0.968627 1 </color>
					</diffuse>
				</phong>
			</technique>
		</profile_COMMON>
	</effect>
	<effect id="Material286-effect">
		<profile_COMMON>
			<technique sid="common">
				<phong>
					<diffuse>
						<color sid="diffuse">
0.968627 0.968627 0.968627 1 </color>
					</diffuse>
				</phong>
			</technique>
		</profile_COMMON>
	</effect>
	<effect id="Material287-effect">
		<profile_COMMON>
			<technique sid="common">
				<phong>
					<diffuse>
						<color sid="diffuse">
0.968627 0.968627 0.968627 1 </color>
					</diffuse>
				</phong>
			</technique>
		</profile_COMMON>
	</effect>
	<effect id="Material288-effect">
		<profile_COMMON>
			<technique sid="common">
				<phong>
					<diffuse>
						<color sid="diffuse">
0.968627 0.968627 0.968627 1 </color>
					</diffuse>
				</phong>
			</technique>
		</profile_COMMON>
	</effect>
	<effect id="Material289-effect">
		<profile_COMMON>
			<technique sid="common">
				<phong>
					<diffuse>
						<color sid="diffuse">
0.968627 0.968627 0.968627 1 </color>
					</diffuse>
				</phong>
			</technique>
		</profile_COMMON>
	</effect>
	<effect id="Material290-effect">
		<profile_COMMON>
			<technique sid="common">
				<phong>
					<diffuse>
						<color sid="diffuse">
0.968627 0.968627 0.968627 1 </color>
					</diffuse>
				</phong>
			</technique>
		</profile_COMMON>
	</effect>
	<effect id="Material291-effect">
		<profile_COMMON>
			<technique sid="common">
				<phong>
					<diffuse>
						<color sid="diffuse">
0.968627 0.968627 0.968627 1 </color>
					</diffuse>
				</phong>
			</technique>
		</profile_COMMON>
	</effect>
	<effect id="Material292-effect">
		<profile_COMMON>
			<technique sid="common">
				<phong>
					<diffuse>
						<color sid="diffuse">
0.968627 0.968627 0.968627 1 </color>
					</diffuse>
				</phong>
			</technique>
		</profile_COMMON>
	</effect>
	<effect id="Material293-effect">
		<profile_COMMON>
			<technique sid="common">
				<phong>
					<diffuse>
						<color sid="diffuse">
0.968627 0.968627 0.968627 1 </color>
					</diffuse>
				</phong>
			</technique>
		</profile_COMMON>
	</effect>
	<effect id="Material294-effect">
		<profile_COMMON>
			<technique sid="common">
				<phong>
					<diffuse>
						<color sid="diffuse">
0.968627 0.968627 0.968627 1 </color>
					</diffuse>
				</phong>
			</technique>
		</profile_COMMON>
	</effect>
	<effect id="Material295-effect">
		<profile_COMMON>
			<technique sid="common">
				<phong>
					<diffuse>
						<color sid="diffuse">
0.968627 0.968627 0.968627 1 </color>
					</diffuse>
				</phong>
			</technique>
		</profile_COMMON>
	</effect>
	<effect id="Material296-effect">
		<profile_COMMON>
			<technique sid="common">
				<phong>
					<diffuse>
						<color sid="diffuse">
0.968627 0.968627 0.968627 1 </color>
					</diffuse>
				</phong>
			</technique>
		</profile_COMMON>
	</effect>
	<effect id="Material297-effect">
		<profile_COMMON>
			<technique sid="common">
				<phong>
					<diffuse>
						<color sid="diffuse">
0.968627 0.968627 0.968627 1 </color>
					</diffuse>
				</phong>
			</technique>
		</profile_COMMON>
	</effect>
	<effect id="Material298-effect">
		<profile_COMMON>
			<technique sid="common">
				<phong>
					<diffuse>
						<color sid="diffuse">
0.968627 0.968627 0.968627 1 </color>
					</diffuse>
				</phong>
			</technique>
		</profile_COMMON>
	</effect>
	<effect id="Material299-effect">
		<profile_COMMON>
			<technique sid="common">
				<phong>
					<diffuse>
						<color sid="diffuse">
0.968627 0.968627 0.968627 1 </color>
					</diffuse>
				</phong>
			</technique>
		</profile_COMMON>
	</effect>
	<effect id="Material300-effect">
		<profile_COMMON>
			<technique sid="common">
				<phong>
					<diffuse>
						<color sid="diffuse">
0.968627 0.968627 0.968627 1 </color>
					</diffuse>
				</phong>
			</technique>
		</profile_COMMON>
	</effect>
	<effect id="Material301-effect">
		<profile_COMMON>
			<technique sid="common">
				<phong>
					<diffuse>
						<color sid="diffuse">
0.968627 0.968627 0.968627 1 </color>
					</diffuse>
				</phong>
			</technique>
		</profile_COMMON>
	</effect>
	<effect id="Material302-effect">
		<profile_COMMON>
			<technique sid="common">
				<phong>
					<diffuse>
						<color sid="diffuse">
0.968627 0.968627 0.968627 1 </color>
					</diffuse>
				</phong>
			</technique>
		</profile_COMMON>
	</effect>
	<effect id="Material303-effect">
		<profile_COMMON>
			<technique sid="common">
				<phong>
					<diffuse>
						<color sid="diffuse">
0.968627 0.968627 0.968627 1 </color>
					</diffuse>
				</phong>
			</technique>
		</profile_COMMON>
	</effect>
	<effect id="Material304-effect">
		<profile_COMMON>
			<technique sid="common">
				<phong>
					<diffuse>
						<color sid="diffuse">
0.968627 0.968627 0.968627 1 </color>
					</diffuse>
				</phong>
			</technique>
		</profile_COMMON>
	</effect>
	<effect id="Material305-effect">
		<profile_COMMON>
			<technique sid="common">
				<phong>
					<diffuse>
						<color sid="diffuse">
1 0.505882 0.219608 1 </color>
					</diffuse>
				</phong>
			</technique>
		</profile_COMMON>
	</effect>
	<effect id="Material306-effect">
		<profile_COMMON>
			<technique sid="common">
				<phong>
					<diffuse>
						<color sid="diffuse">
1 0.505882 0.219608 1 </color>
					</diffuse>
				</phong>
			</technique>
		</profile_COMMON>
	</effect>
	<effect id="Material307-effect">
		<profile_COMMON>
			<technique sid="common">
				<phong>
					<diffuse>
						<color sid="diffuse">
1 0.505882 0.219608 1 </color>
					</diffuse>
				</phong>
			</technique>
		</profile_COMMON>
	</effect>
	<effect id="Material308-effect">
		<profile_COMMON>
			<technique sid="common">
				<phong>
					<diffuse>
						<color sid="diffuse">
1 0.505882 0.219608 1 </color>
					</diffuse>
				</phong>
			</technique>
		</profile_COMMON>
	</effect>
	<effect id="Material309-effect">
		<profile_COMMON>
			<technique sid="common">
				<phong>
					<diffuse>
						<color sid="diffuse">
1 0.505882 0.219608 1 </color>
					</diffuse>
				</phong>
			</technique>
		</profile_COMMON>
	</effect>
	<effect id="Material310-effect">
		<profile_COMMON>
			<technique sid="common">
				<phong>
					<diffuse>
						<color sid="diffuse">
1 0.505882 0.219608 1 </color>
					</diffuse>
				</phong>
			</technique>
		</profile_COMMON>
	</effect>
	<effect id="Material311-effect">
		<profile_COMMON>
			<technique sid="common">
				<phong>
					<diffuse>
						<color sid="diffuse">
1 0.505882 0.219608 1 </color>
					</diffuse>
				</phong>
			</technique>
		</profile_COMMON>
	</effect>
	<effect id="Material312-effect">
		<profile_COMMON>
			<technique sid="common">
				<phong>
					<diffuse>
						<color sid="diffuse">
1 0.505882 0.219608 1 </color>
					</diffuse>
				</phong>
			</technique>
		</profile_COMMON>
	</effect>
	<effect id="Material313-effect">
		<profile_COMMON>
			<technique sid="common">
				<phong>
					<diffuse>
						<color sid="diffuse">
1 0.505882 0.219608 1 </color>
					</diffuse>
				</phong>
			</technique>
		</profile_COMMON>
	</effect>
	<effect id="Material314-effect">
		<profile_COMMON>
			<technique sid="common">
				<phong>
					<diffuse>
						<color sid="diffuse">
1 0.505882 0.219608 1 </color>
					</diffuse>
				</phong>
			</technique>
		</profile_COMMON>
	</effect>
	<effect id="Material315-effect">
		<profile_COMMON>
			<technique sid="common">
				<phong>
					<diffuse>
						<color sid="diffuse">
1 0.505882 0.219608 1 </color>
					</diffuse>
				</phong>
			</technique>
		</profile_COMMON>
	</effect>
	<effect id="Material316-effect">
		<profile_COMMON>
			<technique sid="common">
				<phong>
					<diffuse>
						<color sid="diffuse">
1 0.505882 0.219608 1 </color>
					</diffuse>
				</phong>
			</technique>
		</profile_COMMON>
	</effect>
	<effect id="Material317-effect">
		<profile_COMMON>
			<technique sid="common">
				<phong>
					<diffuse>
						<color sid="diffuse">
1 1 1 1 </color>
					</diffuse>
				</phong>
			</technique>
		</profile_COMMON>
	</effect>
	<effect id="Material318-effect">
		<profile_COMMON>
			<technique sid="common">
				<phong>
					<diffuse>
						<color sid="diffuse">
1 1 1 1 </color>
					</diffuse>
				</phong>
			</technique>
		</profile_COMMON>
	</effect>
	<effect id="Material319-effect">
		<profile_COMMON>
			<technique sid="common">
				<phong>
					<diffuse>
						<color sid="diffuse">
1 1 1 1 </color>
					</diffuse>
				</phong>
			</technique>
		</profile_COMMON>
	</effect>
	<effect id="Material320-effect">
		<profile_COMMON>
			<technique sid="common">
				<phong>
					<diffuse>
						<color sid="diffuse">
1 1 1 1 </color>
					</diffuse>
				</phong>
			</technique>
		</profile_COMMON>
	</effect>
	<effect id="Material321-effect">
		<profile_COMMON>
			<technique sid="common">
				<phong>
					<diffuse>
						<color sid="diffuse">
1 1 1 1 </color>
					</diffuse>
				</phong>
			</technique>
		</profile_COMMON>
	</effect>
	<effect id="Material322-effect">
		<profile_COMMON>
			<technique sid="common">
				<phong>
					<diffuse>
						<color sid="diffuse">
1 1 1 1 </color>
					</diffuse>
				</phong>
			</technique>
		</profile_COMMON>
	</effect>
	<effect id="Material323-effect">
		<profile_COMMON>
			<technique sid="common">
				<phong>
					<diffuse>
						<color sid="diffuse">
1 1 1 1 </color>
					</diffuse>
				</phong>
			</technique>
		</profile_COMMON>
	</effect>
	<effect id="Material324-effect">
		<profile_COMMON>
			<technique sid="common">
				<phong>
					<diffuse>
						<color sid="diffuse">
1 1 1 1 </color>
					</diffuse>
				</phong>
			</technique>
		</profile_COMMON>
	</effect>
	<effect id="Material325-effect">
		<profile_COMMON>
			<technique sid="common">
				<phong>
					<diffuse>
						<color sid="diffuse">
1 1 1 1 </color>
					</diffuse>
				</phong>
			</technique>
		</profile_COMMON>
	</effect>
	<effect id="Material326-effect">
		<profile_COMMON>
			<technique sid="common">
				<phong>
					<diffuse>
						<color sid="diffuse">
1 1 1 1 </color>
					</diffuse>
				</phong>
			</technique>
		</profile_COMMON>
	</effect>
	<effect id="Material327-effect">
		<profile_COMMON>
			<technique sid="common">
				<phong>
					<diffuse>
						<color sid="diffuse">
1 1 1 1 </color>
					</diffuse>
				</phong>
			</technique>
		</profile_COMMON>
	</effect>
	<effect id="Material328-effect">
		<profile_COMMON>
			<technique sid="common">
				<phong>
					<diffuse>
						<color sid="diffuse">
1 1 1 1 </color>
					</diffuse>
				</phong>
			</technique>
		</profile_COMMON>
	</effect>
	<effect id="Material329-effect">
		<profile_COMMON>
			<technique sid="common">
				<phong>
					<diffuse>
						<color sid="diffuse">
1 1 1 1 </color>
					</diffuse>
				</phong>
			</technique>
		</profile_COMMON>
	</effect>
	<effect id="Material330-effect">
		<profile_COMMON>
			<technique sid="common">
				<phong>
					<diffuse>
						<color sid="diffuse">
1 1 1 1 </color>
					</diffuse>
				</phong>
			</technique>
		</profile_COMMON>
	</effect>
	<effect id="Material331-effect">
		<profile_COMMON>
			<technique sid="common">
				<phong>
					<diffuse>
						<color sid="diffuse">
1 1 1 1 </color>
					</diffuse>
				</phong>
			</technique>
		</profile_COMMON>
	</effect>
	<effect id="Material332-effect">
		<profile_COMMON>
			<technique sid="common">
				<phong>
					<diffuse>
						<color sid="diffuse">
1 1 1 1 </color>
					</diffuse>
				</phong>
			</technique>
		</profile_COMMON>
	</effect>
	<effect id="Material333-effect">
		<profile_COMMON>
			<technique sid="common">
				<phong>
					<diffuse>
						<color sid="diffuse">
1 1 1 1 </color>
					</diffuse>
				</phong>
			</technique>
		</profile_COMMON>
	</effect>
	<effect id="Material334-effect">
		<profile_COMMON>
			<technique sid="common">
				<phong>
					<diffuse>
						<color sid="diffuse">
1 1 1 1 </color>
					</diffuse>
				</phong>
			</technique>
		</profile_COMMON>
	</effect>
	<effect id="Material335-effect">
		<profile_COMMON>
			<technique sid="common">
				<phong>
					<diffuse>
						<color sid="diffuse">
1 1 1 1 </color>
					</diffuse>
				</phong>
			</technique>
		</profile_COMMON>
	</effect>
	<effect id="Material336-effect">
		<profile_COMMON>
			<technique sid="common">
				<phong>
					<diffuse>
						<color sid="diffuse">
1 1 1 1 </color>
					</diffuse>
				</phong>
			</technique>
		</profile_COMMON>
	</effect>
	<effect id="Material337-effect">
		<profile_COMMON>
			<technique sid="common">
				<phong>
					<diffuse>
						<color sid="diffuse">
1 1 1 1 </color>
					</diffuse>
				</phong>
			</technique>
		</profile_COMMON>
	</effect>
	<effect id="Material338-effect">
		<profile_COMMON>
			<technique sid="common">
				<phong>
					<diffuse>
						<color sid="diffuse">
1 1 1 1 </color>
					</diffuse>
				</phong>
			</technique>
		</profile_COMMON>
	</effect>
	<effect id="Material339-effect">
		<profile_COMMON>
			<technique sid="common">
				<phong>
					<diffuse>
						<color sid="diffuse">
1 1 1 1 </color>
					</diffuse>
				</phong>
			</technique>
		</profile_COMMON>
	</effect>
	<effect id="Material340-effect">
		<profile_COMMON>
			<technique sid="common">
				<phong>
					<diffuse>
						<color sid="diffuse">
1 1 1 1 </color>
					</diffuse>
				</phong>
			</technique>
		</profile_COMMON>
	</effect>
	<effect id="Material341-effect">
		<profile_COMMON>
			<technique sid="common">
				<phong>
					<diffuse>
						<color sid="diffuse">
1 1 1 1 </color>
					</diffuse>
				</phong>
			</technique>
		</profile_COMMON>
	</effect>
	<effect id="Material342-effect">
		<profile_COMMON>
			<technique sid="common">
				<phong>
					<diffuse>
						<color sid="diffuse">
1 1 1 1 </color>
					</diffuse>
				</phong>
			</technique>
		</profile_COMMON>
	</effect>
	<effect id="Material343-effect">
		<profile_COMMON>
			<technique sid="common">
				<phong>
					<diffuse>
						<color sid="diffuse">
1 1 1 1 </color>
					</diffuse>
				</phong>
			</technique>
		</profile_COMMON>
	</effect>
	<effect id="Material344-effect">
		<profile_COMMON>
			<technique sid="common">
				<phong>
					<diffuse>
						<color sid="diffuse">
1 1 1 1 </color>
					</diffuse>
				</phong>
			</technique>
		</profile_COMMON>
	</effect>
	<effect id="Material345-effect">
		<profile_COMMON>
			<technique sid="common">
				<phong>
					<diffuse>
						<color sid="diffuse">
1 1 1 1 </color>
					</diffuse>
				</phong>
			</technique>
		</profile_COMMON>
	</effect>
	<effect id="Material346-effect">
		<profile_COMMON>
			<technique sid="common">
				<phong>
					<diffuse>
						<color sid="diffuse">
1 1 1 1 </color>
					</diffuse>
				</phong>
			</technique>
		</profile_COMMON>
	</effect>
	<effect id="Material347-effect">
		<profile_COMMON>
			<technique sid="common">
				<phong>
					<diffuse>
						<color sid="diffuse">
1 1 1 1 </color>
					</diffuse>
				</phong>
			</technique>
		</profile_COMMON>
	</effect>
	<effect id="Material348-effect">
		<profile_COMMON>
			<technique sid="common">
				<phong>
					<diffuse>
						<color sid="diffuse">
1 1 1 1 </color>
					</diffuse>
				</phong>
			</technique>
		</profile_COMMON>
	</effect>
	<effect id="Material349-effect">
		<profile_COMMON>
			<technique sid="common">
				<phong>
					<diffuse>
						<color sid="diffuse">
1 1 1 1 </color>
					</diffuse>
				</phong>
			</technique>
		</profile_COMMON>
	</effect>
	<effect id="Material350-effect">
		<profile_COMMON>
			<technique sid="common">
				<phong>
					<diffuse>
						<color sid="diffuse">
1 1 1 1 </color>
					</diffuse>
				</phong>
			</technique>
		</profile_COMMON>
	</effect>
	<effect id="Material351-effect">
		<profile_COMMON>
			<technique sid="common">
				<phong>
					<diffuse>
						<color sid="diffuse">
1 1 1 1 </color>
					</diffuse>
				</phong>
			</technique>
		</profile_COMMON>
	</effect>
	<effect id="Material352-effect">
		<profile_COMMON>
			<technique sid="common">
				<phong>
					<diffuse>
						<color sid="diffuse">
1 1 1 1 </color>
					</diffuse>
				</phong>
			</technique>
		</profile_COMMON>
	</effect>
	<effect id="Material353-effect">
		<profile_COMMON>
			<technique sid="common">
				<phong>
					<diffuse>
						<color sid="diffuse">
1 1 1 1 </color>
					</diffuse>
				</phong>
			</technique>
		</profile_COMMON>
	</effect>
	<effect id="Material354-effect">
		<profile_COMMON>
			<technique sid="common">
				<phong>
					<diffuse>
						<color sid="diffuse">
1 1 1 1 </color>
					</diffuse>
				</phong>
			</technique>
		</profile_COMMON>
	</effect>
	<effect id="Material355-effect">
		<profile_COMMON>
			<technique sid="common">
				<phong>
					<diffuse>
						<color sid="diffuse">
1 1 1 1 </color>
					</diffuse>
				</phong>
			</technique>
		</profile_COMMON>
	</effect>
	<effect id="Material356-effect">
		<profile_COMMON>
			<technique sid="common">
				<phong>
					<diffuse>
						<color sid="diffuse">
1 1 1 1 </color>
					</diffuse>
				</phong>
			</technique>
		</profile_COMMON>
	</effect>
	<effect id="Material357-effect">
		<profile_COMMON>
			<technique sid="common">
				<phong>
					<diffuse>
						<color sid="diffuse">
1 1 1 1 </color>
					</diffuse>
				</phong>
			</technique>
		</profile_COMMON>
	</effect>
	<effect id="Material358-effect">
		<profile_COMMON>
			<technique sid="common">
				<phong>
					<diffuse>
						<color sid="diffuse">
1 1 1 1 </color>
					</diffuse>
				</phong>
			</technique>
		</profile_COMMON>
	</effect>
	<effect id="Material359-effect">
		<profile_COMMON>
			<technique sid="common">
				<phong>
					<diffuse>
						<color sid="diffuse">
1 1 1 1 </color>
					</diffuse>
				</phong>
			</technique>
		</profile_COMMON>
	</effect>
	<effect id="Material360-effect">
		<profile_COMMON>
			<technique sid="common">
				<phong>
					<diffuse>
						<color sid="diffuse">
1 1 1 1 </color>
					</diffuse>
				</phong>
			</technique>
		</profile_COMMON>
	</effect>
	<effect id="Material361-effect">
		<profile_COMMON>
			<technique sid="common">
				<phong>
					<diffuse>
						<color sid="diffuse">
1 1 1 1 </color>
					</diffuse>
				</phong>
			</technique>
		</profile_COMMON>
	</effect>
	<effect id="Material362-effect">
		<profile_COMMON>
			<technique sid="common">
				<phong>
					<diffuse>
						<color sid="diffuse">
1 1 1 1 </color>
					</diffuse>
				</phong>
			</technique>
		</profile_COMMON>
	</effect>
	<effect id="Material363-effect">
		<profile_COMMON>
			<technique sid="common">
				<phong>
					<diffuse>
						<color sid="diffuse">
1 1 1 1 </color>
					</diffuse>
				</phong>
			</technique>
		</profile_COMMON>
	</effect>
	<effect id="Material364-effect">
		<profile_COMMON>
			<technique sid="common">
				<phong>
					<diffuse>
						<color sid="diffuse">
1 1 1 1 </color>
					</diffuse>
				</phong>
			</technique>
		</profile_COMMON>
	</effect>
	<effect id="Material365-effect">
		<profile_COMMON>
			<technique sid="common">
				<phong>
					<diffuse>
						<color sid="diffuse">
1 1 1 1 </color>
					</diffuse>
				</phong>
			</technique>
		</profile_COMMON>
	</effect>
	<effect id="Material366-effect">
		<profile_COMMON>
			<technique sid="common">
				<phong>
					<diffuse>
						<color sid="diffuse">
1 1 1 1 </color>
					</diffuse>
				</phong>
			</technique>
		</profile_COMMON>
	</effect>
	<effect id="Material367-effect">
		<profile_COMMON>
			<technique sid="common">
				<phong>
					<diffuse>
						<color sid="diffuse">
1 1 1 1 </color>
					</diffuse>
				</phong>
			</technique>
		</profile_COMMON>
	</effect>
	<effect id="Material368-effect">
		<profile_COMMON>
			<technique sid="common">
				<phong>
					<diffuse>
						<color sid="diffuse">
1 1 1 1 </color>
					</diffuse>
				</phong>
			</technique>
		</profile_COMMON>
	</effect>
	<effect id="Material369-effect">
		<profile_COMMON>
			<technique sid="common">
				<phong>
					<diffuse>
						<color sid="diffuse">
1 1 1 1 </color>
					</diffuse>
				</phong>
			</technique>
		</profile_COMMON>
	</effect>
	<effect id="Material370-effect">
		<profile_COMMON>
			<technique sid="common">
				<phong>
					<diffuse>
						<color sid="diffuse">
1 1 1 1 </color>
					</diffuse>
				</phong>
			</technique>
		</profile_COMMON>
	</effect>
	<effect id="Material371-effect">
		<profile_COMMON>
			<technique sid="common">
				<phong>
					<diffuse>
						<color sid="diffuse">
1 1 1 1 </color>
					</diffuse>
				</phong>
			</technique>
		</profile_COMMON>
	</effect>
	<effect id="Material372-effect">
		<profile_COMMON>
			<technique sid="common">
				<phong>
					<diffuse>
						<color sid="diffuse">
1 1 1 1 </color>
					</diffuse>
				</phong>
			</technique>
		</profile_COMMON>
	</effect>
	<effect id="Material373-effect">
		<profile_COMMON>
			<technique sid="common">
				<phong>
					<diffuse>
						<color sid="diffuse">
1 1 1 1 </color>
					</diffuse>
				</phong>
			</technique>
		</profile_COMMON>
	</effect>
	<effect id="Material374-effect">
		<profile_COMMON>
			<technique sid="common">
				<phong>
					<diffuse>
						<color sid="diffuse">
1 1 1 1 </color>
					</diffuse>
				</phong>
			</technique>
		</profile_COMMON>
	</effect>
	<effect id="Material375-effect">
		<profile_COMMON>
			<technique sid="common">
				<phong>
					<diffuse>
						<color sid="diffuse">
1 1 1 1 </color>
					</diffuse>
				</phong>
			</technique>
		</profile_COMMON>
	</effect>
	<effect id="Material376-effect">
		<profile_COMMON>
			<technique sid="common">
				<phong>
					<diffuse>
						<color sid="diffuse">
1 1 1 1 </color>
					</diffuse>
				</phong>
			</technique>
		</profile_COMMON>
	</effect>
	<effect id="Material377-effect">
		<profile_COMMON>
			<technique sid="common">
				<phong>
					<diffuse>
						<color sid="diffuse">
1 1 1 1 </color>
					</diffuse>
				</phong>
			</technique>
		</profile_COMMON>
	</effect>
	<effect id="Material378-effect">
		<profile_COMMON>
			<technique sid="common">
				<phong>
					<diffuse>
						<color sid="diffuse">
1 1 1 1 </color>
					</diffuse>
				</phong>
			</technique>
		</profile_COMMON>
	</effect>
	<effect id="Material379-effect">
		<profile_COMMON>
			<technique sid="common">
				<phong>
					<diffuse>
						<color sid="diffuse">
1 1 1 1 </color>
					</diffuse>
				</phong>
			</technique>
		</profile_COMMON>
	</effect>
	<effect id="Material380-effect">
		<profile_COMMON>
			<technique sid="common">
				<phong>
					<diffuse>
						<color sid="diffuse">
1 1 1 1 </color>
					</diffuse>
				</phong>
			</technique>
		</profile_COMMON>
	</effect>
	<effect id="Material381-effect">
		<profile_COMMON>
			<technique sid="common">
				<phong>
					<diffuse>
						<color sid="diffuse">
1 1 1 1 </color>
					</diffuse>
				</phong>
			</technique>
		</profile_COMMON>
	</effect>
	<effect id="Material382-effect">
		<profile_COMMON>
			<technique sid="common">
				<phong>
					<diffuse>
						<color sid="diffuse">
1 1 1 1 </color>
					</diffuse>
				</phong>
			</technique>
		</profile_COMMON>
	</effect>
	<effect id="Material383-effect">
		<profile_COMMON>
			<technique sid="common">
				<phong>
					<diffuse>
						<color sid="diffuse">
1 1 1 1 </color>
					</diffuse>
				</phong>
			</technique>
		</profile_COMMON>
	</effect>
	<effect id="Material384-effect">
		<profile_COMMON>
			<technique sid="common">
				<phong>
					<diffuse>
						<color sid="diffuse">
1 1 1 1 </color>
					</diffuse>
				</phong>
			</technique>
		</profile_COMMON>
	</effect>
	<effect id="Material385-effect">
		<profile_COMMON>
			<technique sid="common">
				<phong>
					<diffuse>
						<color sid="diffuse">
1 1 1 1 </color>
					</diffuse>
				</phong>
			</technique>
		</profile_COMMON>
	</effect>
	<effect id="Material386-effect">
		<profile_COMMON>
			<technique sid="common">
				<phong>
					<diffuse>
						<color sid="diffuse">
1 1 1 1 </color>
					</diffuse>
				</phong>
			</technique>
		</profile_COMMON>
	</effect>
	<effect id="Material387-effect">
		<profile_COMMON>
			<technique sid="common">
				<phong>
					<diffuse>
						<color sid="diffuse">
1 1 1 1 </color>
					</diffuse>
				</phong>
			</technique>
		</profile_COMMON>
	</effect>
	<effect id="Material388-effect">
		<profile_COMMON>
			<technique sid="common">
				<phong>
					<diffuse>
						<color sid="diffuse">
1 1 1 1 </color>
					</diffuse>
				</phong>
			</technique>
		</profile_COMMON>
	</effect>
	<effect id="Material389-effect">
		<profile_COMMON>
			<technique sid="common">
				<phong>
					<diffuse>
						<color sid="diffuse">
1 1 1 1 </color>
					</diffuse>
				</phong>
			</technique>
		</profile_COMMON>
	</effect>
	<effect id="Material390-effect">
		<profile_COMMON>
			<technique sid="common">
				<phong>
					<diffuse>
						<color sid="diffuse">
1 1 1 1 </color>
					</diffuse>
				</phong>
			</technique>
		</profile_COMMON>
	</effect>
	<effect id="Material391-effect">
		<profile_COMMON>
			<technique sid="common">
				<phong>
					<diffuse>
						<color sid="diffuse">
1 1 1 1 </color>
					</diffuse>
				</phong>
			</technique>
		</profile_COMMON>
	</effect>
	<effect id="Material392-effect">
		<profile_COMMON>
			<technique sid="common">
				<phong>
					<diffuse>
						<color sid="diffuse">
1 1 1 1 </color>
					</diffuse>
				</phong>
			</technique>
		</profile_COMMON>
	</effect>
	<effect id="Material393-effect">
		<profile_COMMON>
			<technique sid="common">
				<phong>
					<diffuse>
						<color sid="diffuse">
1 1 1 1 </color>
					</diffuse>
				</phong>
			</technique>
		</profile_COMMON>
	</effect>
	<effect id="Material394-effect">
		<profile_COMMON>
			<technique sid="common">
				<phong>
					<diffuse>
						<color sid="diffuse">
1 1 1 1 </color>
					</diffuse>
				</phong>
			</technique>
		</profile_COMMON>
	</effect>
	<effect id="Material395-effect">
		<profile_COMMON>
			<technique sid="common">
				<phong>
					<diffuse>
						<color sid="diffuse">
1 1 1 1 </color>
					</diffuse>
				</phong>
			</technique>
		</profile_COMMON>
	</effect>
	<effect id="Material396-effect">
		<profile_COMMON>
			<technique sid="common">
				<phong>
					<diffuse>
						<color sid="diffuse">
1 1 1 1 </color>
					</diffuse>
				</phong>
			</technique>
		</profile_COMMON>
	</effect>
	<effect id="Material397-effect">
		<profile_COMMON>
			<technique sid="common">
				<phong>
					<diffuse>
						<color sid="diffuse">
1 1 1 1 </color>
					</diffuse>
				</phong>
			</technique>
		</profile_COMMON>
	</effect>
	<effect id="Material398-effect">
		<profile_COMMON>
			<technique sid="common">
				<phong>
					<diffuse>
						<color sid="diffuse">
1 1 1 1 </color>
					</diffuse>
				</phong>
			</technique>
		</profile_COMMON>
	</effect>
	<effect id="Material399-effect">
		<profile_COMMON>
			<technique sid="common">
				<phong>
					<diffuse>
						<color sid="diffuse">
1 1 1 1 </color>
					</diffuse>
				</phong>
			</technique>
		</profile_COMMON>
	</effect>
	<effect id="Material400-effect">
		<profile_COMMON>
			<technique sid="common">
				<phong>
					<diffuse>
						<color sid="diffuse">
1 1 1 1 </color>
					</diffuse>
				</phong>
			</technique>
		</profile_COMMON>
	</effect>
	<effect id="Material401-effect">
		<profile_COMMON>
			<technique sid="common">
				<phong>
					<diffuse>
						<color sid="diffuse">
1 1 1 1 </color>
					</diffuse>
				</phong>
			</technique>
		</profile_COMMON>
	</effect>
	<effect id="Material402-effect">
		<profile_COMMON>
			<technique sid="common">
				<phong>
					<diffuse>
						<color sid="diffuse">
1 1 1 1 </color>
					</diffuse>
				</phong>
			</technique>
		</profile_COMMON>
	</effect>
	<effect id="Material403-effect">
		<profile_COMMON>
			<technique sid="common">
				<phong>
					<diffuse>
						<color sid="diffuse">
1 1 1 1 </color>
					</diffuse>
				</phong>
			</technique>
		</profile_COMMON>
	</effect>
	<effect id="Material404-effect">
		<profile_COMMON>
			<technique sid="common">
				<phong>
					<diffuse>
						<color sid="diffuse">
1 1 1 1 </color>
					</diffuse>
				</phong>
			</technique>
		</profile_COMMON>
	</effect>
	<effect id="Material405-effect">
		<profile_COMMON>
			<technique sid="common">
				<phong>
					<diffuse>
						<color sid="diffuse">
1 1 1 1 </color>
					</diffuse>
				</phong>
			</technique>
		</profile_COMMON>
	</effect>
	<effect id="Material406-effect">
		<profile_COMMON>
			<technique sid="common">
				<phong>
					<diffuse>
						<color sid="diffuse">
1 1 1 1 </color>
					</diffuse>
				</phong>
			</technique>
		</profile_COMMON>
	</effect>
	<effect id="Material407-effect">
		<profile_COMMON>
			<technique sid="common">
				<phong>
					<diffuse>
						<color sid="diffuse">
1 1 1 1 </color>
					</diffuse>
				</phong>
			</technique>
		</profile_COMMON>
	</effect>
	<effect id="Material408-effect">
		<profile_COMMON>
			<technique sid="common">
				<phong>
					<diffuse>
						<color sid="diffuse">
1 1 1 1 </color>
					</diffuse>
				</phong>
			</technique>
		</profile_COMMON>
	</effect>
	<effect id="Material409-effect">
		<profile_COMMON>
			<technique sid="common">
				<phong>
					<diffuse>
						<color sid="diffuse">
1 1 1 1 </color>
					</diffuse>
				</phong>
			</technique>
		</profile_COMMON>
	</effect>
	<effect id="Material410-effect">
		<profile_COMMON>
			<technique sid="common">
				<phong>
					<diffuse>
						<color sid="diffuse">
1 1 1 1 </color>
					</diffuse>
				</phong>
			</technique>
		</profile_COMMON>
	</effect>
	<effect id="Material411-effect">
		<profile_COMMON>
			<technique sid="common">
				<phong>
					<diffuse>
						<color sid="diffuse">
1 1 1 1 </color>
					</diffuse>
				</phong>
			</technique>
		</profile_COMMON>
	</effect>
	<effect id="Material412-effect">
		<profile_COMMON>
			<technique sid="common">
				<phong>
					<diffuse>
						<color sid="diffuse">
1 1 1 1 </color>
					</diffuse>
				</phong>
			</technique>
		</profile_COMMON>
	</effect>
	<effect id="Material413-effect">
		<profile_COMMON>
			<technique sid="common">
				<phong>
					<diffuse>
						<color sid="diffuse">
1 1 1 1 </color>
					</diffuse>
				</phong>
			</technique>
		</profile_COMMON>
	</effect>
	<effect id="Material414-effect">
		<profile_COMMON>
			<technique sid="common">
				<phong>
					<diffuse>
						<color sid="diffuse">
1 1 1 1 </color>
					</diffuse>
				</phong>
			</technique>
		</profile_COMMON>
	</effect>
	<effect id="Material415-effect">
		<profile_COMMON>
			<technique sid="common">
				<phong>
					<diffuse>
						<color sid="diffuse">
1 1 1 1 </color>
					</diffuse>
				</phong>
			</technique>
		</profile_COMMON>
	</effect>
	<effect id="Material416-effect">
		<profile_COMMON>
			<technique sid="common">
				<phong>
					<diffuse>
						<color sid="diffuse">
1 1 1 1 </color>
					</diffuse>
				</phong>
			</technique>
		</profile_COMMON>
	</effect>
	<effect id="Material417-effect">
		<profile_COMMON>
			<technique sid="common">
				<phong>
					<diffuse>
						<color sid="diffuse">
1 1 1 1 </color>
					</diffuse>
				</phong>
			</technique>
		</profile_COMMON>
	</effect>
	<effect id="Material418-effect">
		<profile_COMMON>
			<technique sid="common">
				<phong>
					<diffuse>
						<color sid="diffuse">
1 1 1 1 </color>
					</diffuse>
				</phong>
			</technique>
		</profile_COMMON>
	</effect>
	<effect id="Material419-effect">
		<profile_COMMON>
			<technique sid="common">
				<phong>
					<diffuse>
						<color sid="diffuse">
1 1 1 1 </color>
					</diffuse>
				</phong>
			</technique>
		</profile_COMMON>
	</effect>
	<effect id="Material420-effect">
		<profile_COMMON>
			<technique sid="common">
				<phong>
					<diffuse>
						<color sid="diffuse">
1 1 1 1 </color>
					</diffuse>
				</phong>
			</technique>
		</profile_COMMON>
	</effect>
	<effect id="Material421-effect">
		<profile_COMMON>
			<technique sid="common">
				<phong>
					<diffuse>
						<color sid="diffuse">
1 1 1 1 </color>
					</diffuse>
				</phong>
			</technique>
		</profile_COMMON>
	</effect>
	<effect id="Material422-effect">
		<profile_COMMON>
			<technique sid="common">
				<phong>
					<diffuse>
						<color sid="diffuse">
1 1 1 1 </color>
					</diffuse>
				</phong>
			</technique>
		</profile_COMMON>
	</effect>
	<effect id="Material423-effect">
		<profile_COMMON>
			<technique sid="common">
				<phong>
					<diffuse>
						<color sid="diffuse">
1 1 1 1 </color>
					</diffuse>
				</phong>
			</technique>
		</profile_COMMON>
	</effect>
	<effect id="Material424-effect">
		<profile_COMMON>
			<technique sid="common">
				<phong>
					<diffuse>
						<color sid="diffuse">
1 1 1 1 </color>
					</diffuse>
				</phong>
			</technique>
		</profile_COMMON>
	</effect>
	<effect id="Material425-effect">
		<profile_COMMON>
			<technique sid="common">
				<phong>
					<diffuse>
						<color sid="diffuse">
1 1 1 1 </color>
					</diffuse>
				</phong>
			</technique>
		</profile_COMMON>
	</effect>
	<effect id="Material426-effect">
		<profile_COMMON>
			<technique sid="common">
				<phong>
					<diffuse>
						<color sid="diffuse">
1 1 1 1 </color>
					</diffuse>
				</phong>
			</technique>
		</profile_COMMON>
	</effect>
	<effect id="Material427-effect">
		<profile_COMMON>
			<technique sid="common">
				<phong>
					<diffuse>
						<color sid="diffuse">
1 1 1 1 </color>
					</diffuse>
				</phong>
			</technique>
		</profile_COMMON>
	</effect>
	<effect id="Material428-effect">
		<profile_COMMON>
			<technique sid="common">
				<phong>
					<diffuse>
						<color sid="diffuse">
1 1 1 1 </color>
					</diffuse>
				</phong>
			</technique>
		</profile_COMMON>
	</effect>
	<effect id="Material429-effect">
		<profile_COMMON>
			<technique sid="common">
				<phong>
					<diffuse>
						<color sid="diffuse">
1 1 1 1 </color>
					</diffuse>
				</phong>
			</technique>
		</profile_COMMON>
	</effect>
	<effect id="Material430-effect">
		<profile_COMMON>
			<technique sid="common">
				<phong>
					<diffuse>
						<color sid="diffuse">
1 1 1 1 </color>
					</diffuse>
				</phong>
			</technique>
		</profile_COMMON>
	</effect>
	<effect id="Material431-effect">
		<profile_COMMON>
			<technique sid="common">
				<phong>
					<diffuse>
						<color sid="diffuse">
1 1 1 1 </color>
					</diffuse>
				</phong>
			</technique>
		</profile_COMMON>
	</effect>
	<effect id="Material432-effect">
		<profile_COMMON>
			<technique sid="common">
				<phong>
					<diffuse>
						<color sid="diffuse">
1 1 1 1 </color>
					</diffuse>
				</phong>
			</technique>
		</profile_COMMON>
	</effect>
	<effect id="Material433-effect">
		<profile_COMMON>
			<technique sid="common">
				<phong>
					<diffuse>
						<color sid="diffuse">
1 1 1 1 </color>
					</diffuse>
				</phong>
			</technique>
		</profile_COMMON>
	</effect>
	<effect id="Material434-effect">
		<profile_COMMON>
			<technique sid="common">
				<phong>
					<diffuse>
						<color sid="diffuse">
1 1 1 1 </color>
					</diffuse>
				</phong>
			</technique>
		</profile_COMMON>
	</effect>
	<effect id="Material435-effect">
		<profile_COMMON>
			<technique sid="common">
				<phong>
					<diffuse>
						<color sid="diffuse">
1 1 1 1 </color>
					</diffuse>
				</phong>
			</technique>
		</profile_COMMON>
	</effect>
	<effect id="Material436-effect">
		<profile_COMMON>
			<technique sid="common">
				<phong>
					<diffuse>
						<color sid="diffuse">
1 1 1 1 </color>
					</diffuse>
				</phong>
			</technique>
		</profile_COMMON>
	</effect>
	<effect id="Material437-effect">
		<profile_COMMON>
			<technique sid="common">
				<phong>
					<diffuse>
						<color sid="diffuse">
1 1 1 1 </color>
					</diffuse>
				</phong>
			</technique>
		</profile_COMMON>
	</effect>
	<effect id="Material438-effect">
		<profile_COMMON>
			<technique sid="common">
				<phong>
					<diffuse>
						<color sid="diffuse">
1 1 1 1 </color>
					</diffuse>
				</phong>
			</technique>
		</profile_COMMON>
	</effect>
	<effect id="Material439-effect">
		<profile_COMMON>
			<technique sid="common">
				<phong>
					<diffuse>
						<color sid="diffuse">
1 1 1 1 </color>
					</diffuse>
				</phong>
			</technique>
		</profile_COMMON>
	</effect>
	<effect id="Material440-effect">
		<profile_COMMON>
			<technique sid="common">
				<phong>
					<diffuse>
						<color sid="diffuse">
1 1 1 1 </color>
					</diffuse>
				</phong>
			</technique>
		</profile_COMMON>
	</effect>
	<effect id="Material441-effect">
		<profile_COMMON>
			<technique sid="common">
				<phong>
					<diffuse>
						<color sid="diffuse">
1 1 1 1 </color>
					</diffuse>
				</phong>
			</technique>
		</profile_COMMON>
	</effect>
	<effect id="Material442-effect">
		<profile_COMMON>
			<technique sid="common">
				<phong>
					<diffuse>
						<color sid="diffuse">
1 1 1 1 </color>
					</diffuse>
				</phong>
			</technique>
		</profile_COMMON>
	</effect>
	<effect id="Material443-effect">
		<profile_COMMON>
			<technique sid="common">
				<phong>
					<diffuse>
						<color sid="diffuse">
1 1 1 1 </color>
					</diffuse>
				</phong>
			</technique>
		</profile_COMMON>
	</effect>
	<effect id="Material444-effect">
		<profile_COMMON>
			<technique sid="common">
				<phong>
					<diffuse>
						<color sid="diffuse">
1 1 1 1 </color>
					</diffuse>
				</phong>
			</technique>
		</profile_COMMON>
	</effect>
	<effect id="Material445-effect">
		<profile_COMMON>
			<technique sid="common">
				<phong>
					<diffuse>
						<color sid="diffuse">
1 1 1 1 </color>
					</diffuse>
				</phong>
			</technique>
		</profile_COMMON>
	</effect>
	<effect id="Material446-effect">
		<profile_COMMON>
			<technique sid="common">
				<phong>
					<diffuse>
						<color sid="diffuse">
1 1 1 1 </color>
					</diffuse>
				</phong>
			</technique>
		</profile_COMMON>
	</effect>
	<effect id="Material447-effect">
		<profile_COMMON>
			<technique sid="common">
				<phong>
					<diffuse>
						<color sid="diffuse">
1 1 1 1 </color>
					</diffuse>
				</phong>
			</technique>
		</profile_COMMON>
	</effect>
	<effect id="Material448-effect">
		<profile_COMMON>
			<technique sid="common">
				<phong>
					<diffuse>
						<color sid="diffuse">
1 1 1 1 </color>
					</diffuse>
				</phong>
			</technique>
		</profile_COMMON>
	</effect>
	<effect id="Material449-effect">
		<profile_COMMON>
			<technique sid="common">
				<phong>
					<diffuse>
						<color sid="diffuse">
1 1 1 1 </color>
					</diffuse>
				</phong>
			</technique>
		</profile_COMMON>
	</effect>
	<effect id="Material450-effect">
		<profile_COMMON>
			<technique sid="common">
				<phong>
					<diffuse>
						<color sid="diffuse">
1 1 1 1 </color>
					</diffuse>
				</phong>
			</technique>
		</profile_COMMON>
	</effect>
	<effect id="Material451-effect">
		<profile_COMMON>
			<technique sid="common">
				<phong>
					<diffuse>
						<color sid="diffuse">
1 1 1 1 </color>
					</diffuse>
				</phong>
			</technique>
		</profile_COMMON>
	</effect>
	<effect id="Material452-effect">
		<profile_COMMON>
			<technique sid="common">
				<phong>
					<diffuse>
						<color sid="diffuse">
1 1 1 1 </color>
					</diffuse>
				</phong>
			</technique>
		</profile_COMMON>
	</effect>
	<effect id="Material453-effect">
		<profile_COMMON>
			<technique sid="common">
				<phong>
					<diffuse>
						<color sid="diffuse">
1 1 1 1 </color>
					</diffuse>
				</phong>
			</technique>
		</profile_COMMON>
	</effect>
	<effect id="Material454-effect">
		<profile_COMMON>
			<technique sid="common">
				<phong>
					<diffuse>
						<color sid="diffuse">
1 1 1 1 </color>
					</diffuse>
				</phong>
			</technique>
		</profile_COMMON>
	</effect>
	<effect id="Material455-effect">
		<profile_COMMON>
			<technique sid="common">
				<phong>
					<diffuse>
						<color sid="diffuse">
1 1 1 1 </color>
					</diffuse>
				</phong>
			</technique>
		</profile_COMMON>
	</effect>
	<effect id="Material456-effect">
		<profile_COMMON>
			<technique sid="common">
				<phong>
					<diffuse>
						<color sid="diffuse">
1 1 1 1 </color>
					</diffuse>
				</phong>
			</technique>
		</profile_COMMON>
	</effect>
	<effect id="Material457-effect">
		<profile_COMMON>
			<technique sid="common">
				<phong>
					<diffuse>
						<color sid="diffuse">
1 1 1 1 </color>
					</diffuse>
				</phong>
			</technique>
		</profile_COMMON>
	</effect>
	<effect id="Material458-effect">
		<profile_COMMON>
			<technique sid="common">
				<phong>
					<diffuse>
						<color sid="diffuse">
1 1 1 1 </color>
					</diffuse>
				</phong>
			</technique>
		</profile_COMMON>
	</effect>
	<effect id="Material459-effect">
		<profile_COMMON>
			<technique sid="common">
				<phong>
					<diffuse>
						<color sid="diffuse">
1 1 1 1 </color>
					</diffuse>
				</phong>
			</technique>
		</profile_COMMON>
	</effect>
	<effect id="Material460-effect">
		<profile_COMMON>
			<technique sid="common">
				<phong>
					<diffuse>
						<color sid="diffuse">
1 1 1 1 </color>
					</diffuse>
				</phong>
			</technique>
		</profile_COMMON>
	</effect>
	<effect id="Material461-effect">
		<profile_COMMON>
			<technique sid="common">
				<phong>
					<diffuse>
						<color sid="diffuse">
1 1 1 1 </color>
					</diffuse>
				</phong>
			</technique>
		</profile_COMMON>
	</effect>
	<effect id="Material462-effect">
		<profile_COMMON>
			<technique sid="common">
				<phong>
					<diffuse>
						<color sid="diffuse">
1 1 1 1 </color>
					</diffuse>
				</phong>
			</technique>
		</profile_COMMON>
	</effect>
	<effect id="Material463-effect">
		<profile_COMMON>
			<technique sid="common">
				<phong>
					<diffuse>
						<color sid="diffuse">
1 1 1 1 </color>
					</diffuse>
				</phong>
			</technique>
		</profile_COMMON>
	</effect>
	<effect id="Material464-effect">
		<profile_COMMON>
			<technique sid="common">
				<phong>
					<diffuse>
						<color sid="diffuse">
1 1 1 1 </color>
					</diffuse>
				</phong>
			</technique>
		</profile_COMMON>
	</effect>
	<effect id="Material465-effect">
		<profile_COMMON>
			<technique sid="common">
				<phong>
					<diffuse>
						<color sid="diffuse">
1 1 1 1 </color>
					</diffuse>
				</phong>
			</technique>
		</profile_COMMON>
	</effect>
	<effect id="Material466-effect">
		<profile_COMMON>
			<technique sid="common">
				<phong>
					<diffuse>
						<color sid="diffuse">
1 1 1 1 </color>
					</diffuse>
				</phong>
			</technique>
		</profile_COMMON>
	</effect>
</library_effects>
<library_materials>
	<material id="Material0">
		<instance_effect url="#Material0-effect"/>
	</material>
	<material id="Material1">
		<instance_effect url="#Material1-effect"/>
	</material>
	<material id="Material2">
		<instance_effect url="#Material2-effect"/>
	</material>
	<material id="Material3">
		<instance_effect url="#Material3-effect"/>
	</material>
	<material id="Material4">
		<instance_effect url="#Material4-effect"/>
	</material>
	<material id="Material5">
		<instance_effect url="#Material5-effect"/>
	</material>
	<material id="Material6">
		<instance_effect url="#Material6-effect"/>
	</material>
	<material id="Material7">
		<instance_effect url="#Material7-effect"/>
	</material>
	<material id="Material8">
		<instance_effect url="#Material8-effect"/>
	</material>
	<material id="Material9">
		<instance_effect url="#Material9-effect"/>
	</material>
	<material id="Material10">
		<instance_effect url="#Material10-effect"/>
	</material>
	<material id="Material11">
		<instance_effect url="#Material11-effect"/>
	</material>
	<material id="Material12">
		<instance_effect url="#Material12-effect"/>
	</material>
	<material id="Material13">
		<instance_effect url="#Material13-effect"/>
	</material>
	<material id="Material14">
		<instance_effect url="#Material14-effect"/>
	</material>
	<material id="Material15">
		<instance_effect url="#Material15-effect"/>
	</material>
	<material id="Material16">
		<instance_effect url="#Material16-effect"/>
	</material>
	<material id="Material17">
		<instance_effect url="#Material17-effect"/>
	</material>
	<material id="Material18">
		<instance_effect url="#Material18-effect"/>
	</material>
	<material id="Material19">
		<instance_effect url="#Material19-effect"/>
	</material>
	<material id="Material20">
		<instance_effect url="#Material20-effect"/>
	</material>
	<material id="Material21">
		<instance_effect url="#Material21-effect"/>
	</material>
	<material id="Material22">
		<instance_effect url="#Material22-effect"/>
	</material>
	<material id="Material23">
		<instance_effect url="#Material23-effect"/>
	</material>
	<material id="Material24">
		<instance_effect url="#Material24-effect"/>
	</material>
	<material id="Material25">
		<instance_effect url="#Material25-effect"/>
	</material>
	<material id="Material26">
		<instance_effect url="#Material26-effect"/>
	</material>
	<material id="Material27">
		<instance_effect url="#Material27-effect"/>
	</material>
	<material id="Material28">
		<instance_effect url="#Material28-effect"/>
	</material>
	<material id="Material29">
		<instance_effect url="#Material29-effect"/>
	</material>
	<material id="Material30">
		<instance_effect url="#Material30-effect"/>
	</material>
	<material id="Material31">
		<instance_effect url="#Material31-effect"/>
	</material>
	<material id="Material32">
		<instance_effect url="#Material32-effect"/>
	</material>
	<material id="Material33">
		<instance_effect url="#Material33-effect"/>
	</material>
	<material id="Material34">
		<instance_effect url="#Material34-effect"/>
	</material>
	<material id="Material35">
		<instance_effect url="#Material35-effect"/>
	</material>
	<material id="Material36">
		<instance_effect url="#Material36-effect"/>
	</material>
	<material id="Material37">
		<instance_effect url="#Material37-effect"/>
	</material>
	<material id="Material38">
		<instance_effect url="#Material38-effect"/>
	</material>
	<material id="Material39">
		<instance_effect url="#Material39-effect"/>
	</material>
	<material id="Material40">
		<instance_effect url="#Material40-effect"/>
	</material>
	<material id="Material41">
		<instance_effect url="#Material41-effect"/>
	</material>
	<material id="Material42">
		<instance_effect url="#Material42-effect"/>
	</material>
	<material id="Material43">
		<instance_effect url="#Material43-effect"/>
	</material>
	<material id="Material44">
		<instance_effect url="#Material44-effect"/>
	</material>
	<material id="Material45">
		<instance_effect url="#Material45-effect"/>
	</material>
	<material id="Material46">
		<instance_effect url="#Material46-effect"/>
	</material>
	<material id="Material47">
		<instance_effect url="#Material47-effect"/>
	</material>
	<material id="Material48">
		<instance_effect url="#Material48-effect"/>
	</material>
	<material id="Material49">
		<instance_effect url="#Material49-effect"/>
	</material>
	<material id="Material50">
		<instance_effect url="#Material50-effect"/>
	</material>
	<material id="Material51">
		<instance_effect url="#Material51-effect"/>
	</material>
	<material id="Material52">
		<instance_effect url="#Material52-effect"/>
	</material>
	<material id="Material53">
		<instance_effect url="#Material53-effect"/>
	</material>
	<material id="Material54">
		<instance_effect url="#Material54-effect"/>
	</material>
	<material id="Material55">
		<instance_effect url="#Material55-effect"/>
	</material>
	<material id="Material56">
		<instance_effect url="#Material56-effect"/>
	</material>
	<material id="Material57">
		<instance_effect url="#Material57-effect"/>
	</material>
	<material id="Material58">
		<instance_effect url="#Material58-effect"/>
	</material>
	<material id="Material59">
		<instance_effect url="#Material59-effect"/>
	</material>
	<material id="Material60">
		<instance_effect url="#Material60-effect"/>
	</material>
	<material id="Material61">
		<instance_effect url="#Material61-effect"/>
	</material>
	<material id="Material62">
		<instance_effect url="#Material62-effect"/>
	</material>
	<material id="Material63">
		<instance_effect url="#Material63-effect"/>
	</material>
	<material id="Material64">
		<instance_effect url="#Material64-effect"/>
	</material>
	<material id="Material65">
		<instance_effect url="#Material65-effect"/>
	</material>
	<material id="Material66">
		<instance_effect url="#Material66-effect"/>
	</material>
	<material id="Material67">
		<instance_effect url="#Material67-effect"/>
	</material>
	<material id="Material68">
		<instance_effect url="#Material68-effect"/>
	</material>
	<material id="Material69">
		<instance_effect url="#Material69-effect"/>
	</material>
	<material id="Material70">
		<instance_effect url="#Material70-effect"/>
	</material>
	<material id="Material71">
		<instance_effect url="#Material71-effect"/>
	</material>
	<material id="Material72">
		<instance_effect url="#Material72-effect"/>
	</material>
	<material id="Material73">
		<instance_effect url="#Material73-effect"/>
	</material>
	<material id="Material74">
		<instance_effect url="#Material74-effect"/>
	</material>
	<material id="Material75">
		<instance_effect url="#Material75-effect"/>
	</material>
	<material id="Material76">
		<instance_effect url="#Material76-effect"/>
	</material>
	<material id="Material77">
		<instance_effect url="#Material77-effect"/>
	</material>
	<material id="Material78">
		<instance_effect url="#Material78-effect"/>
	</material>
	<material id="Material79">
		<instance_effect url="#Material79-effect"/>
	</material>
	<material id="Material80">
		<instance_effect url="#Material80-effect"/>
	</material>
	<material id="Material81">
		<instance_effect url="#Material81-effect"/>
	</material>
	<material id="Material82">
		<instance_effect url="#Material82-effect"/>
	</material>
	<material id="Material83">
		<instance_effect url="#Material83-effect"/>
	</material>
	<material id="Material84">
		<instance_effect url="#Material84-effect"/>
	</material>
	<material id="Material85">
		<instance_effect url="#Material85-effect"/>
	</material>
	<material id="Material86">
		<instance_effect url="#Material86-effect"/>
	</material>
	<material id="Material87">
		<instance_effect url="#Material87-effect"/>
	</material>
	<material id="Material88">
		<instance_effect url="#Material88-effect"/>
	</material>
	<material id="Material89">
		<instance_effect url="#Material89-effect"/>
	</material>
	<material id="Material90">
		<instance_effect url="#Material90-effect"/>
	</material>
	<material id="Material91">
		<instance_effect url="#Material91-effect"/>
	</material>
	<material id="Material92">
		<instance_effect url="#Material92-effect"/>
	</material>
	<material id="Material93">
		<instance_effect url="#Material93-effect"/>
	</material>
	<material id="Material94">
		<instance_effect url="#Material94-effect"/>
	</material>
	<material id="Material95">
		<instance_effect url="#Material95-effect"/>
	</material>
	<material id="Material96">
		<instance_effect url="#Material96-effect"/>
	</material>
	<material id="Material97">
		<instance_effect url="#Material97-effect"/>
	</material>
	<material id="Material98">
		<instance_effect url="#Material98-effect"/>
	</material>
	<material id="Material99">
		<instance_effect url="#Material99-effect"/>
	</material>
	<material id="Material100">
		<instance_effect url="#Material100-effect"/>
	</material>
	<material id="Material101">
		<instance_effect url="#Material101-effect"/>
	</material>
	<material id="Material102">
		<instance_effect url="#Material102-effect"/>
	</material>
	<material id="Material103">
		<instance_effect url="#Material103-effect"/>
	</material>
	<material id="Material104">
		<instance_effect url="#Material104-effect"/>
	</material>
	<material id="Material105">
		<instance_effect url="#Material105-effect"/>
	</material>
	<material id="Material106">
		<instance_effect url="#Material106-effect"/>
	</material>
	<material id="Material107">
		<instance_effect url="#Material107-effect"/>
	</material>
	<material id="Material108">
		<instance_effect url="#Material108-effect"/>
	</material>
	<material id="Material109">
		<instance_effect url="#Material109-effect"/>
	</material>
	<material id="Material110">
		<instance_effect url="#Material110-effect"/>
	</material>
	<material id="Material111">
		<instance_effect url="#Material111-effect"/>
	</material>
	<material id="Material112">
		<instance_effect url="#Material112-effect"/>
	</material>
	<material id="Material113">
		<instance_effect url="#Material113-effect"/>
	</material>
	<material id="Material114">
		<instance_effect url="#Material114-effect"/>
	</material>
	<material id="Material115">
		<instance_effect url="#Material115-effect"/>
	</material>
	<material id="Material116">
		<instance_effect url="#Material116-effect"/>
	</material>
	<material id="Material117">
		<instance_effect url="#Material117-effect"/>
	</material>
	<material id="Material118">
		<instance_effect url="#Material118-effect"/>
	</material>
	<material id="Material119">
		<instance_effect url="#Material119-effect"/>
	</material>
	<material id="Material120">
		<instance_effect url="#Material120-effect"/>
	</material>
	<material id="Material121">
		<instance_effect url="#Material121-effect"/>
	</material>
	<material id="Material122">
		<instance_effect url="#Material122-effect"/>
	</material>
	<material id="Material123">
		<instance_effect url="#Material123-effect"/>
	</material>
	<material id="Material124">
		<instance_effect url="#Material124-effect"/>
	</material>
	<material id="Material125">
		<instance_effect url="#Material125-effect"/>
	</material>
	<material id="Material126">
		<instance_effect url="#Material126-effect"/>
	</material>
	<material id="Material127">
		<instance_effect url="#Material127-effect"/>
	</material>
	<material id="Material128">
		<instance_effect url="#Material128-effect"/>
	</material>
	<material id="Material129">
		<instance_effect url="#Material129-effect"/>
	</material>
	<material id="Material130">
		<instance_effect url="#Material130-effect"/>
	</material>
	<material id="Material131">
		<instance_effect url="#Material131-effect"/>
	</material>
	<material id="Material132">
		<instance_effect url="#Material132-effect"/>
	</material>
	<material id="Material133">
		<instance_effect url="#Material133-effect"/>
	</material>
	<material id="Material134">
		<instance_effect url="#Material134-effect"/>
	</material>
	<material id="Material135">
		<instance_effect url="#Material135-effect"/>
	</material>
	<material id="Material136">
		<instance_effect url="#Material136-effect"/>
	</material>
	<material id="Material137">
		<instance_effect url="#Material137-effect"/>
	</material>
	<material id="Material138">
		<instance_effect url="#Material138-effect"/>
	</material>
	<material id="Material139">
		<instance_effect url="#Material139-effect"/>
	</material>
	<material id="Material140">
		<instance_effect url="#Material140-effect"/>
	</material>
	<material id="Material141">
		<instance_effect url="#Material141-effect"/>
	</material>
	<material id="Material142">
		<instance_effect url="#Material142-effect"/>
	</material>
	<material id="Material143">
		<instance_effect url="#Material143-effect"/>
	</material>
	<material id="Material144">
		<instance_effect url="#Material144-effect"/>
	</material>
	<material id="Material145">
		<instance_effect url="#Material145-effect"/>
	</material>
	<material id="Material146">
		<instance_effect url="#Material146-effect"/>
	</material>
	<material id="Material147">
		<instance_effect url="#Material147-effect"/>
	</material>
	<material id="Material148">
		<instance_effect url="#Material148-effect"/>
	</material>
	<material id="Material149">
		<instance_effect url="#Material149-effect"/>
	</material>
	<material id="Material150">
		<instance_effect url="#Material150-effect"/>
	</material>
	<material id="Material151">
		<instance_effect url="#Material151-effect"/>
	</material>
	<material id="Material152">
		<instance_effect url="#Material152-effect"/>
	</material>
	<material id="Material153">
		<instance_effect url="#Material153-effect"/>
	</material>
	<material id="Material154">
		<instance_effect url="#Material154-effect"/>
	</material>
	<material id="Material155">
		<instance_effect url="#Material155-effect"/>
	</material>
	<material id="Material156">
		<instance_effect url="#Material156-effect"/>
	</material>
	<material id="Material157">
		<instance_effect url="#Material157-effect"/>
	</material>
	<material id="Material158">
		<instance_effect url="#Material158-effect"/>
	</material>
	<material id="Material159">
		<instance_effect url="#Material159-effect"/>
	</material>
	<material id="Material160">
		<instance_effect url="#Material160-effect"/>
	</material>
	<material id="Material161">
		<instance_effect url="#Material161-effect"/>
	</material>
	<material id="Material162">
		<instance_effect url="#Material162-effect"/>
	</material>
	<material id="Material163">
		<instance_effect url="#Material163-effect"/>
	</material>
	<material id="Material164">
		<instance_effect url="#Material164-effect"/>
	</material>
	<material id="Material165">
		<instance_effect url="#Material165-effect"/>
	</material>
	<material id="Material166">
		<instance_effect url="#Material166-effect"/>
	</material>
	<material id="Material167">
		<instance_effect url="#Material167-effect"/>
	</material>
	<material id="Material168">
		<instance_effect url="#Material168-effect"/>
	</material>
	<material id="Material169">
		<instance_effect url="#Material169-effect"/>
	</material>
	<material id="Material170">
		<instance_effect url="#Material170-effect"/>
	</material>
	<material id="Material171">
		<instance_effect url="#Material171-effect"/>
	</material>
	<material id="Material172">
		<instance_effect url="#Material172-effect"/>
	</material>
	<material id="Material173">
		<instance_effect url="#Material173-effect"/>
	</material>
	<material id="Material174">
		<instance_effect url="#Material174-effect"/>
	</material>
	<material id="Material175">
		<instance_effect url="#Material175-effect"/>
	</material>
	<material id="Material176">
		<instance_effect url="#Material176-effect"/>
	</material>
	<material id="Material177">
		<instance_effect url="#Material177-effect"/>
	</material>
	<material id="Material178">
		<instance_effect url="#Material178-effect"/>
	</material>
	<material id="Material179">
		<instance_effect url="#Material179-effect"/>
	</material>
	<material id="Material180">
		<instance_effect url="#Material180-effect"/>
	</material>
	<material id="Material181">
		<instance_effect url="#Material181-effect"/>
	</material>
	<material id="Material182">
		<instance_effect url="#Material182-effect"/>
	</material>
	<material id="Material183">
		<instance_effect url="#Material183-effect"/>
	</material>
	<material id="Material184">
		<instance_effect url="#Material184-effect"/>
	</material>
	<material id="Material185">
		<instance_effect url="#Material185-effect"/>
	</material>
	<material id="Material186">
		<instance_effect url="#Material186-effect"/>
	</material>
	<material id="Material187">
		<instance_effect url="#Material187-effect"/>
	</material>
	<material id="Material188">
		<instance_effect url="#Material188-effect"/>
	</material>
	<material id="Material189">
		<instance_effect url="#Material189-effect"/>
	</material>
	<material id="Material190">
		<instance_effect url="#Material190-effect"/>
	</material>
	<material id="Material191">
		<instance_effect url="#Material191-effect"/>
	</material>
	<material id="Material192">
		<instance_effect url="#Material192-effect"/>
	</material>
	<material id="Material193">
		<instance_effect url="#Material193-effect"/>
	</material>
	<material id="Material194">
		<instance_effect url="#Material194-effect"/>
	</material>
	<material id="Material195">
		<instance_effect url="#Material195-effect"/>
	</material>
	<material id="Material196">
		<instance_effect url="#Material196-effect"/>
	</material>
	<material id="Material197">
		<instance_effect url="#Material197-effect"/>
	</material>
	<material id="Material198">
		<instance_effect url="#Material198-effect"/>
	</material>
	<material id="Material199">
		<instance_effect url="#Material199-effect"/>
	</material>
	<material id="Material200">
		<instance_effect url="#Material200-effect"/>
	</material>
	<material id="Material201">
		<instance_effect url="#Material201-effect"/>
	</material>
	<material id="Material202">
		<instance_effect url="#Material202-effect"/>
	</material>
	<material id="Material203">
		<instance_effect url="#Material203-effect"/>
	</material>
	<material id="Material204">
		<instance_effect url="#Material204-effect"/>
	</material>
	<material id="Material205">
		<instance_effect url="#Material205-effect"/>
	</material>
	<material id="Material206">
		<instance_effect url="#Material206-effect"/>
	</material>
	<material id="Material207">
		<instance_effect url="#Material207-effect"/>
	</material>
	<material id="Material208">
		<instance_effect url="#Material208-effect"/>
	</material>
	<material id="Material209">
		<instance_effect url="#Material209-effect"/>
	</material>
	<material id="Material210">
		<instance_effect url="#Material210-effect"/>
	</material>
	<material id="Material211">
		<instance_effect url="#Material211-effect"/>
	</material>
	<material id="Material212">
		<instance_effect url="#Material212-effect"/>
	</material>
	<material id="Material213">
		<instance_effect url="#Material213-effect"/>
	</material>
	<material id="Material214">
		<instance_effect url="#Material214-effect"/>
	</material>
	<material id="Material215">
		<instance_effect url="#Material215-effect"/>
	</material>
	<material id="Material216">
		<instance_effect url="#Material216-effect"/>
	</material>
	<material id="Material217">
		<instance_effect url="#Material217-effect"/>
	</material>
	<material id="Material218">
		<instance_effect url="#Material218-effect"/>
	</material>
	<material id="Material219">
		<instance_effect url="#Material219-effect"/>
	</material>
	<material id="Material220">
		<instance_effect url="#Material220-effect"/>
	</material>
	<material id="Material221">
		<instance_effect url="#Material221-effect"/>
	</material>
	<material id="Material222">
		<instance_effect url="#Material222-effect"/>
	</material>
	<material id="Material223">
		<instance_effect url="#Material223-effect"/>
	</material>
	<material id="Material224">
		<instance_effect url="#Material224-effect"/>
	</material>
	<material id="Material225">
		<instance_effect url="#Material225-effect"/>
	</material>
	<material id="Material226">
		<instance_effect url="#Material226-effect"/>
	</material>
	<material id="Material227">
		<instance_effect url="#Material227-effect"/>
	</material>
	<material id="Material228">
		<instance_effect url="#Material228-effect"/>
	</material>
	<material id="Material229">
		<instance_effect url="#Material229-effect"/>
	</material>
	<material id="Material230">
		<instance_effect url="#Material230-effect"/>
	</material>
	<material id="Material231">
		<instance_effect url="#Material231-effect"/>
	</material>
	<material id="Material232">
		<instance_effect url="#Material232-effect"/>
	</material>
	<material id="Material233">
		<instance_effect url="#Material233-effect"/>
	</material>
	<material id="Material234">
		<instance_effect url="#Material234-effect"/>
	</material>
	<material id="Material235">
		<instance_effect url="#Material235-effect"/>
	</material>
	<material id="Material236">
		<instance_effect url="#Material236-effect"/>
	</material>
	<material id="Material237">
		<instance_effect url="#Material237-effect"/>
	</material>
	<material id="Material238">
		<instance_effect url="#Material238-effect"/>
	</material>
	<material id="Material239">
		<instance_effect url="#Material239-effect"/>
	</material>
	<material id="Material240">
		<instance_effect url="#Material240-effect"/>
	</material>
	<material id="Material241">
		<instance_effect url="#Material241-effect"/>
	</material>
	<material id="Material242">
		<instance_effect url="#Material242-effect"/>
	</material>
	<material id="Material243">
		<instance_effect url="#Material243-effect"/>
	</material>
	<material id="Material244">
		<instance_effect url="#Material244-effect"/>
	</material>
	<material id="Material245">
		<instance_effect url="#Material245-effect"/>
	</material>
	<material id="Material246">
		<instance_effect url="#Material246-effect"/>
	</material>
	<material id="Material247">
		<instance_effect url="#Material247-effect"/>
	</material>
	<material id="Material248">
		<instance_effect url="#Material248-effect"/>
	</material>
	<material id="Material249">
		<instance_effect url="#Material249-effect"/>
	</material>
	<material id="Material250">
		<instance_effect url="#Material250-effect"/>
	</material>
	<material id="Material251">
		<instance_effect url="#Material251-effect"/>
	</material>
	<material id="Material252">
		<instance_effect url="#Material252-effect"/>
	</material>
	<material id="Material253">
		<instance_effect url="#Material253-effect"/>
	</material>
	<material id="Material254">
		<instance_effect url="#Material254-effect"/>
	</material>
	<material id="Material255">
		<instance_effect url="#Material255-effect"/>
	</material>
	<material id="Material256">
		<instance_effect url="#Material256-effect"/>
	</material>
	<material id="Material257">
		<instance_effect url="#Material257-effect"/>
	</material>
	<material id="Material258">
		<instance_effect url="#Material258-effect"/>
	</material>
	<material id="Material259">
		<instance_effect url="#Material259-effect"/>
	</material>
	<material id="Material260">
		<instance_effect url="#Material260-effect"/>
	</material>
	<material id="Material261">
		<instance_effect url="#Material261-effect"/>
	</material>
	<material id="Material262">
		<instance_effect url="#Material262-effect"/>
	</material>
	<material id="Material263">
		<instance_effect url="#Material263-effect"/>
	</material>
	<material id="Material264">
		<instance_effect url="#Material264-effect"/>
	</material>
	<material id="Material265">
		<instance_effect url="#Material265-effect"/>
	</material>
	<material id="Material266">
		<instance_effect url="#Material266-effect"/>
	</material>
	<material id="Material267">
		<instance_effect url="#Material267-effect"/>
	</material>
	<material id="Material268">
		<instance_effect url="#Material268-effect"/>
	</material>
	<material id="Material269">
		<instance_effect url="#Material269-effect"/>
	</material>
	<material id="Material270">
		<instance_effect url="#Material270-effect"/>
	</material>
	<material id="Material271">
		<instance_effect url="#Material271-effect"/>
	</material>
	<material id="Material272">
		<instance_effect url="#Material272-effect"/>
	</material>
	<material id="Material273">
		<instance_effect url="#Material273-effect"/>
	</material>
	<material id="Material274">
		<instance_effect url="#Material274-effect"/>
	</material>
	<material id="Material275">
		<instance_effect url="#Material275-effect"/>
	</material>
	<material id="Material276">
		<instance_effect url="#Material276-effect"/>
	</material>
	<material id="Material277">
		<instance_effect url="#Material277-effect"/>
	</material>
	<material id="Material278">
		<instance_effect url="#Material278-effect"/>
	</material>
	<material id="Material279">
		<instance_effect url="#Material279-effect"/>
	</material>
	<material id="Material280">
		<instance_effect url="#Material280-effect"/>
	</material>
	<material id="Material281">
		<instance_effect url="#Material281-effect"/>
	</material>
	<material id="Material282">
		<instance_effect url="#Material282-effect"/>
	</material>
	<material id="Material283">
		<instance_effect url="#Material283-effect"/>
	</material>
	<material id="Material284">
		<instance_effect url="#Material284-effect"/>
	</material>
	<material id="Material285">
		<instance_effect url="#Material285-effect"/>
	</material>
	<material id="Material286">
		<instance_effect url="#Material286-effect"/>
	</material>
	<material id="Material287">
		<instance_effect url="#Material287-effect"/>
	</material>
	<material id="Material288">
		<instance_effect url="#Material288-effect"/>
	</material>
	<material id="Material289">
		<instance_effect url="#Material289-effect"/>
	</material>
	<material id="Material290">
		<instance_effect url="#Material290-effect"/>
	</material>
	<material id="Material291">
		<instance_effect url="#Material291-effect"/>
	</material>
	<material id="Material292">
		<instance_effect url="#Material292-effect"/>
	</material>
	<material id="Material293">
		<instance_effect url="#Material293-effect"/>
	</material>
	<material id="Material294">
		<instance_effect url="#Material294-effect"/>
	</material>
	<material id="Material295">
		<instance_effect url="#Material295-effect"/>
	</material>
	<material id="Material296">
		<instance_effect url="#Material296-effect"/>
	</material>
	<material id="Material297">
		<instance_effect url="#Material297-effect"/>
	</material>
	<material id="Material298">
		<instance_effect url="#Material298-effect"/>
	</material>
	<material id="Material299">
		<instance_effect url="#Material299-effect"/>
	</material>
	<material id="Material300">
		<instance_effect url="#Material300-effect"/>
	</material>
	<material id="Material301">
		<instance_effect url="#Material301-effect"/>
	</material>
	<material id="Material302">
		<instance_effect url="#Material302-effect"/>
	</material>
	<material id="Material303">
		<instance_effect url="#Material303-effect"/>
	</material>
	<material id="Material304">
		<instance_effect url="#Material304-effect"/>
	</material>
	<material id="Material305">
		<instance_effect url="#Material305-effect"/>
	</material>
	<material id="Material306">
		<instance_effect url="#Material306-effect"/>
	</material>
	<material id="Material307">
		<instance_effect url="#Material307-effect"/>
	</material>
	<material id="Material308">
		<instance_effect url="#Material308-effect"/>
	</material>
	<material id="Material309">
		<instance_effect url="#Material309-effect"/>
	</material>
	<material id="Material310">
		<instance_effect url="#Material310-effect"/>
	</material>
	<material id="Material311">
		<instance_effect url="#Material311-effect"/>
	</material>
	<material id="Material312">
		<instance_effect url="#Material312-effect"/>
	</material>
	<material id="Material313">
		<instance_effect url="#Material313-effect"/>
	</material>
	<material id="Material314">
		<instance_effect url="#Material314-effect"/>
	</material>
	<material id="Material315">
		<instance_effect url="#Material315-effect"/>
	</material>
	<material id="Material316">
		<instance_effect url="#Material316-effect"/>
	</material>
	<material id="Material317">
		<instance_effect url="#Material317-effect"/>
	</material>
	<material id="Material318">
		<instance_effect url="#Material318-effect"/>
	</material>
	<material id="Material319">
		<instance_effect url="#Material319-effect"/>
	</material>
	<material id="Material320">
		<instance_effect url="#Material320-effect"/>
	</material>
	<material id="Material321">
		<instance_effect url="#Material321-effect"/>
	</material>
	<material id="Material322">
		<instance_effect url="#Material322-effect"/>
	</material>
	<material id="Material323">
		<instance_effect url="#Material323-effect"/>
	</material>
	<material id="Material324">
		<instance_effect url="#Material324-effect"/>
	</material>
	<material id="Material325">
		<instance_effect url="#Material325-effect"/>
	</material>
	<material id="Material326">
		<instance_effect url="#Material326-effect"/>
	</material>
	<material id="Material327">
		<instance_effect url="#Material327-effect"/>
	</material>
	<material id="Material328">
		<instance_effect url="#Material328-effect"/>
	</material>
	<material id="Material329">
		<instance_effect url="#Material329-effect"/>
	</material>
	<material id="Material330">
		<instance_effect url="#Material330-effect"/>
	</material>
	<material id="Material331">
		<instance_effect url="#Material331-effect"/>
	</material>
	<material id="Material332">
		<instance_effect url="#Material332-effect"/>
	</material>
	<material id="Material333">
		<instance_effect url="#Material333-effect"/>
	</material>
	<material id="Material334">
		<instance_effect url="#Material334-effect"/>
	</material>
	<material id="Material335">
		<instance_effect url="#Material335-effect"/>
	</material>
	<material id="Material336">
		<instance_effect url="#Material336-effect"/>
	</material>
	<material id="Material337">
		<instance_effect url="#Material337-effect"/>
	</material>
	<material id="Material338">
		<instance_effect url="#Material338-effect"/>
	</material>
	<material id="Material339">
		<instance_effect url="#Material339-effect"/>
	</material>
	<material id="Material340">
		<instance_effect url="#Material340-effect"/>
	</material>
	<material id="Material341">
		<instance_effect url="#Material341-effect"/>
	</material>
	<material id="Material342">
		<instance_effect url="#Material342-effect"/>
	</material>
	<material id="Material343">
		<instance_effect url="#Material343-effect"/>
	</material>
	<material id="Material344">
		<instance_effect url="#Material344-effect"/>
	</material>
	<material id="Material345">
		<instance_effect url="#Material345-effect"/>
	</material>
	<material id="Material346">
		<instance_effect url="#Material346-effect"/>
	</material>
	<material id="Material347">
		<instance_effect url="#Material347-effect"/>
	</material>
	<material id="Material348">
		<instance_effect url="#Material348-effect"/>
	</material>
	<material id="Material349">
		<instance_effect url="#Material349-effect"/>
	</material>
	<material id="Material350">
		<instance_effect url="#Material350-effect"/>
	</material>
	<material id="Material351">
		<instance_effect url="#Material351-effect"/>
	</material>
	<material id="Material352">
		<instance_effect url="#Material352-effect"/>
	</material>
	<material id="Material353">
		<instance_effect url="#Material353-effect"/>
	</material>
	<material id="Material354">
		<instance_effect url="#Material354-effect"/>
	</material>
	<material id="Material355">
		<instance_effect url="#Material355-effect"/>
	</material>
	<material id="Material356">
		<instance_effect url="#Material356-effect"/>
	</material>
	<material id="Material357">
		<instance_effect url="#Material357-effect"/>
	</material>
	<material id="Material358">
		<instance_effect url="#Material358-effect"/>
	</material>
	<material id="Material359">
		<instance_effect url="#Material359-effect"/>
	</material>
	<material id="Material360">
		<instance_effect url="#Material360-effect"/>
	</material>
	<material id="Material361">
		<instance_effect url="#Material361-effect"/>
	</material>
	<material id="Material362">
		<instance_effect url="#Material362-effect"/>
	</material>
	<material id="Material363">
		<instance_effect url="#Material363-effect"/>
	</material>
	<material id="Material364">
		<instance_effect url="#Material364-effect"/>
	</material>
	<material id="Material365">
		<instance_effect url="#Material365-effect"/>
	</material>
	<material id="Material366">
		<instance_effect url="#Material366-effect"/>
	</material>
	<material id="Material367">
		<instance_effect url="#Material367-effect"/>
	</material>
	<material id="Material368">
		<instance_effect url="#Material368-effect"/>
	</material>
	<material id="Material369">
		<instance_effect url="#Material369-effect"/>
	</material>
	<material id="Material370">
		<instance_effect url="#Material370-effect"/>
	</material>
	<material id="Material371">
		<instance_effect url="#Material371-effect"/>
	</material>
	<material id="Material372">
		<instance_effect url="#Material372-effect"/>
	</material>
	<material id="Material373">
		<instance_effect url="#Material373-effect"/>
	</material>
	<material id="Material374">
		<instance_effect url="#Material374-effect"/>
	</material>
	<material id="Material375">
		<instance_effect url="#Material375-effect"/>
	</material>
	<material id="Material376">
		<instance_effect url="#Material376-effect"/>
	</material>
	<material id="Material377">
		<instance_effect url="#Material377-effect"/>
	</material>
	<material id="Material378">
		<instance_effect url="#Material378-effect"/>
	</material>
	<material id="Material379">
		<instance_effect url="#Material379-effect"/>
	</material>
	<material id="Material380">
		<instance_effect url="#Material380-effect"/>
	</material>
	<material id="Material381">
		<instance_effect url="#Material381-effect"/>
	</material>
	<material id="Material382">
		<instance_effect url="#Material382-effect"/>
	</material>
	<material id="Material383">
		<instance_effect url="#Material383-effect"/>
	</material>
	<material id="Material384">
		<instance_effect url="#Material384-effect"/>
	</material>
	<material id="Material385">
		<instance_effect url="#Material385-effect"/>
	</material>
	<material id="Material386">
		<instance_effect url="#Material386-effect"/>
	</material>
	<material id="Material387">
		<instance_effect url="#Material387-effect"/>
	</material>
	<material id="Material388">
		<instance_effect url="#Material388-effect"/>
	</material>
	<material id="Material389">
		<instance_effect url="#Material389-effect"/>
	</material>
	<material id="Material390">
		<instance_effect url="#Material390-effect"/>
	</material>
	<material id="Material391">
		<instance_effect url="#Material391-effect"/>
	</material>
	<material id="Material392">
		<instance_effect url="#Material392-effect"/>
	</material>
	<material id="Material393">
		<instance_effect url="#Material393-effect"/>
	</material>
	<material id="Material394">
		<instance_effect url="#Material394-effect"/>
	</material>
	<material id="Material395">
		<instance_effect url="#Material395-effect"/>
	</material>
	<material id="Material396">
		<instance_effect url="#Material396-effect"/>
	</material>
	<material id="Material397">
		<instance_effect url="#Material397-effect"/>
	</material>
	<material id="Material398">
		<instance_effect url="#Material398-effect"/>
	</material>
	<material id="Material399">
		<instance_effect url="#Material399-effect"/>
	</material>
	<material id="Material400">
		<instance_effect url="#Material400-effect"/>
	</material>
	<material id="Material401">
		<instance_effect url="#Material401-effect"/>
	</material>
	<material id="Material402">
		<instance_effect url="#Material402-effect"/>
	</material>
	<material id="Material403">
		<instance_effect url="#Material403-effect"/>
	</material>
	<material id="Material404">
		<instance_effect url="#Material404-effect"/>
	</material>
	<material id="Material405">
		<instance_effect url="#Material405-effect"/>
	</material>
	<material id="Material406">
		<instance_effect url="#Material406-effect"/>
	</material>
	<material id="Material407">
		<instance_effect url="#Material407-effect"/>
	</material>
	<material id="Material408">
		<instance_effect url="#Material408-effect"/>
	</material>
	<material id="Material409">
		<instance_effect url="#Material409-effect"/>
	</material>
	<material id="Material410">
		<instance_effect url="#Material410-effect"/>
	</material>
	<material id="Material411">
		<instance_effect url="#Material411-effect"/>
	</material>
	<material id="Material412">
		<instance_effect url="#Material412-effect"/>
	</material>
	<material id="Material413">
		<instance_effect url="#Material413-effect"/>
	</material>
	<material id="Material414">
		<instance_effect url="#Material414-effect"/>
	</material>
	<material id="Material415">
		<instance_effect url="#Material415-effect"/>
	</material>
	<material id="Material416">
		<instance_effect url="#Material416-effect"/>
	</material>
	<material id="Material417">
		<instance_effect url="#Material417-effect"/>
	</material>
	<material id="Material418">
		<instance_effect url="#Material418-effect"/>
	</material>
	<material id="Material419">
		<instance_effect url="#Material419-effect"/>
	</material>
	<material id="Material420">
		<instance_effect url="#Material420-effect"/>
	</material>
	<material id="Material421">
		<instance_effect url="#Material421-effect"/>
	</material>
	<material id="Material422">
		<instance_effect url="#Material422-effect"/>
	</material>
	<material id="Material423">
		<instance_effect url="#Material423-effect"/>
	</material>
	<material id="Material424">
		<instance_effect url="#Material424-effect"/>
	</material>
	<material id="Material425">
		<instance_effect url="#Material425-effect"/>
	</material>
	<material id="Material426">
		<instance_effect url="#Material426-effect"/>
	</material>
	<material id="Material427">
		<instance_effect url="#Material427-effect"/>
	</material>
	<material id="Material428">
		<instance_effect url="#Material428-effect"/>
	</material>
	<material id="Material429">
		<instance_effect url="#Material429-effect"/>
	</material>
	<material id="Material430">
		<instance_effect url="#Material430-effect"/>
	</material>
	<material id="Material431">
		<instance_effect url="#Material431-effect"/>
	</material>
	<material id="Material432">
		<instance_effect url="#Material432-effect"/>
	</material>
	<material id="Material433">
		<instance_effect url="#Material433-effect"/>
	</material>
	<material id="Material434">
		<instance_effect url="#Material434-effect"/>
	</material>
	<material id="Material435">
		<instance_effect url="#Material435-effect"/>
	</material>
	<material id="Material436">
		<instance_effect url="#Material436-effect"/>
	</material>
	<material id="Material437">
		<instance_effect url="#Material437-effect"/>
	</material>
	<material id="Material438">
		<instance_effect url="#Material438-effect"/>
	</material>
	<material id="Material439">
		<instance_effect url="#Material439-effect"/>
	</material>
	<material id="Material440">
		<instance_effect url="#Material440-effect"/>
	</material>
	<material id="Material441">
		<instance_effect url="#Material441-effect"/>
	</material>
	<material id="Material442">
		<instance_effect url="#Material442-effect"/>
	</material>
	<material id="Material443">
		<instance_effect url="#Material443-effect"/>
	</material>
	<material id="Material444">
		<instance_effect url="#Material444-effect"/>
	</material>
	<material id="Material445">
		<instance_effect url="#Material445-effect"/>
	</material>
	<material id="Material446">
		<instance_effect url="#Material446-effect"/>
	</material>
	<material id="Material447">
		<instance_effect url="#Material447-effect"/>
	</material>
	<material id="Material448">
		<instance_effect url="#Material448-effect"/>
	</material>
	<material id="Material449">
		<instance_effect url="#Material449-effect"/>
	</material>
	<material id="Material450">
		<instance_effect url="#Material450-effect"/>
	</material>
	<material id="Material451">
		<instance_effect url="#Material451-effect"/>
	</material>
	<material id="Material452">
		<instance_effect url="#Material452-effect"/>
	</material>
	<material id="Material453">
		<instance_effect url="#Material453-effect"/>
	</material>
	<material id="Material454">
		<instance_effect url="#Material454-effect"/>
	</material>
	<material id="Material455">
		<instance_effect url="#Material455-effect"/>
	</material>
	<material id="Material456">
		<instance_effect url="#Material456-effect"/>
	</material>
	<material id="Material457">
		<instance_effect url="#Material457-effect"/>
	</material>
	<material id="Material458">
		<instance_effect url="#Material458-effect"/>
	</material>
	<material id="Material459">
		<instance_effect url="#Material459-effect"/>
	</material>
	<material id="Material460">
		<instance_effect url="#Material460-effect"/>
	</material>
	<material id="Material461">
		<instance_effect url="#Material461-effect"/>
	</material>
	<material id="Material462">
		<instance_effect url="#Material462-effect"/>
	</material>
	<material id="Material463">
		<instance_effect url="#Material463-effect"/>
	</material>
	<material id="Material464">
		<instance_effect url="#Material464-effect"/>
	</material>
	<material id="Material465">
		<instance_effect url="#Material465-effect"/>
	</material>
	<material id="Material466">
		<instance_effect url="#Material466-effect"/>
	</material>
</library_materials>
<library_visual_scenes>
	<visual_scene id="Scene">
		<node id="CRTA_zgrada_v1" name="CRTA_zgrada_v1">
			<instance_geometry url="#Body0">
				<bind_material>
					<technique_common>
						<instance_material symbol="Material0" target="#Material0"/>
						<instance_material symbol="Material1" target="#Material1"/>
						<instance_material symbol="Material10" target="#Material10"/>
						<instance_material symbol="Material11" target="#Material11"/>
						<instance_material symbol="Material12" target="#Material12"/>
						<instance_material symbol="Material13" target="#Material13"/>
						<instance_material symbol="Material14" target="#Material14"/>
						<instance_material symbol="Material15" target="#Material15"/>
						<instance_material symbol="Material16" target="#Material16"/>
						<instance_material symbol="Material17" target="#Material17"/>
						<instance_material symbol="Material18" target="#Material18"/>
						<instance_material symbol="Material19" target="#Material19"/>
						<instance_material symbol="Material2" target="#Material2"/>
						<instance_material symbol="Material20" target="#Material20"/>
						<instance_material symbol="Material21" target="#Material21"/>
						<instance_material symbol="Material3" target="#Material3"/>
						<instance_material symbol="Material4" target="#Material4"/>
						<instance_material symbol="Material5" target="#Material5"/>
						<instance_material symbol="Material6" target="#Material6"/>
						<instance_material symbol="Material7" target="#Material7"/>
						<instance_material symbol="Material8" target="#Material8"/>
						<instance_material symbol="Material9" target="#Material9"/>
					</technique_common>
				</bind_material>
			</instance_geometry>
			<instance_geometry url="#Body1">
				<bind_material>
					<technique_common>
						<instance_material symbol="Material22" target="#Material22"/>
						<instance_material symbol="Material23" target="#Material23"/>
						<instance_material symbol="Material24" target="#Material24"/>
						<instance_material symbol="Material25" target="#Material25"/>
						<instance_material symbol="Material26" target="#Material26"/>
						<instance_material symbol="Material27" target="#Material27"/>
					</technique_common>
				</bind_material>
			</instance_geometry>
			<instance_geometry url="#Body2">
				<bind_material>
					<technique_common>
						<instance_material symbol="Material100" target="#Material100"/>
						<instance_material symbol="Material101" target="#Material101"/>
						<instance_material symbol="Material102" target="#Material102"/>
						<instance_material symbol="Material103" target="#Material103"/>
						<instance_material symbol="Material104" target="#Material104"/>
						<instance_material symbol="Material105" target="#Material105"/>
						<instance_material symbol="Material106" target="#Material106"/>
						<instance_material symbol="Material107" target="#Material107"/>
						<instance_material symbol="Material108" target="#Material108"/>
						<instance_material symbol="Material109" target="#Material109"/>
						<instance_material symbol="Material110" target="#Material110"/>
						<instance_material symbol="Material111" target="#Material111"/>
						<instance_material symbol="Material112" target="#Material112"/>
						<instance_material symbol="Material113" target="#Material113"/>
						<instance_material symbol="Material114" target="#Material114"/>
						<instance_material symbol="Material115" target="#Material115"/>
						<instance_material symbol="Material116" target="#Material116"/>
						<instance_material symbol="Material117" target="#Material117"/>
						<instance_material symbol="Material118" target="#Material118"/>
						<instance_material symbol="Material119" target="#Material119"/>
						<instance_material symbol="Material120" target="#Material120"/>
						<instance_material symbol="Material121" target="#Material121"/>
						<instance_material symbol="Material122" target="#Material122"/>
						<instance_material symbol="Material123" target="#Material123"/>
						<instance_material symbol="Material124" target="#Material124"/>
						<instance_material symbol="Material125" target="#Material125"/>
						<instance_material symbol="Material126" target="#Material126"/>
						<instance_material symbol="Material127" target="#Material127"/>
						<instance_material symbol="Material128" target="#Material128"/>
						<instance_material symbol="Material129" target="#Material129"/>
						<instance_material symbol="Material130" target="#Material130"/>
						<instance_material symbol="Material131" target="#Material131"/>
						<instance_material symbol="Material132" target="#Material132"/>
						<instance_material symbol="Material133" target="#Material133"/>
						<instance_material symbol="Material134" target="#Material134"/>
						<instance_material symbol="Material135" target="#Material135"/>
						<instance_material symbol="Material136" target="#Material136"/>
						<instance_material symbol="Material137" target="#Material137"/>
						<instance_material symbol="Material138" target="#Material138"/>
						<instance_material symbol="Material139" target="#Material139"/>
						<instance_material symbol="Material140" target="#Material140"/>
						<instance_material symbol="Material141" target="#Material141"/>
						<instance_material symbol="Material142" target="#Material142"/>
						<instance_material symbol="Material143" target="#Material143"/>
						<instance_material symbol="Material144" target="#Material144"/>
						<instance_material symbol="Material145" target="#Material145"/>
						<instance_material symbol="Material146" target="#Material146"/>
						<instance_material symbol="Material147" target="#Material147"/>
						<instance_material symbol="Material148" target="#Material148"/>
						<instance_material symbol="Material149" target="#Material149"/>
						<instance_material symbol="Material150" target="#Material150"/>
						<instance_material symbol="Material151" target="#Material151"/>
						<instance_material symbol="Material152" target="#Material152"/>
						<instance_material symbol="Material153" target="#Material153"/>
						<instance_material symbol="Material154" target="#Material154"/>
						<instance_material symbol="Material155" target="#Material155"/>
						<instance_material symbol="Material156" target="#Material156"/>
						<instance_material symbol="Material157" target="#Material157"/>
						<instance_material symbol="Material158" target="#Material158"/>
						<instance_material symbol="Material159" target="#Material159"/>
						<instance_material symbol="Material160" target="#Material160"/>
						<instance_material symbol="Material161" target="#Material161"/>
						<instance_material symbol="Material162" target="#Material162"/>
						<instance_material symbol="Material163" target="#Material163"/>
						<instance_material symbol="Material164" target="#Material164"/>
						<instance_material symbol="Material165" target="#Material165"/>
						<instance_material symbol="Material166" target="#Material166"/>
						<instance_material symbol="Material167" target="#Material167"/>
						<instance_material symbol="Material168" target="#Material168"/>
						<instance_material symbol="Material169" target="#Material169"/>
						<instance_material symbol="Material170" target="#Material170"/>
						<instance_material symbol="Material171" target="#Material171"/>
						<instance_material symbol="Material172" target="#Material172"/>
						<instance_material symbol="Material173" target="#Material173"/>
						<instance_material symbol="Material174" target="#Material174"/>
						<instance_material symbol="Material175" target="#Material175"/>
						<instance_material symbol="Material176" target="#Material176"/>
						<instance_material symbol="Material177" target="#Material177"/>
						<instance_material symbol="Material178" target="#Material178"/>
						<instance_material symbol="Material179" target="#Material179"/>
						<instance_material symbol="Material180" target="#Material180"/>
						<instance_material symbol="Material181" target="#Material181"/>
						<instance_material symbol="Material182" target="#Material182"/>
						<instance_material symbol="Material183" target="#Material183"/>
						<instance_material symbol="Material184" target="#Material184"/>
						<instance_material symbol="Material185" target="#Material185"/>
						<instance_material symbol="Material186" target="#Material186"/>
						<instance_material symbol="Material187" target="#Material187"/>
						<instance_material symbol="Material188" target="#Material188"/>
						<instance_material symbol="Material189" target="#Material189"/>
						<instance_material symbol="Material190" target="#Material190"/>
						<instance_material symbol="Material191" target="#Material191"/>
						<instance_material symbol="Material192" target="#Material192"/>
						<instance_material symbol="Material193" target="#Material193"/>
						<instance_material symbol="Material194" target="#Material194"/>
						<instance_material symbol="Material195" target="#Material195"/>
						<instance_material symbol="Material196" target="#Material196"/>
						<instance_material symbol="Material197" target="#Material197"/>
						<instance_material symbol="Material198" target="#Material198"/>
						<instance_material symbol="Material199" target="#Material199"/>
						<instance_material symbol="Material200" target="#Material200"/>
						<instance_material symbol="Material201" target="#Material201"/>
						<instance_material symbol="Material202" target="#Material202"/>
						<instance_material symbol="Material203" target="#Material203"/>
						<instance_material symbol="Material204" target="#Material204"/>
						<instance_material symbol="Material205" target="#Material205"/>
						<instance_material symbol="Material206" target="#Material206"/>
						<instance_material symbol="Material207" target="#Material207"/>
						<instance_material symbol="Material208" target="#Material208"/>
						<instance_material symbol="Material209" target="#Material209"/>
						<instance_material symbol="Material210" target="#Material210"/>
						<instance_material symbol="Material211" target="#Material211"/>
						<instance_material symbol="Material212" target="#Material212"/>
						<instance_material symbol="Material213" target="#Material213"/>
						<instance_material symbol="Material214" target="#Material214"/>
						<instance_material symbol="Material215" target="#Material215"/>
						<instance_material symbol="Material216" target="#Material216"/>
						<instance_material symbol="Material217" target="#Material217"/>
						<instance_material symbol="Material218" target="#Material218"/>
						<instance_material symbol="Material219" target="#Material219"/>
						<instance_material symbol="Material220" target="#Material220"/>
						<instance_material symbol="Material221" target="#Material221"/>
						<instance_material symbol="Material222" target="#Material222"/>
						<instance_material symbol="Material223" target="#Material223"/>
						<instance_material symbol="Material224" target="#Material224"/>
						<instance_material symbol="Material225" target="#Material225"/>
						<instance_material symbol="Material226" target="#Material226"/>
						<instance_material symbol="Material227" target="#Material227"/>
						<instance_material symbol="Material228" target="#Material228"/>
						<instance_material symbol="Material229" target="#Material229"/>
						<instance_material symbol="Material230" target="#Material230"/>
						<instance_material symbol="Material231" target="#Material231"/>
						<instance_material symbol="Material232" target="#Material232"/>
						<instance_material symbol="Material233" target="#Material233"/>
						<instance_material symbol="Material234" target="#Material234"/>
						<instance_material symbol="Material235" target="#Material235"/>
						<instance_material symbol="Material236" target="#Material236"/>
						<instance_material symbol="Material237" target="#Material237"/>
						<instance_material symbol="Material238" target="#Material238"/>
						<instance_material symbol="Material239" target="#Material239"/>
						<instance_material symbol="Material240" target="#Material240"/>
						<instance_material symbol="Material241" target="#Material241"/>
						<instance_material symbol="Material242" target="#Material242"/>
						<instance_material symbol="Material243" target="#Material243"/>
						<instance_material symbol="Material244" target="#Material244"/>
						<instance_material symbol="Material245" target="#Material245"/>
						<instance_material symbol="Material246" target="#Material246"/>
						<instance_material symbol="Material247" target="#Material247"/>
						<instance_material symbol="Material248" target="#Material248"/>
						<instance_material symbol="Material249" target="#Material249"/>
						<instance_material symbol="Material250" target="#Material250"/>
						<instance_material symbol="Material251" target="#Material251"/>
						<instance_material symbol="Material252" target="#Material252"/>
						<instance_material symbol="Material253" target="#Material253"/>
						<instance_material symbol="Material254" target="#Material254"/>
						<instance_material symbol="Material255" target="#Material255"/>
						<instance_material symbol="Material256" target="#Material256"/>
						<instance_material symbol="Material257" target="#Material257"/>
						<instance_material symbol="Material258" target="#Material258"/>
						<instance_material symbol="Material259" target="#Material259"/>
						<instance_material symbol="Material260" target="#Material260"/>
						<instance_material symbol="Material261" target="#Material261"/>
						<instance_material symbol="Material262" target="#Material262"/>
						<instance_material symbol="Material263" target="#Material263"/>
						<instance_material symbol="Material264" target="#Material264"/>
						<instance_material symbol="Material265" target="#Material265"/>
						<instance_material symbol="Material266" target="#Material266"/>
						<instance_material symbol="Material267" target="#Material267"/>
						<instance_material symbol="Material268" target="#Material268"/>
						<instance_material symbol="Material269" target="#Material269"/>
						<instance_material symbol="Material270" target="#Material270"/>
						<instance_material symbol="Material271" target="#Material271"/>
						<instance_material symbol="Material272" target="#Material272"/>
						<instance_material symbol="Material273" target="#Material273"/>
						<instance_material symbol="Material274" target="#Material274"/>
						<instance_material symbol="Material275" target="#Material275"/>
						<instance_material symbol="Material276" target="#Material276"/>
						<instance_material symbol="Material277" target="#Material277"/>
						<instance_material symbol="Material278" target="#Material278"/>
						<instance_material symbol="Material279" target="#Material279"/>
						<instance_material symbol="Material28" target="#Material28"/>
						<instance_material symbol="Material280" target="#Material280"/>
						<instance_material symbol="Material281" target="#Material281"/>
						<instance_material symbol="Material282" target="#Material282"/>
						<instance_material symbol="Material283" target="#Material283"/>
						<instance_material symbol="Material284" target="#Material284"/>
						<instance_material symbol="Material285" target="#Material285"/>
						<instance_material symbol="Material286" target="#Material286"/>
						<instance_material symbol="Material287" target="#Material287"/>
						<instance_material symbol="Material288" target="#Material288"/>
						<instance_material symbol="Material289" target="#Material289"/>
						<instance_material symbol="Material29" target="#Material29"/>
						<instance_material symbol="Material290" target="#Material290"/>
						<instance_material symbol="Material291" target="#Material291"/>
						<instance_material symbol="Material292" target="#Material292"/>
						<instance_material symbol="Material293" target="#Material293"/>
						<instance_material symbol="Material294" target="#Material294"/>
						<instance_material symbol="Material295" target="#Material295"/>
						<instance_material symbol="Material296" target="#Material296"/>
						<instance_material symbol="Material297" target="#Material297"/>
						<instance_material symbol="Material298" target="#Material298"/>
						<instance_material symbol="Material299" target="#Material299"/>
						<instance_material symbol="Material30" target="#Material30"/>
						<instance_material symbol="Material300" target="#Material300"/>
						<instance_material symbol="Material301" target="#Material301"/>
						<instance_material symbol="Material302" target="#Material302"/>
						<instance_material symbol="Material303" target="#Material303"/>
						<instance_material symbol="Material304" target="#Material304"/>
						<instance_material symbol="Material31" target="#Material31"/>
						<instance_material symbol="Material32" target="#Material32"/>
						<instance_material symbol="Material33" target="#Material33"/>
						<instance_material symbol="Material34" target="#Material34"/>
						<instance_material symbol="Material35" target="#Material35"/>
						<instance_material symbol="Material36" target="#Material36"/>
						<instance_material symbol="Material37" target="#Material37"/>
						<instance_material symbol="Material38" target="#Material38"/>
						<instance_material symbol="Material39" target="#Material39"/>
						<instance_material symbol="Material40" target="#Material40"/>
						<instance_material symbol="Material41" target="#Material41"/>
						<instance_material symbol="Material42" target="#Material42"/>
						<instance_material symbol="Material43" target="#Material43"/>
						<instance_material symbol="Material44" target="#Material44"/>
						<instance_material symbol="Material45" target="#Material45"/>
						<instance_material symbol="Material46" target="#Material46"/>
						<instance_material symbol="Material47" target="#Material47"/>
						<instance_material symbol="Material48" target="#Material48"/>
						<instance_material symbol="Material49" target="#Material49"/>
						<instance_material symbol="Material50" target="#Material50"/>
						<instance_material symbol="Material51" target="#Material51"/>
						<instance_material symbol="Material52" target="#Material52"/>
						<instance_material symbol="Material53" target="#Material53"/>
						<instance_material symbol="Material54" target="#Material54"/>
						<instance_material symbol="Material55" target="#Material55"/>
						<instance_material symbol="Material56" target="#Material56"/>
						<instance_material symbol="Material57" target="#Material57"/>
						<instance_material symbol="Material58" target="#Material58"/>
						<instance_material symbol="Material59" target="#Material59"/>
						<instance_material symbol="Material60" target="#Material60"/>
						<instance_material symbol="Material61" target="#Material61"/>
						<instance_material symbol="Material62" target="#Material62"/>
						<instance_material symbol="Material63" target="#Material63"/>
						<instance_material symbol="Material64" target="#Material64"/>
						<instance_material symbol="Material65" target="#Material65"/>
						<instance_material symbol="Material66" target="#Material66"/>
						<instance_material symbol="Material67" target="#Material67"/>
						<instance_material symbol="Material68" target="#Material68"/>
						<instance_material symbol="Material69" target="#Material69"/>
						<instance_material symbol="Material70" target="#Material70"/>
						<instance_material symbol="Material71" target="#Material71"/>
						<instance_material symbol="Material72" target="#Material72"/>
						<instance_material symbol="Material73" target="#Material73"/>
						<instance_material symbol="Material74" target="#Material74"/>
						<instance_material symbol="Material75" target="#Material75"/>
						<instance_material symbol="Material76" target="#Material76"/>
						<instance_material symbol="Material77" target="#Material77"/>
						<instance_material symbol="Material78" target="#Material78"/>
						<instance_material symbol="Material79" target="#Material79"/>
						<instance_material symbol="Material80" target="#Material80"/>
						<instance_material symbol="Material81" target="#Material81"/>
						<instance_material symbol="Material82" target="#Material82"/>
						<instance_material symbol="Material83" target="#Material83"/>
						<instance_material symbol="Material84" target="#Material84"/>
						<instance_material symbol="Material85" target="#Material85"/>
						<instance_material symbol="Material86" target="#Material86"/>
						<instance_material symbol="Material87" target="#Material87"/>
						<instance_material symbol="Material88" target="#Material88"/>
						<instance_material symbol="Material89" target="#Material89"/>
						<instance_material symbol="Material90" target="#Material90"/>
						<instance_material symbol="Material91" target="#Material91"/>
						<instance_material symbol="Material92" target="#Material92"/>
						<instance_material symbol="Material93" target="#Material93"/>
						<instance_material symbol="Material94" target="#Material94"/>
						<instance_material symbol="Material95" target="#Material95"/>
						<instance_material symbol="Material96" target="#Material96"/>
						<instance_material symbol="Material97" target="#Material97"/>
						<instance_material symbol="Material98" target="#Material98"/>
						<instance_material symbol="Material99" target="#Material99"/>
					</technique_common>
				</bind_material>
			</instance_geometry>
			<instance_geometry url="#Body3">
				<bind_material>
					<technique_common>
						<instance_material symbol="Material305" target="#Material305"/>
						<instance_material symbol="Material306" target="#Material306"/>
						<instance_material symbol="Material307" target="#Material307"/>
						<instance_material symbol="Material308" target="#Material308"/>
						<instance_material symbol="Material309" target="#Material309"/>
						<instance_material symbol="Material310" target="#Material310"/>
					</technique_common>
				</bind_material>
			</instance_geometry>
			<instance_geometry url="#Body4">
				<bind_material>
					<technique_common>
						<instance_material symbol="Material311" target="#Material311"/>
						<instance_material symbol="Material312" target="#Material312"/>
						<instance_material symbol="Material313" target="#Material313"/>
						<instance_material symbol="Material314" target="#Material314"/>
						<instance_material symbol="Material315" target="#Material315"/>
						<instance_material symbol="Material316" target="#Material316"/>
					</technique_common>
				</bind_material>
			</instance_geometry>
			<instance_geometry url="#Body5">
				<bind_material>
					<technique_common>
						<instance_material symbol="Material317" target="#Material317"/>
						<instance_material symbol="Material318" target="#Material318"/>
						<instance_material symbol="Material319" target="#Material319"/>
						<instance_material symbol="Material320" target="#Material320"/>
						<instance_material symbol="Material321" target="#Material321"/>
						<instance_material symbol="Material322" target="#Material322"/>
					</technique_common>
				</bind_material>
			</instance_geometry>
			<instance_geometry url="#Body6">
				<bind_material>
					<technique_common>
						<instance_material symbol="Material323" target="#Material323"/>
						<instance_material symbol="Material324" target="#Material324"/>
						<instance_material symbol="Material325" target="#Material325"/>
						<instance_material symbol="Material326" target="#Material326"/>
						<instance_material symbol="Material327" target="#Material327"/>
						<instance_material symbol="Material328" target="#Material328"/>
					</technique_common>
				</bind_material>
			</instance_geometry>
			<instance_geometry url="#Body7">
				<bind_material>
					<technique_common>
						<instance_material symbol="Material329" target="#Material329"/>
						<instance_material symbol="Material330" target="#Material330"/>
						<instance_material symbol="Material331" target="#Material331"/>
						<instance_material symbol="Material332" target="#Material332"/>
						<instance_material symbol="Material333" target="#Material333"/>
						<instance_material symbol="Material334" target="#Material334"/>
					</technique_common>
				</bind_material>
			</instance_geometry>
			<instance_geometry url="#Body8">
				<bind_material>
					<technique_common>
						<instance_material symbol="Material335" target="#Material335"/>
						<instance_material symbol="Material336" target="#Material336"/>
						<instance_material symbol="Material337" target="#Material337"/>
						<instance_material symbol="Material338" target="#Material338"/>
						<instance_material symbol="Material339" target="#Material339"/>
						<instance_material symbol="Material340" target="#Material340"/>
					</technique_common>
				</bind_material>
			</instance_geometry>
			<instance_geometry url="#Body9">
				<bind_material>
					<technique_common>
						<instance_material symbol="Material341" target="#Material341"/>
						<instance_material symbol="Material342" target="#Material342"/>
						<instance_material symbol="Material343" target="#Material343"/>
						<instance_material symbol="Material344" target="#Material344"/>
						<instance_material symbol="Material345" target="#Material345"/>
						<instance_material symbol="Material346" target="#Material346"/>
					</technique_common>
				</bind_material>
			</instance_geometry>
			<instance_geometry url="#Body10">
				<bind_material>
					<technique_common>
						<instance_material symbol="Material347" target="#Material347"/>
						<instance_material symbol="Material348" target="#Material348"/>
						<instance_material symbol="Material349" target="#Material349"/>
						<instance_material symbol="Material350" target="#Material350"/>
						<instance_material symbol="Material351" target="#Material351"/>
						<instance_material symbol="Material352" target="#Material352"/>
					</technique_common>
				</bind_material>
			</instance_geometry>
			<instance_geometry url="#Body11">
				<bind_material>
					<technique_common>
						<instance_material symbol="Material353" target="#Material353"/>
						<instance_material symbol="Material354" target="#Material354"/>
						<instance_material symbol="Material355" target="#Material355"/>
						<instance_material symbol="Material356" target="#Material356"/>
						<instance_material symbol="Material357" target="#Material357"/>
						<instance_material symbol="Material358" target="#Material358"/>
					</technique_common>
				</bind_material>
			</instance_geometry>
			<instance_geometry url="#Body12">
				<bind_material>
					<technique_common>
						<instance_material symbol="Material359" target="#Material359"/>
						<instance_material symbol="Material360" target="#Material360"/>
						<instance_material symbol="Material361" target="#Material361"/>
						<instance_material symbol="Material362" target="#Material362"/>
						<instance_material symbol="Material363" target="#Material363"/>
						<instance_material symbol="Material364" target="#Material364"/>
					</technique_common>
				</bind_material>
			</instance_geometry>
			<instance_geometry url="#Body13">
				<bind_material>
					<technique_common>
						<instance_material symbol="Material365" target="#Material365"/>
						<instance_material symbol="Material366" target="#Material366"/>
						<instance_material symbol="Material367" target="#Material367"/>
						<instance_material symbol="Material368" target="#Material368"/>
						<instance_material symbol="Material369" target="#Material369"/>
						<instance_material symbol="Material370" target="#Material370"/>
					</technique_common>
				</bind_material>
			</instance_geometry>
			<instance_geometry url="#Body14">
				<bind_material>
					<technique_common>
						<instance_material symbol="Material371" target="#Material371"/>
						<instance_material symbol="Material372" target="#Material372"/>
						<instance_material symbol="Material373" target="#Material373"/>
						<instance_material symbol="Material374" target="#Material374"/>
						<instance_material symbol="Material375" target="#Material375"/>
						<instance_material symbol="Material376" target="#Material376"/>
					</technique_common>
				</bind_material>
			</instance_geometry>
			<instance_geometry url="#Body15">
				<bind_material>
					<technique_common>
						<instance_material symbol="Material377" target="#Material377"/>
						<instance_material symbol="Material378" target="#Material378"/>
						<instance_material symbol="Material379" target="#Material379"/>
						<instance_material symbol="Material380" target="#Material380"/>
						<instance_material symbol="Material381" target="#Material381"/>
						<instance_material symbol="Material382" target="#Material382"/>
					</technique_common>
				</bind_material>
			</instance_geometry>
			<instance_geometry url="#Body16">
				<bind_material>
					<technique_common>
						<instance_material symbol="Material383" target="#Material383"/>
						<instance_material symbol="Material384" target="#Material384"/>
						<instance_material symbol="Material385" target="#Material385"/>
						<instance_material symbol="Material386" target="#Material386"/>
						<instance_material symbol="Material387" target="#Material387"/>
						<instance_material symbol="Material388" target="#Material388"/>
					</technique_common>
				</bind_material>
			</instance_geometry>
			<instance_geometry url="#Body17">
				<bind_material>
					<technique_common>
						<instance_material symbol="Material389" target="#Material389"/>
						<instance_material symbol="Material390" target="#Material390"/>
						<instance_material symbol="Material391" target="#Material391"/>
						<instance_material symbol="Material392" target="#Material392"/>
						<instance_material symbol="Material393" target="#Material393"/>
						<instance_material symbol="Material394" target="#Material394"/>
					</technique_common>
				</bind_material>
			</instance_geometry>
			<instance_geometry url="#Body18">
				<bind_material>
					<technique_common>
						<instance_material symbol="Material395" target="#Material395"/>
						<instance_material symbol="Material396" target="#Material396"/>
						<instance_material symbol="Material397" target="#Material397"/>
						<instance_material symbol="Material398" target="#Material398"/>
						<instance_material symbol="Material399" target="#Material399"/>
						<instance_material symbol="Material400" target="#Material400"/>
					</technique_common>
				</bind_material>
			</instance_geometry>
			<instance_geometry url="#Body19">
				<bind_material>
					<technique_common>
						<instance_material symbol="Material401" target="#Material401"/>
						<instance_material symbol="Material402" target="#Material402"/>
						<instance_material symbol="Material403" target="#Material403"/>
						<instance_material symbol="Material404" target="#Material404"/>
						<instance_material symbol="Material405" target="#Material405"/>
						<instance_material symbol="Material406" target="#Material406"/>
					</technique_common>
				</bind_material>
			</instance_geometry>
			<instance_geometry url="#Body20">
				<bind_material>
					<technique_common>
						<instance_material symbol="Material407" target="#Material407"/>
						<instance_material symbol="Material408" target="#Material408"/>
						<instance_material symbol="Material409" target="#Material409"/>
						<instance_material symbol="Material410" target="#Material410"/>
						<instance_material symbol="Material411" target="#Material411"/>
						<instance_material symbol="Material412" target="#Material412"/>
					</technique_common>
				</bind_material>
			</instance_geometry>
			<instance_geometry url="#Body21">
				<bind_material>
					<technique_common>
						<instance_material symbol="Material413" target="#Material413"/>
						<instance_material symbol="Material414" target="#Material414"/>
						<instance_material symbol="Material415" target="#Material415"/>
						<instance_material symbol="Material416" target="#Material416"/>
						<instance_material symbol="Material417" target="#Material417"/>
						<instance_material symbol="Material418" target="#Material418"/>
					</technique_common>
				</bind_material>
			</instance_geometry>
			<instance_geometry url="#Body22">
				<bind_material>
					<technique_common>
						<instance_material symbol="Material419" target="#Material419"/>
						<instance_material symbol="Material420" target="#Material420"/>
						<instance_material symbol="Material421" target="#Material421"/>
						<instance_material symbol="Material422" target="#Material422"/>
						<instance_material symbol="Material423" target="#Material423"/>
						<instance_material symbol="Material424" target="#Material424"/>
					</technique_common>
				</bind_material>
			</instance_geometry>
			<instance_geometry url="#Body23">
				<bind_material>
					<technique_common>
						<instance_material symbol="Material425" target="#Material425"/>
						<instance_material symbol="Material426" target="#Material426"/>
						<instance_material symbol="Material427" target="#Material427"/>
						<instance_material symbol="Material428" target="#Material428"/>
						<instance_material symbol="Material429" target="#Material429"/>
						<instance_material symbol="Material430" target="#Material430"/>
					</technique_common>
				</bind_material>
			</instance_geometry>
			<instance_geometry url="#Body24">
				<bind_material>
					<technique_common>
						<instance_material symbol="Material431" target="#Material431"/>
						<instance_material symbol="Material432" target="#Material432"/>
						<instance_material symbol="Material433" target="#Material433"/>
						<instance_material symbol="Material434" target="#Material434"/>
						<instance_material symbol="Material435" target="#Material435"/>
						<instance_material symbol="Material436" target="#Material436"/>
					</technique_common>
				</bind_material>
			</instance_geometry>
			<instance_geometry url="#Body25">
				<bind_material>
					<technique_common>
						<instance_material symbol="Material437" target="#Material437"/>
						<instance_material symbol="Material438" target="#Material438"/>
						<instance_material symbol="Material439" target="#Material439"/>
						<instance_material symbol="Material440" target="#Material440"/>
						<instance_material symbol="Material441" target="#Material441"/>
						<instance_material symbol="Material442" target="#Material442"/>
					</technique_common>
				</bind_material>
			</instance_geometry>
			<instance_geometry url="#Body26">
				<bind_material>
					<technique_common>
						<instance_material symbol="Material443" target="#Material443"/>
						<instance_material symbol="Material444" target="#Material444"/>
						<instance_material symbol="Material445" target="#Material445"/>
						<instance_material symbol="Material446" target="#Material446"/>
						<instance_material symbol="Material447" target="#Material447"/>
						<instance_material symbol="Material448" target="#Material448"/>
					</technique_common>
				</bind_material>
			</instance_geometry>
			<instance_geometry url="#Body27">
				<bind_material>
					<technique_common>
						<instance_material symbol="Material449" target="#Material449"/>
						<instance_material symbol="Material450" target="#Material450"/>
						<instance_material symbol="Material451" target="#Material451"/>
						<instance_material symbol="Material452" target="#Material452"/>
						<instance_material symbol="Material453" target="#Material453"/>
						<instance_material symbol="Material454" target="#Material454"/>
					</technique_common>
				</bind_material>
			</instance_geometry>
			<instance_geometry url="#Body28">
				<bind_material>
					<technique_common>
						<instance_material symbol="Material455" target="#Material455"/>
						<instance_material symbol="Material456" target="#Material456"/>
						<instance_material symbol="Material457" target="#Material457"/>
						<instance_material symbol="Material458" target="#Material458"/>
						<instance_material symbol="Material459" target="#Material459"/>
						<instance_material symbol="Material460" target="#Material460"/>
					</technique_common>
				</bind_material>
			</instance_geometry>
			<instance_geometry url="#Body29">
				<bind_material>
					<technique_common>
						<instance_material symbol="Material461" target="#Material461"/>
						<instance_material symbol="Material462" target="#Material462"/>
						<instance_material symbol="Material463" target="#Material463"/>
						<instance_material symbol="Material464" target="#Material464"/>
						<instance_material symbol="Material465" target="#Material465"/>
						<instance_material symbol="Material466" target="#Material466"/>
					</technique_common>
				</bind_material>
			</instance_geometry>
		</node>
	</visual_scene>
</library_visual_scenes>
	<scene>
		<instance_visual_scene url="#Scene"/>
	</scene>
</COLLADA>
